/************ Made in Taiwan ************/

/************ 刪除自定NPC ************/
DELETE FROM `spawnlist` WHERE `id` > 820000 AND `id` < 880000;


/************ 修正32007加爾巴-釣魚會員 ************/
INSERT INTO `spawnlist` VALUES ('820001', '', '1', '32007', '140967', '-123600', '-1905', '0', '0', '11829', '60', '0', '0');
UPDATE `npc` SET `type` = 'L2Fisherman' WHERE `id` IN (32007);
UPDATE `npc` SET `rhand` = '7560' WHERE `id` IN (32007);
REPLACE INTO `merchant_shopids` VALUES (3200700,32007);
DELETE FROM `merchant_buylists` WHERE shop_id IN (3200700);
INSERT INTO `merchant_buylists` (`item_id`,`price`,`shop_id`,`order`) VALUES
(7807,-1,3200700,0),
(7808,-1,3200700,1),
(7809,-1,3200700,2),
(6520,-1,3200700,3),
(6523,-1,3200700,4),
(6526,-1,3200700,5),
(8506,-1,3200700,6),
(8509,-1,3200700,7),
(8512,-1,3200700,8),
(8484,-1,3200700,9),
(8485,-1,3200700,10),
(8486,-1,3200700,11),
(6529,-1,3200700,12),
(6530,-1,3200700,13),
(6531,-1,3200700,14),
(6532,-1,3200700,15),
(6533,-1,3200700,16),
(6534,-1,3200700,17),
(7561,-1,3200700,18),
(8193,-1,3200700,19),
(8194,-1,3200700,20),
(8195,-1,3200700,21),
(8196,-1,3200700,22),
(8197,-1,3200700,23),
(8198,-1,3200700,24),
(8199,-1,3200700,25),
(8200,-1,3200700,26),
(8202,-1,3200700,27);


/************ 修正虹彩根據地壺精的手鐲的技能 ************/
UPDATE `armor` SET `skill` = '3269-1;3267-1;5414-1;' WHERE `item_id` IN (10139);


/************ 增加頭飾的附加技能(祝福復活/祝福返回/大頭/煙火) ************/
UPDATE `armor` SET `skill` = '3263-1;' WHERE `item_id` IN (9177,9178,9179,9180,9181,9182,9183,10621,10625,10629);
UPDATE `armor` SET `skill` = '3264-1;' WHERE `item_id` IN (9184,9185,9186,9187,9188,9189,9190,10620,10624,10628,14753,14756,14759,14762);
UPDATE `armor` SET `skill` = '3265-1;' WHERE `item_id` IN (9191,9192,9193,9194,9195,9196,9197,10623,10627,10631,14754,14757,14760,14763);
UPDATE `armor` SET `skill` = '3266-1;' WHERE `item_id` IN (9198,9199,9200,9201,9202,9203,9204,9890,9891,9892,9893,9894,9895,9896,10622,10626,10630,14755,14758,14761,14764);
UPDATE `armor` SET `skill` = '21005-3;' WHERE `item_id` IN (20016);
UPDATE `armor` SET `skill` = '21006-1;21007-1;' WHERE `item_id` IN (20018);
UPDATE `armor` SET `skill` = '21004-1;' WHERE `item_id` IN (20019);


/************ 增加/修正/刪除NPC ************/
UPDATE `npc` SET `collision_radius` = '13.5', `collision_height` = '36.5' WHERE `id` IN (27323); -- 修正神的密使(任務怪物)
UPDATE `npc` SET `type` = 'L2VillageMaster' WHERE `id` IN (32191); -- 修正漢娜琳  宗師的NPC類型
UPDATE `npc` SET `type` = 'L2Adventurer' WHERE `id` IN (32074); -- 修正古魯丁分會長的NPC類型
UPDATE `npc` SET `type` = 'L2Npc', `collision_radius` = '9', `collision_height` = '16.5', `rhand` = '0' WHERE `id` IN (35417,35418); -- 修正地獄守門人
UPDATE `spawnlist` SET `npc_templateid` = '35440' WHERE `id` = 33771; -- 修正NPC ID:丹尼爾(根據地守門人)
DELETE FROM `spawnlist` WHERE `npc_templateid` IN (30880,30881,30882,30883,30884,30885,30886,30887,30888,30889); -- 刪除不存在的NPC
UPDATE `droplist` SET `mobId` = '21070' WHERE `mobId` IN (21071); -- 封印大天使

-- 加入維他命管理者
REPLACE INTO `spawnlist` VALUES
('810001', '', '1', '32478', '17735', '169802', '-3495', '0', '0', '19465', '60', '0', '0'); -- 獵人村莊

-- 修正NPC位置
REPLACE INTO `spawnlist` VALUES
('33472', 'oren16_npc2218_016', '1', '31605', '85692', '16400', '-2803', '0', '0', '38000', '60', '0', '0'),   -- 金斯雷(象牙塔)
('33485', 'oren17_npc2219_009', '1', '30676', '81655', '54737', '-1509', '0', '0', '24576', '60', '0', '0'),   -- 庫羅普(歐瑞倉庫)
('33594', 'innadril09_npc2324_23', '1', '31092', '114486', '217413', '-3631', '0', '0', '0', '60', '0', '0'),  -- 財富的地下商人(水上都市海音斯)
('33613', 'aden17_npc2317_01', '1', '31675', '111186', '-13261', '-1702', '0', '0', '13828', '60', '0', '0'),  -- 維克特 馮 德伊克(國境守備隊隊長)
('33614', 'aden17_npc2317_02', '1', '31679', '111532', '-17238', '-1702', '0', '0', '49586', '60', '0', '0'),  -- 尤斯特斯 馮 伊森(邊境警備隊隊長)
('33628', 'aden17_npc2317_03', '1', '31677', '111532', '-13266', '-1704', '0', '0', '14508', '60', '0', '0'),  -- 國境守備隊員
('33635', 'aden17_npc2317_03', '1', '31677', '111178', '-17234', '-1702', '0', '0', '46468', '60', '0', '0'),  -- 國境守備隊員
('51231', 'schuttgart', '1', '30767', '85792', '-142809', '-1341', '0', '0', '10508', '60', '0', '0'),         -- 拍賣管理者(修加特城鎮)
('51232', 'schuttgart', '1', '35558', '89344', '-141591', '-1541', '0', '0', '64817', '60', '0', '0');         -- 莊園管理員(修加特城鎮)

-- 加入漏掉的NPC
INSERT INTO `spawnlist` VALUES
('820002', '', '1', '35644', '116178', '-181602', '-1365', '0', '0', '0', '60', '0', '0'),      -- 莊園管理員(矮人村莊)
('820003', '', '1', '35645', '-44159', '-112229', '-239', '0', '0', '39768', '60', '0', '0'),   -- 莊園管理員(半獸人村莊)
('820004', '', '1', '32321', '147271', '28647', '-2268', '0', '0', '53514', '60', '0', '0'),    -- 道具仲介商(亞丁城鎮)
('820005', '', '1', '32071', '84432', '-144032', '-1538', '0', '0', '8764', '60', '0', '0'),    -- 琳達(修加特城鎮)
('820006', '', '1', '31691', '86123', '-145764', '-1292', '0', '0', '0', '60', '0', '0'),       -- 訓練用草人(修加特城鎮的戰士公會)
('820007', '', '1', '31691', '86123', '-145628', '-1295', '0', '0', '0', '60', '0', '0'),       -- 訓練用草人(修加特城鎮的戰士公會)
('820008', '', '1', '31691', '86123', '-145492', '-1292', '0', '0', '0', '60', '0', '0'),       -- 訓練用草人(修加特城鎮的戰士公會)
('820009', '', '1', '31691', '86123', '-145356', '-1292', '0', '0', '0', '60', '0', '0'),       -- 訓練用草人(修加特城鎮的戰士公會)
('820010', '', '1', '31691', '86123', '-145220', '-1292', '0', '0', '0', '60', '0', '0'),       -- 訓練用草人(修加特城鎮的戰士公會)
('820011', '', '1', '31691', '86315', '-145764', '-1292', '0', '0', '0', '60', '0', '0'),       -- 訓練用草人(修加特城鎮的戰士公會)
('820012', '', '1', '31691', '86315', '-145628', '-1292', '0', '0', '0', '60', '0', '0'),       -- 訓練用草人(修加特城鎮的戰士公會)
('820013', '', '1', '31691', '86315', '-145492', '-1295', '0', '0', '0', '60', '0', '0'),       -- 訓練用草人(修加特城鎮的戰士公會)
('820014', '', '1', '31691', '86315', '-145356', '-1292', '0', '0', '0', '60', '0', '0'),       -- 訓練用草人(修加特城鎮的戰士公會)
('820015', '', '1', '31691', '86315', '-145220', '-1292', '0', '0', '0', '60', '0', '0'),       -- 訓練用草人(修加特城鎮的戰士公會)
('820016', '', '1', '32469', '-111520', '41743', '2172', '0', '0', '30892', '60', '0', '0'),    -- 艾特伯格 副長老(闇天使村莊)
('820017', '', '1', '32119', '23707', '-19108', '-2815', '0', '0', '37776', '60', '0', '0'),    -- 烏魯 凱莫
('820018', '', '1', '32120', '27716', '-11685', '-2281', '0', '0', '31470', '60', '0', '0'),    -- 巴魯 凱莫
('820019', '', '1', '32121', '18714', '-9635', '-2790', '0', '0', '54407', '60', '0', '0'),     -- 裘太 凱莫
('820020', '', '1', '32109', '23666', '-7144', '-1134', '0', '0', '46433', '60', '0', '0'),     -- 席琳聖像
('820021', '', '1', '35601', '141085', '-124316', '-1868', '0', '0', '44789', '60', '0', '0'),  -- 守門人(虹彩泉根據地)
('820022', '', '1', '35601', '141152', '-124272', '-1864', '0', '0', '10000', '60', '0', '0'),  -- 守門人(虹彩泉根據地)
('820023', '', '1', '35602', '140704', '-124020', '-1904', '0', '0', '34000', '60', '0', '0'),  -- 守門人(虹彩泉根據地)
('820024', '', '1', '35602', '140732', '-123796', '-1904', '0', '0', '2000', '60', '0', '0'),   -- 守門人(虹彩泉根據地)
('820025', '', '1', '35603', '152924', '-126604', '-2304', '0', '0', '33000', '60', '0', '0'),  -- 入場管理員(虹彩泉根據地)
('820026', '', '1', '35604', '143944', '-119196', '-2136', '0', '0', '1000', '60', '0', '0'),   -- 傳令(虹彩泉根據地)
('820027', '', '1', '35605', '140824', '-124844', '-1864', '0', '0', '10000', '60', '0', '0'),  -- 安格特 執事(虹彩泉根據地)
('820028', '', '1', '35623', '59884', '-94204', '-1344', '0', '0', '27000', '60', '0', '0'),    -- 內城守門人(野獸農莊根據地)
('820029', '', '1', '35624', '59920', '-94336', '-1344', '0', '0', '60000', '60', '0', '0'),    -- 內城守門人(野獸農莊根據地)
('820030', '', '1', '35625', '55184', '-93040', '-1360', '0', '0', '35000', '60', '0', '0'),    -- 外城守門人(野獸農莊根據地)
('820031', '', '1', '35626', '55400', '-93008', '-1360', '0', '0', '30000', '60', '0', '0'),    -- 外城守門人(野獸農莊根據地)
('820032', '', '1', '35627', '53508', '-93776', '-1584', '0', '0', '36000', '60', '0', '0'),    -- 傳令(野獸農莊根據地)
('820033', '', '1', '35628', '60880', '-94320', '-1344', '0', '0', '27000', '60', '0', '0'),    -- 奎比亞 農場管理員(野獸農莊根據地)
('820034', '', '1', '35638', '56736', '-26400', '568', '0', '0', '49000', '60', '0', '0'),      -- 巴倫斯 飛龍管理員
('820035', '', '1', '35639', '58128', '-32000', '296', '0', '0', '0', '60', '0', '0'),          -- 傑卡德 傳令
('820036', '', '1', '35640', '58024', '-25744', '592', '0', '0', '49000', '60', '0', '0'),      -- 凡德羅 執事
('820037', '', '1', '35641', '58080', '-29552', '568', '0', '0', '49000', '60', '0', '0'),      -- 要塞守門人
('820038', '', '1', '35641', '58137', '-29223', '568', '0', '0', '16500', '60', '0', '0'),      -- 要塞守門人
('820039', '', '1', '35642', '58024', '-26456', '592', '0', '0', '49000', '60', '0', '0'),      -- 要塞守門人
('820040', '', '1', '35642', '58074', '-26325', '597', '0', '0', '15732', '60', '0', '0');      -- 要塞守門人

-- 加入地下競技場的入場管理員
DELETE FROM `spawnlist` WHERE `npc_templateid` IN (32377); -- 刪除地下競技場重複的入場管理員
UPDATE `npc` SET `type` = 'L2Teleporter' WHERE `id` IN (32503); -- 入場管理員 柯雷塔的晶體
INSERT INTO `spawnlist` VALUES
('830001', '', '1', '32491', '-82166', '-49176', '-10341', '0', '0', '31175', '60', '0', '0'),  -- 地下競技場助手
('830002', '', '1', '32503', '-70661', '-71066', '-1419', '0', '0', '49151', '60', '0', '0'),   -- 入場管理員 柯雷塔的晶體
('830003', '', '1', '32513', '-84640', '-45360', '-10728', '0', '0', '56156', '60', '0', '0'),  -- 孔     入場管理員
('830004', '', '1', '32514', '-77408', '-50656', '-10728', '0', '0', '29664', '60', '0', '0'),  -- 塔里翁 入場管理員
('830005', '', '1', '32515', '-81904', '-53904', '-10728', '0', '0', '17044', '60', '0', '0'),  -- 利歐   入場管理員
('830006', '', '1', '32516', '-86359', '-50593', '-10728', '0', '0', '3704', '60', '0', '0'),   -- 康丁斯 入場管理員
('830007', '', '1', '32377', '-79117', '-45433', '-10731', '0', '0', '40959', '60', '0', '0');  -- 庫朗   入場管理員

-- 加入移動到柯雷塔的晶體/各等級的地下競技場外面
REPLACE INTO `teleport` VALUES
('Fantasy Isle -> Underground Coliseum', '12060', '-82271', '-49196', '-10352', '0', '0'),
('Underground Coliseum -> Underground Coliseum LV40', '3249140', '-84451', '-45452', '-10728', '0', '0'),
('Underground Coliseum -> Underground Coliseum LV50', '3249150', '-86154', '-50429', '-10728', '0', '0'),
('Underground Coliseum -> Underground Coliseum LV60', '3249160', '-82009', '-53652', '-10728', '0', '0'),
('Underground Coliseum -> Underground Coliseum LV70', '3249170', '-77586', '-50503', '-10728', '0', '0'),
('Underground Coliseum -> Underground Coliseum LV00', '3249100', '-79309', '-45561', '-10728', '0', '0');

-- 加入地獄邊界的NPC (感謝 pmq 提供)
REPLACE INTO spawnlist VALUES
('850001', '', 1, 18466, 4681, 243922, -1930, 0, 0, 37373, 10, 0, 0),    -- 外廓警衛隊長
('850002', '', 1, 22326, -23961, 245615, -3138, 0, 0, 129600, 10, 0, 0), -- 海琳納克
('850003', '', 1, 32344, 13278, 282253, -9705, 0, 0, 49686, 10, 0, 0),   -- 陰沉碑石
('850004', '', 1, 32302, 13219, 282021, -7547, 0, 0, 50484, 10, 0, 0),   -- 塞良
('850005', '', 1, 32373, 17938, 283202, -9700, 0, 0, 9914, 10, 0, 0);    -- 多利安

REPLACE INTO `npc` VALUES
(18466, 18466, 'Outpost Captain', 0, '', 0, 'LineageMonster3.benom', 20.00, 56.00, 84, 'male', 'L2Monster', 90, 1282576, 3720, 300.00, 20.00, 60, 65, 70, 75, 70, 80, 2629657, 267913, 32578, 10675, 5907, 2146, 620, 0, 3820, 8203, 8203, 0, 0, 50, 280, 0, 13, 'FULL_PARTY', 'false'),
(22326, 22326, 'Hellinark', 0, 'Guardian of Naia', 0, 'LineageMonster.karik', 19.00, 90.00, 84, 'male', 'L2Monster', 60, 465488, 4355, 202.00, 10.00, 64, 66, 68, 62, 61, 58, 2629657, 267913, 28564, 3856, 12487, 5647, 590, 0, 3819, 0, 0, 0, 0, 40, 290, 0, 13, 'FULL_PARTY', 'false'),
(32362, 32362, 'Hellbound Native', 0, '', 0, 'LineageNPC.a_common_peopleC_Mhuman', 8.00, 23.50, 1, 'male', 'L2Npc', 40, 2444, 2444, 0.00, 0.00, 10, 10, 10, 10, 10, 10, 0, 0, 500, 500, 500, 500, 253, 0, 253, 0, 0, 0, 0, 80, 120, 0, 0, 'LAST_HIT', 'false');
REPLACE INTO `minions` VALUES (22448, 22451, 2, 2); -- 雷歐達斯 反抗軍指揮官
REPLACE INTO `minions` VALUES (22449, 22450, 8, 8); -- 亞邁士康里 拷問專家

                                  
/************ 修正BOSS ************/
REPLACE INTO `grandboss_data` VALUES
(29001, -21610, 181594, -5734, 0, 0, 152622, 334, 0),          -- 巨蟻女王
(29006, 17726, 108915, -6480, 0, 0, 413252, 1897, 0),          -- 核心
(29014, 55024, 17368, -5412, 10126, 0, 413252, 1897, 0),       -- 奧爾芬
(29019, 181323, 114850, -7618, 32542, 0, 13090000, 39960, 0),  -- 安塔瑞斯
(29020, 116067, 17484, 10110, 41740, 0, 3698520, 39960, 0),    -- 巴溫
(29022, 55312, 219168, -3223, 0, 0, 569941, 199800, 0),        -- 札肯
(29028, 212852, -114842, -1632, 833, 0, 16660000, 39960, 0),   -- 巴拉卡斯
(29065, -123348, -248881, -15537, 44732, 0, 1532678, 4255, 0), -- 賽爾蘭
(29099, 153569, 142075, -12732, 60025, 0, 1448567, 3718, 0);   -- 巴爾勒
UPDATE `npc` SET `aggro` = 500 WHERE `id` IN (29020,29022,29065);
UPDATE `npc` SET `aggro` = 800 WHERE `id` IN (29019,29028);
UPDATE `npc` SET `hp` = '13090000', `mp` = '39960' WHERE `id` IN (29019);
UPDATE `npc` SET `hp` = '3698520', `mp` = '39960' WHERE `id` IN (29020);
UPDATE `npc` SET `hp` = '16660000', `mp` = '39960' WHERE `id` IN (29028);
UPDATE `npc` SET `hp` = '1532678', `mp` = '4255', `type` = 'L2GrandBoss', `level` = '87' WHERE `id` IN (29065);
UPDATE `npc` SET `atkspd` = '540', `matkspd` = '253', `walkspd` = '80', `runspd` = '120' WHERE `id` IN (29099);
UPDATE `npc` SET `collision_radius` = '38.00', `collision_height` = '77.00' WHERE `id` IN (29108);
DELETE FROM `npcskills` Where `skillid` IN (5118);
REPLACE INTO `droplist` VALUES
(29099,6578,1,10,2,500000),
(29099,9458,1,1,1,300000),
(29099,9467,1,1,1,300000),
(29099,10170,1,1,1,1000000),
(29099,57,180000,220000,0,1000000);
REPLACE INTO `npcskills` VALUES
(29020,4127,1),
(29020,4128,1),
(29020,4129,1),
(29020,4130,1),
(29020,4131,1),
(29020,4256,1),
(29021,4133,1),
(29022,4216,1),
(29022,4217,1),
(29022,4218,1),
(29022,4219,1),
(29022,4220,1),
(29022,4221,1),
(29022,4222,1),
(29022,4223,1),
(29022,4224,1),
(29022,4227,1),
(29022,4242,1),
(29022,4258,1),
(29028,4679,1),
(29028,4681,1),
(29028,4682,1),
(29028,4683,1),
(29028,4684,1),
(29028,4685,1),
(29028,4688,1),
(29028,4689,1),
(29028,4690,1),
(29099,4298,1),
(29099,4422,5),
(29099,4789,1),
(29100,4305,1),
(25532,733,1),
(25532,734,1),
(25532,4418,5),
(25534,4419,5);


/************ 修正芙琳泰沙 ************/
REPLACE INTO `grandboss_data` VALUES (29045, 0, 0, 0, 0, 0, 0, 0, 0);
REPLACE INTO `npc` VALUES ('18328', '18328', 'Hall Alarm Device', '0', '', '0', 'NPC.grave_keeper_key', '8.00', '21.00', '80', 'male', 'L2Monster', '80', '1264000', '9999', '13.43', '3.09', '40', '43', '30', '21', '20', '10', '440000', '40000', '9000', '5000', '6000', '6000', '300', '0', '333', '0', '0', '0', '0', '0', '0', '0', '0', 'LAST_HIT', 'false');
REPLACE INTO `npc` VALUES ('18329', '18329', 'Hall Keeper Captain', '0', '', '0', 'Monster.death_lord', '21.00', '40.00', '80', 'male', 'L2Monster', '80', '23582', '9999', '13.43', '3.09', '40', '43', '30', '21', '20', '10', '440000', '40000', '9000', '5000', '6000', '6000', '300', '500', '333', '78', '0', '0', '0', '88', '132', '0', '0', 'LAST_HIT', 'false');
REPLACE INTO `npc` VALUES ('18330', '18330', 'Hall Keeper Wizard', '0', '', '0', 'Monster.vale_master', '12.00', '40.00', '80', 'male', 'L2Monster', '80', '18203', '9999', '13.43', '3.09', '40', '43', '30', '21', '20', '10', '440000', '40000', '9000', '5000', '6000', '6000', '300', '500', '333', '326', '0', '0', '0', '88', '132', '0', '0', 'LAST_HIT', 'false');
REPLACE INTO `npc` VALUES ('18331', '18331', 'Hall Keeper Guard', '0', '', '0', 'Monster.death_knight', '12.00', '29.00', '80', 'male', 'L2Monster', '80', '18655', '9999', '13.43', '3.09', '40', '43', '30', '21', '20', '10', '440000', '40000', '9000', '5000', '6000', '6000', '300', '500', '333', '142', '0', '0', '0', '88', '132', '0', '0', 'LAST_HIT', 'false');
REPLACE INTO `npc` VALUES ('18332', '18332', 'Hall Keeper Patrol', '0', '', '0', 'Monster.headless_knight', '21.00', '31.00', '80', 'male', 'L2Monster', '80', '18434', '9999', '13.43', '3.09', '40', '43', '30', '21', '20', '10', '440000', '40000', '9000', '5000', '6000', '6000', '300', '500', '333', '70', '0', '0', '0', '88', '132', '0', '0', 'LAST_HIT', 'false');
REPLACE INTO `npc` VALUES ('18333', '18333', 'Hall Keeper Suicidal Soldier', '0', '', '0', 'Monster3.self_blaster', '20.00', '23.00', '80', 'male', 'L2Monster', '80', '18203', '9999', '13.43', '3.09', '40', '43', '30', '21', '20', '10', '440000', '40000', '9000', '5000', '6000', '6000', '300', '500', '333', '0', '0', '0', '0', '88', '132', '0', '0', 'LAST_HIT', 'false');
REPLACE INTO `npc` VALUES ('18334', '18334', 'Dark Choir Captain', '0', '', '0', 'Monster2.erinyes_cmd', '21.00', '50.00', '85', 'male', 'L2Monster', '80', '24069', '9999', '13.43', '3.09', '40', '43', '30', '21', '20', '10', '440000', '40000', '9000', '5000', '6000', '6000', '300', '0', '333', '0', '0', '0', '0', '0', '0', '0', '0', 'LAST_HIT', 'false');
REPLACE INTO `npc` VALUES ('18335', '18335', 'Dark Choir Prima Donna', '0', '', '0', 'Monster3.portrait_spirit', '11.00', '30.00', '80', 'male', 'L2Monster', '80', '18655', '9999', '13.43', '3.09', '40', '43', '30', '21', '20', '10', '440000', '40000', '9000', '5000', '6000', '6000', '300', '500', '333', '0', '0', '0', '0', '88', '132', '0', '0', 'LAST_HIT', 'false');
REPLACE INTO `npc` VALUES ('18336', '18336', 'Dark Choir Lancer', '0', '', '0', 'Monster.death_blader', '15.00', '45.00', '80', 'male', 'L2Monster', '80', '18655', '9999', '13.43', '3.09', '40', '43', '30', '21', '20', '10', '440000', '40000', '9000', '5000', '6000', '6000', '300', '500', '333', '1472', '0', '0', '0', '88', '132', '0', '0', 'LAST_HIT', 'false');
REPLACE INTO `npc` VALUES ('18337', '18337', 'Dark Choir Archer', '0', '', '0', 'Monster.skeleton_archer_20_bi', '13.00', '33.00', '80', 'male', 'L2Monster', '80', '18655', '9999', '13.43', '3.09', '40', '43', '30', '21', '20', '10', '440000', '40000', '9000', '5000', '6000', '6000', '300', '500', '333', '279', '0', '0', '0', '88', '132', '0', '0', 'LAST_HIT', 'false');
REPLACE INTO `npc` VALUES ('18338', '18338', 'Dark Choir Witch Doctor', '0', '', '0', 'Monster3.portrait_spirit_winged', '11.00', '30.00', '80', 'male', 'L2Monster', '80', '13991', '9999', '13.43', '3.09', '40', '43', '30', '21', '20', '10', '440000', '40000', '9000', '5000', '6000', '6000', '300', '500', '333', '0', '0', '0', '0', '88', '132', '0', '0', 'LAST_HIT', 'false');
REPLACE INTO `npc` VALUES ('18339', '18339', 'Dark Choir Player', '0', '', '0', 'Monster.skeleton', '11.00', '25.00', '80', 'male', 'L2Monster', '80', '18203', '9999', '13.43', '3.09', '40', '43', '30', '21', '20', '10', '440000', '40000', '9000', '5000', '6000', '6000', '300', '0', '333', '148', '103', '0', '0', '88', '132', '0', '0', 'LAST_HIT', 'false');
REPLACE INTO `npc` VALUES ('29045', '29045', 'Frintezza', '0', '', '0', 'Monster3.frintessa', '10.00', '42.00', '90', 'male', 'L2GrandBoss', '0', '23480000', '22197', '830.62', '3.09', '40', '43', '30', '21', '20', '10', '0', '0', '9182', '6214', '7133', '4191', '253', '0', '333', '0', '0', '0', '0', '1', '1', '0', '0', 'LAST_HIT', 'false');
REPLACE INTO `npc` VALUES ('29046', '29046', 'Scarlet van Halisha', '0', '', '0', 'Monster3.follower_of_frintessa', '29.00', '90.00', '85', 'male', 'L2GrandBoss', '50', '23480000', '22393', '823.48', '2.65', '60', '57', '73', '76', '70', '80', '0', '0', '10699', '5036', '5212', '4191', '278', '6000', '3819', '8204', '0', '0', '0', '55', '132', '0', '0', 'FULL_PARTY', 'false');
REPLACE INTO `npc` VALUES ('29047', '29047', 'Scarlet van Halisha', '0', '', '0', 'Monster3.follower_of_frintessa_tran', '29.00', '110.00', '90', 'male', 'L2GrandBoss', '60', '23480000', '22393', '830.62', '3.09', '70', '67', '73', '79', '70', '80', '496960259', '40375148', '23813', '7000', '12680', '6238', '409', '6000', '3819', '8222', '0', '0', '0', '92', '187', '0', '14', 'FULL_PARTY', 'false');
REPLACE INTO `npc` VALUES ('29048', '29048', 'Evil Spirit', '0', '', '0', 'Monster3.Evilate', '20.00', '56.00', '87', 'male', 'L2Monster', '70', '350000', '9999', '414.12', '3.09', '40', '43', '30', '21', '20', '10', '30', '2', '9000', '2350', '7133', '2045', '253', '6000', '333', '0', '0', '0', '0', '0', '0', '0', '0', 'LAST_HIT', 'false');
REPLACE INTO `npc` VALUES ('29049', '29049', 'Evil Spirit', '0', '', '0', 'Monster3.Evilate', '20.00', '56.00', '87', 'male', 'L2Monster', '70', '350000', '9999', '414.12', '3.09', '40', '43', '30', '21', '20', '10', '30', '2', '9000', '2350', '7133', '2045', '253', '6000', '333', '0', '0', '0', '0', '0', '0', '0', '0', 'LAST_HIT', 'false');
REPLACE INTO `npc` VALUES ('29050', '29050', 'Breath of Halisha', '0', '', '0', 'Monster3.portrait_spirit', '10.00', '20.00', '85', 'male', 'L2Monster', '40', '350000', '9999', '13.43', '3.09', '40', '43', '30', '21', '20', '10', '30', '2', '9000', '2350', '7133', '2045', '253', '6000', '333', '0', '0', '0', '0', '55', '66', '0', '0', 'LAST_HIT', 'false');
REPLACE INTO `npc` VALUES ('29051', '29051', 'Breath of Halisha', '0', '', '0', 'Monster3.portrait_spirit_winged', '10.00', '20.00', '85', 'male', 'L2Monster', '40', '350000', '9999', '13.43', '3.09', '40', '43', '30', '21', '20', '10', '30', '2', '9000', '2350', '7133', '2045', '253', '6000', '333', '0', '0', '0', '0', '55', '66', '0', '0', 'LAST_HIT', 'false');
REPLACE INTO `npc` VALUES ('29052', '29052', '', '0', '', '0', 'Monster3.Organ_Dummy', '1.00', '1.00', '99', 'male', 'L2Npc', '40', '400000', '9999', '13.43', '3.09', '40', '43', '30', '21', '20', '10', '0', '0', '9000', '5000', '6000', '6000', '300', '0', '333', '0', '0', '0', '0', '88', '132', '0', '0', 'LAST_HIT', 'false');
REPLACE INTO `npc` VALUES ('29053', '29053', '', '0', '', '0', 'Monster3.Follower_Dummy', '1.00', '1.00', '99', 'male', 'L2Npc', '40', '400000', '9999', '13.43', '3.09', '40', '43', '30', '21', '20', '10', '0', '0', '9000', '5000', '6000', '6000', '300', '0', '333', '0', '0', '0', '0', '88', '132', '0', '0', 'LAST_HIT', 'false');
REPLACE INTO `npc` VALUES ('29061', '29061', 'Teleportation Cubic', '0', '', '0', 'NPC.teleport_npc_frin', '40.00', '80.00', '70', 'male', 'L2Teleporter', '40', '2444', '2444', '0.00', '0.00', '10', '10', '10', '10', '10', '10', '0', '0', '500', '500', '500', '500', '278', '0', '333', '0', '0', '0', '0', '88', '132', '0', '0', 'LAST_HIT', 'false');
DELETE FROM `npcskills` Where `skillid` IN (5014,5015,5016,5017,5018,5019);
REPLACE INTO `npcskills` VALUES
(29050,5010,1),
(29050,5013,1),
(29051,5009,1),
(29051,5013,1);
DELETE FROM `zone_vertices` WHERE `id` IN (12005);
REPLACE INTO `zone_vertices` (`id`,`order`,`x`,`y`) VALUES
(12005,0,172229,-74350),
(12005,1,176241,-90230);


/************ 其他修正 ************/
-- 修正傳送到不同的房間挑戰莉莉絲/亞納
REPLACE INTO `teleport` VALUES
('Disciples Necropolis -> Anakim',449,184467,-13102,-5500,0,0),
('Disciples Necropolis -> Lilith',450,184448,-10120,-5500,0,0);

-- 修正奇岩港口的傳送價格
UPDATE `teleport` SET `price` = '5200' WHERE `id` IN (63);
UPDATE `teleport` SET `price` = '7100' WHERE `id` IN (107);

-- 修正獵捕石的道具類型
UPDATE `etcitem` SET `item_type` = 'none' WHERE `item_id` IN (8764);

-- 修正價格
UPDATE `etcitem` SET `price` = '1550000' WHERE `item_id` = '729';  -- 武器強化卷軸-A級
UPDATE `etcitem` SET `price` = '2250000' WHERE `item_id` = '959';  -- 武器強化卷軸-S級
UPDATE `etcitem` SET `price` = '2700000' WHERE `item_id` = '6569'; -- 祝福的武器強化卷軸-A級
UPDATE `etcitem` SET `price` = '5000000' WHERE `item_id` = '6577'; -- 祝福的武器強化卷軸-S級

-- 修正首領重生時，HP/MP全滿 (感謝 wolo 提供)
Update `npc`, `raidboss_spawnlist` SET `raidboss_spawnlist`.`heading`=0, `raidboss_spawnlist`.`currentHp`=`npc`.`hp`,`raidboss_spawnlist`.`currentMp`=`npc`.`mp` WHERE `npc`.`type`='L2RaidBoss' AND `npc`.`id`=`raidboss_spawnlist`.`boss_id`;

-- 修正根據地投標價
UPDATE `auction` SET `startingBid` = '20000000' WHERE `id` IN (58,59,60,61) AND `sellerId` = '0';

-- 修正武器
UPDATE `weapon` SET `onCrit_skill_chance` = '100' WHERE `item_id` in (4694,4789,4795,4804,4807,5604,5646,6308,8104,8105,8125,8128,8811,9254,9282,9287,9321,9347);
UPDATE `weapon` SET `onCrit_skill_chance` = '6' WHERE `item_id` in (4781);
UPDATE `weapon` SET `onCrit_skill_chance` = '7' WHERE `item_id` in (4775);
UPDATE `weapon` SET `onCrit_skill_chance` = '9' WHERE `item_id` in (4760,4766);
UPDATE `weapon` SET `onCrit_skill_chance` = '12' WHERE `item_id` in (4805);
UPDATE `weapon` SET `onCrit_skill_chance` = '14' WHERE `item_id` in (4796,4801);
UPDATE `weapon` SET `onCrit_skill_chance` = '17' WHERE `item_id` in (4790);
UPDATE `weapon` SET `onCrit_skill_chance` = '25' WHERE `item_id` in (4859);
UPDATE `weapon` SET `onCrit_skill_chance` = '27' WHERE `item_id` in (4856);
UPDATE `weapon` SET `onCrit_skill_chance` = '29' WHERE `item_id` in (4852);
UPDATE `weapon` SET `onCrit_skill_chance` = '31' WHERE `item_id` in (4847,4849);
UPDATE `weapon` SET `onCrit_skill_chance` = '32' WHERE `item_id` in (4843);
UPDATE `weapon` SET `onCrit_skill_chance` = '34' WHERE `item_id` in (4835,4838,4840);
UPDATE `weapon` SET `onCast_skill_chance` = '50' WHERE `item_id` in (4865,4877,4889,4898);
UPDATE `weapon` SET `skill` = '3260-1;3261-1;3262-1;' WHERE `item_id` in (9140,9141);


/************ 加入破滅國境的道具 ************/
-- 新頭飾
DELETE FROM `etcitem` WHERE `item_id` IN (20497,20498); -- 母親的花環 (L2J錯誤設定為etcitem)
REPLACE INTO `armor` VALUES
(20497,'Mother\'s Wreath - Event Blessing of Love - 24 hours limited period','','hairall','false','none',120,'wood','none',0,-1,1440,0,0,0,0,0,'false','false','true','false','true','0-0','21086-1;'), -- 母親的花環-活動 愛的祝福(限時24小時)
(20498,'Mother\'s Wreath Blessing of Love - 3 day limited period','','hairall','false','none',120,'wood','none',0,-1,4320,0,0,0,0,0,'false','false','true','false','true','0-0','21086-1;'); -- 母親的花環-活動 愛的祝福(限時3日)

-- 新壺精
UPDATE `armor` SET `skill` = '8327-1;6136-1;6137-1;3267-1;' WHERE `item_id` IN (14776); -- 壺精封印手鐲-啾啾

-- 修正NPC
UPDATE `npc` SET `type` = 'L2Npc' WHERE `id` IN (32628,32629); -- 碼頭巡邏兵的類型改為一般NPC
UPDATE `npc` SET `type` = 'L2Teleporter' WHERE `id` IN (32540,32542,32602); -- 深淵的守門人/安定的再生種子/臨時傳送師的類型改為傳送
UPDATE `spawnlist` SET `heading` = '16383' WHERE `npc_templateid` = '32609' AND `heading` = '20771'; -- 修正飛空艇控制裝置的面向

-- 加入NPC (感謝 pmq 提供)
REPLACE INTO `spawnlist` VALUES
(840001, '', 1,36481, -15067, 124128, -3125, 0, 0, 49298, 10, 0, 0),   -- 古魯丁傭兵隊隊長
(840002, '', 1,36482, 19345, 144895, -3109, 0, 0, 0, 10, 0, 0),        -- 狄恩傭兵隊隊長
(840003, '', 1,36483, 82184, 149608, -3477, 0, 0, 57343, 10, 0, 0),    -- 奇岩傭兵隊隊長
(840004, '', 1,36484, 83051, 55335, -1533, 0, 0, 19739, 10, 0, 0),     -- 歐瑞傭兵隊隊長
(840005, '', 1,36485, 146447, 28340, -2277, 0, 0, 58977, 10, 0, 0),    -- 亞丁傭兵隊隊長
(840006, '', 1,36486, 115338, 218753, -3671, 0, 0, 31928, 10, 0, 0),   -- 因納得立傭兵隊隊長
(840007, '', 1,36487, 145795, -57309, -2989, 0, 0, 43737, 10, 0, 0),   -- 高達特傭兵隊隊長
(840008, '', 1,36488, 38184, -47912, 888, 0, 0, 13640, 10, 0, 0),      -- 魯因傭兵隊隊長
(840009, '', 1,36489, 89242, -141418, -1549, 0, 0, 5753, 10, 0, 0),    -- 修加特傭兵隊隊長
(840010, '', 1,36490, -12222, 122652, -3109, 0, 0, 22295, 10, 0, 0),   -- 古魯丁領地管理員
(840011, '', 1,36490, -15175, 124236, -3125, 0, 0, 46596, 10, 0, 0),   -- 古魯丁領地管理員
(840012, '', 1,36490, -82690, 150019, -3137, 0, 0, 17184, 10, 0, 0),   -- 古魯丁領地管理員
(840013, '', 1,36490, -83582, 243271, -3737, 0, 0, 26243, 10, 0, 0),   -- 古魯丁領地管理員
(840014, '', 1,36491, 17754, 144216, -3054, 0, 0, 50275, 10, 0, 0),    -- 狄恩領地管理員
(840015, '', 1,36491, 19336, 145052, -3114, 0, 0, 32452, 10, 0, 0),    -- 狄恩領地管理員
(840016, '', 1,36492, 79352, 148128, -3541, 0, 0, 52729, 10, 0, 0),    -- 奇岩領地管理員
(840017, '', 1,36492, 80546, 152331, -3541, 0, 0, 27131, 10, 0, 0),    -- 奇岩領地管理員
(840018, '', 1,36492, 81891, 149582, -3477, 0, 0, 47930, 10, 0, 0),    -- 奇岩領地管理員
(840019, '', 1,36493, 43881, 50585, -3068, 0, 0, 59165, 10, 0, 0),     -- 歐瑞領地管理員
(840020, '', 1,36493, 80141, 53479, -1568, 0, 0, 57343, 10, 0, 0),     -- 歐瑞領地管理員
(840021, '', 1,36493, 82683, 55323, -1533, 0, 0, 27523, 10, 0, 0),     -- 歐瑞領地管理員
(840022, '', 1,36493, 9436, 17735, -4583, 0, 0, 45693, 10, 0, 0),      -- 歐瑞領地管理員
(840023, '', 1,36494, -115132, 44208, 506, 0, 0, 31287, 10, 0, 0),     -- 亞丁領地管理員
(840024, '', 1,36494, 116815, 75510, -2736, 0, 0, 20779, 10, 0, 0),    -- 亞丁領地管理員
(840025, '', 1,36494, 146506, 28511, -2277, 0, 0, 62180, 10, 0, 0),    -- 亞丁領地管理員
(840026, '', 1,36494, 148397, 28530, -2277, 0, 0, 37821, 10, 0, 0),    -- 亞丁領地管理員
(840027, '', 1,36495, 107418, 217843, -3683, 0, 0, 3355, 10, 0, 0),    -- 因納得立領地管理員
(840028, '', 1,36495, 115481, 218849, -3671, 0, 0, 18442, 10, 0, 0),   -- 因納得立領地管理員
(840029, '', 1,36496, 145689, -57186, -2989, 0, 0, 40644, 10, 0, 0),   -- 高達特領地管理員
(840030, '', 1,36497, 38272, -48001, 888, 0, 0, 254, 10, 0, 0),        -- 魯因領地管理員
(840031, '', 1,36498, -44111, -112280, -247, 0, 0, 40959, 10, 0, 0),   -- 修加特領地管理員
(840032, '', 1,36498, 116188, -181558, -1370, 0, 0, 0, 10, 0, 0),      -- 修加特領地管理員
(840033, '', 1,36498, 89314, -141487, -1549, 0, 0, 2555, 10, 0, 0);    -- 修加特領地管理員

-- 新傳送
REPLACE INTO `teleport` VALUES
('3254001', '3260203', '-212836', '209824', '4288', '0', '0'),   -- 深淵的守門人
('3260201', '3260201', '-245833', '220174', '-12104', '0', '0'), -- 臨時傳送師
('3260202', '3260202', '-251624', '213420', '-12072', '0', '0'), -- 臨時傳送師
('3260203', '3260203', '-249774', '207316', '-11952', '0', '0'); -- 臨時傳送師

-- NPC改成AI控制
Delete From `spawnlist` Where `npc_templateid` in (32549,32619,32628,32629); -- 狄里歐斯/刺槍兵/碼頭巡邏兵
UPDATE `npc` SET `walkspd` = '50' WHERE `id` IN (35659,35690,35728,35759,35797,35828,35859,35897,35928,35966,36004,36035,36073,36111,36142,36173,36211,36249,36287,36318,36356); -- 可疑的商人
DELETE FROM `fort_spawnlist` WHERE `npcId` IN (35659,35690,35728,35759,35797,35828,35859,35897,35928,35966,36004,36035,36073,36111,36142,36173,36211,36249,36287,36318,36356); -- 可疑的商人

-- 防具修正
UPDATE `armor` SET `armor_type` = 'light' WHERE `item_id` IN (9670,9671); -- 土著上衣/土著下衣
UPDATE `armor` SET `armor_type` = 'heavy' WHERE `item_id` IN (9821,9831,10019,10020); -- 幻象裝備-盟誓盔甲/進階型阿貝拉盔甲/鎖子胸甲/鋼鐵脛甲
UPDATE `armor` SET `armor_type` = 'light' WHERE `item_id` IN (9824,9834,10021,10022); -- 幻象裝備-盟誓禮服/進階型阿貝拉禮服/水晶獅皮襯衫/水晶獅皮脛甲
UPDATE `armor` SET `armor_type` = 'magic' WHERE `item_id` IN (9827,9837,10023,10024); -- 幻象裝備-盟誓長袍/進階型阿貝拉長袍/受詛咒的外衣/受詛咒的長襪
UPDATE `armor` SET `armor_type` = 'light' WHERE `item_id` IN (10487,10488,10489,10490); -- 王朝寶石皮甲 力量大師/王朝寶石皮甲 武器大師/王朝寶石皮甲 法師/王朝寶石皮甲 召喚士
UPDATE `armor` SET `crystallizable` = 'false' WHERE `item_id` IN (9826,13885,13886,13887); -- 幻象武器-盟誓禮鞋 輕裝用/封印的祕儀符印/封印的王朝符印/封印的薄暮符印
UPDATE `armor` SET `time` = 0 WHERE `item_id` IN (20098); -- 禮服-活動 1小時幻象
UPDATE `armor` SET `time` = 43200 WHERE `item_id` IN (13544,13545); -- 壺精召喚手鐲-男生泰迪熊/壺精召喚手鐲-女生泰迪熊
UPDATE `armor` SET `time` = 43200 WHERE `item_id` IN (20503,20504); -- 黃鬃獅子/蒸汽甲蟲騎乘手鐲 限時30日 (L2J錯誤設定為etcitem)
UPDATE `armor` SET `duration` = 360 WHERE `item_id` IN (14753,14754,14755,14756,14757,14758,14759,14760,14761,14762,14763,14764); -- 幻象裝備

-- 武器修正
UPDATE `weapon` SET `bodypart` = 'rhand' WHERE `item_id` IN (13556,13557,20114,20126,20128,20140,20142,20154,20156,20168,20170,20258,20264); -- 飛空艇操控舵/飛空艇大砲/祭司釘鎚-活動/夜叉釘鎚-活動/月蝕斧-活動/工藝戰斧-活動/卡倚巴奴之骨-活動/樂園-活動/火龍之首-活動/玄武岩戰鎚-活動/祕儀權杖-活動/法國麵包吐司鎚/法國麵包香郁/
UPDATE `weapon` SET `bodypart` = 'lrhand', `weaponType` = 'bigblunt' WHERE `item_id` IN (9819,13530,13531,13532,13533,13534,13535,13536,13537,13538);  -- 鬥爭旗幟/古魯丁旗幟/狄恩旗幟/奇岩旗幟/歐瑞旗幟/亞丁旗幟/因納得立旗幟/高達特旗幟/魯因旗幟/修加特旗幟
UPDATE `weapon` SET `bodypart` = 'lrhand', `weaponType` = 'bigblunt' WHERE `item_id` IN (13539,13560,13561,13562,13563,13564,13565,13566,13567,13568);  -- 大師余義的魔杖/古魯丁 守護之物/狄恩 守護之物/奇岩 守護之物/歐瑞 守護之物/亞丁 守護之物/因納得立 守護之物/高達特 守護之物/魯因 守護之物/修加特 守護之物
UPDATE `weapon` SET `bodypart` = 'lrhand', `weaponType` = 'bigblunt' WHERE `item_id` IN (13809,13981); -- 宮廷魔法師的魔法棒/怪物用(龍馬軍戰鬥兵)
UPDATE `weapon` SET `weaponType` = 'none' WHERE `item_id` IN (13525); -- 格勒西亞士兵盾牌

-- 其他物品修正
Delete From `items` Where (`item_id` > 708 and `item_id` < 725); -- 和防具同名稱的其他物品
UPDATE `etcitem` SET `consume_type` = 'normal' WHERE `item_id` IN (731,732,949,950,953,954,957,958,961,962); -- 武器強化結晶卷軸/防具強化結晶卷軸
UPDATE `etcitem` SET `consume_type` = 'normal' WHERE `item_id` IN (10117,10118); -- 渾沌的封印的王朝符印/渾沌的 王朝符印
UPDATE `etcitem` SET `consume_type` = 'normal' WHERE `item_id` IN (10414,10607,13382); -- 壺精交換券/壺精封印手鐲-麋鹿/格蘭肯的禮盒-活動用
UPDATE `etcitem` SET `consume_type` = 'stackable' WHERE `item_id` IN (13420,13421,20025,20026,20027,20028,20033); -- 點心/蛋糕/自由傳送卷軸/追加入場券-欲界(深淵之廳)/追加入場券-近緣欲界/追加入場券-欲界(深淵迷宮)/自由傳送旗
UPDATE `etcitem` SET `time` = 1440 WHERE `item_id` IN (20320); -- 生日蛋糕
UPDATE `etcitem` SET `time` = 10080 WHERE `item_id` IN (20339,20340,20345,20346,20351,20352); -- 經驗值古文/SP古文/結晶型古文
UPDATE `etcitem` SET `time` = 21600 WHERE `item_id` IN (20190); -- 情人節裝飾品
UPDATE `etcitem` SET `time` = 43200 WHERE `item_id` IN (13027,14728,20199); -- 格蘭肯的禮盒/活動-礦石晶體/夢幻的情人節蛋糕

-- 增加物品效果
UPDATE `armor` SET `skill` = '3407-1;' WHERE `item_id` = '9900';                               -- 靜音之步戒指
UPDATE `etcitem` SET `skill` = '2309-1;', `handler` = 'ItemSkills' WHERE `item_id` = '9144';   -- 豬豬禮盒
UPDATE `etcitem` SET `skill` = '2422-1;', `handler` = 'ItemSkills' WHERE `item_id` = '10254';  -- 1級寶袋
UPDATE `etcitem` SET `skill` = '2423-2;', `handler` = 'ItemSkills' WHERE `item_id` = '10255';  -- 2級寶袋
UPDATE `etcitem` SET `skill` = '2424-3;', `handler` = 'ItemSkills' WHERE `item_id` = '10256';  -- 3級寶袋
UPDATE `etcitem` SET `skill` = '2425-4;', `handler` = 'ItemSkills' WHERE `item_id` = '10257';  -- 4級寶袋
UPDATE `etcitem` SET `skill` = '2426-5;', `handler` = 'ItemSkills' WHERE `item_id` = '10258';  -- 5級寶袋
UPDATE `etcitem` SET `skill` = '2427-6;', `handler` = 'ItemSkills' WHERE `item_id` = '10259';  -- 6級寶袋
UPDATE `etcitem` SET `skill` = '2487-1;', `handler` = 'ItemSkills' WHERE `item_id` = '10520';  -- 回聲水晶-倉木麻衣
UPDATE `etcitem` SET `skill` = '2670-1;', `handler` = 'ItemSkills' WHERE `item_id` = '13794';  -- 變身體-翻滾方塊變身卷軸
UPDATE `etcitem` SET `skill` = '2671-1;', `handler` = 'ItemSkills' WHERE `item_id` = '13795';  -- 變身體-翻滾方塊變身卷軸
UPDATE `etcitem` SET `skill` = '2631-1;', `handler` = 'ItemSkills' WHERE `item_id` = '13800';  -- 青蛙變身卷軸
UPDATE `etcitem` SET `skill` = '2632-1;', `handler` = 'ItemSkills' WHERE `item_id` = '13801';  -- 小孩變身卷軸
UPDATE `etcitem` SET `skill` = '2720-1;', `handler` = 'ItemSkills' WHERE `item_id` = '13617';  -- 亞丁人類傭兵變身卷軸
UPDATE `etcitem` SET `skill` = '2721-1;', `handler` = 'ItemSkills' WHERE `item_id` = '13618';  -- 亞丁精靈傭兵變身卷軸
UPDATE `etcitem` SET `skill` = '2722-1;', `handler` = 'ItemSkills' WHERE `item_id` = '13619';  -- 亞丁黑暗精靈傭兵變身卷軸
UPDATE `etcitem` SET `skill` = '2723-1;', `handler` = 'ItemSkills' WHERE `item_id` = '13620';  -- 亞丁半獸人傭兵變身卷軸
UPDATE `etcitem` SET `skill` = '2724-1;', `handler` = 'ItemSkills' WHERE `item_id` = '13621';  -- 亞丁矮人傭兵變身卷軸
UPDATE `etcitem` SET `skill` = '2725-1;', `handler` = 'ItemSkills' WHERE `item_id` = '13622';  -- 亞丁闇天使傭兵變身卷軸
UPDATE `etcitem` SET `skill` = '2726-1;', `handler` = 'ItemSkills' WHERE `item_id` = '13623';  -- 亞丁騎士傭兵變身卷軸
UPDATE `etcitem` SET `skill` = '2727-1;', `handler` = 'ItemSkills' WHERE `item_id` = '13624';  -- 亞丁弓手傭兵變身卷軸
UPDATE `etcitem` SET `skill` = '2728-1;', `handler` = 'ItemSkills' WHERE `item_id` = '13625';  -- 亞丁巫師傭兵變身卷軸
UPDATE `etcitem` SET `skill` = '2729-1;', `handler` = 'ItemSkills' WHERE `item_id` = '13626';  -- 亞丁百人隊長傭兵變身卷軸
UPDATE `etcitem` SET `skill` = '2730-1;', `handler` = 'ItemSkills' WHERE `item_id` = '13627';  -- 亞丁騎士隊長傭兵變身卷軸
UPDATE `etcitem` SET `skill` = '2731-1;', `handler` = 'ItemSkills' WHERE `item_id` = '13628';  -- 亞丁司令官傭兵變身卷軸

-- 刪除魔法書商人
DELETE FROM `spawnlist` WHERE `npc_templateid` IN (30840,31262,31413,31414,31415,31416,31417,31421,31422,31423,31424,31425,31426,31427,31429,31430,31431,31666,31667,31670,31951,31973,31980);
DELETE FROM `merchant_buylists` WHERE `shop_id` IN ( SELECT `shop_id` FROM `merchant_shopids` WHERE `npc_id` IN (30840,31262,31413,31414,31415,31416,31417,31421,31422,31423,31424,31425,31426,31427,31429,31430,31431,31666,31667,31670,31951,31973,31980));
DELETE FROM `merchant_shopids` WHERE `npc_id` IN (30840,31262,31413,31414,31415,31416,31417,31421,31422,31423,31424,31425,31426,31427,31429,31430,31431,31666,31667,31670,31951,31973,31980);

-- 刪除彩券商人
DELETE FROM `spawnlist` WHERE `npc_templateid` IN (30990,30994) AND `id` NOT IN (45033);

-- 刪除其中一隻轉職管理員
-- DELETE FROM `spawnlist` WHERE `npc_templateid` IN (31756);
DELETE FROM `spawnlist` WHERE `npc_templateid` IN (31757);

-- 修正/更新任務128 菲拉卡-冰與火之歌
UPDATE `etcitem` SET `skill` = '2150-1;', `handler` = 'SoulShots', `item_type` = 'shot', `crystal_type` = 'd' WHERE `item_id` = 13037;
UPDATE `etcitem` SET `skill` = '2153-1;', `handler` = 'SoulShots', `item_type` = 'shot', `crystal_type` = 'a' WHERE `item_id` = 13045;
UPDATE `etcitem` SET `skill` = '2153-1;', `handler` = 'SoulShots', `item_type` = 'shot', `crystal_type` = 'a' WHERE `item_id` = 13055;
UPDATE `weapon` SET `skill` = '0-0;' WHERE `item_id` = 13042;
UPDATE `npc` SET `collision_radius` = 28, `collision_height` = 20, `level` = 61, `hp` = 3450, `mp` = 1365, `patk` = 991, `pdef` = 415, `matk` = 504, `mdef` = 388, `runspd` = 187 WHERE `id` = 14916;
UPDATE `npc` SET `collision_radius` = 28, `collision_height` = 20, `level` = 70, `hp` = 4025, `mp` = 1592, `patk` = 1156, `pdef` = 484, `matk` = 588, `mdef` = 452, `runspd` = 187 WHERE `id` = 14917;

DELETE FROM `accounts` WHERE `login` = 'l2jtwdev';
DELETE FROM `characters` WHERE `account_name` = 'l2jtwdev';


/************ CT 2.5 聖翼使命修正 ************/
-- 斗篷改為通用,不再分重/輕/法/闇天使
UPDATE `items` SET `item_id` = 13687 WHERE `item_id` IN (13688,13689,13690); -- 輕/法/闇天使的騎士斗篷改通用斗篷
UPDATE `items` SET `item_id` = 13890 WHERE `item_id` IN (13889,13891,13892); -- 輕/法/闇天使的聖靈斗篷改通用斗篷
UPDATE `items` SET `item_id` = 14609 WHERE `item_id` IN (14601,14602,14608,14610); -- 輕/法/闇天使的古代斗篷改通用斗篷
DELETE FROM `merchant_buylists` WHERE `item_id` IN (13688,13689,13690,13889,13891,13892,14601,14602,14608,14610); -- 刪除輕/法/闇天使的斗篷的販賣

-- 新傳送
REPLACE INTO `teleport` VALUES
('3265201', '3265201', '175499', '-181586', '-904', '0', '0'); -- 往米索莉礦山的傳送水晶

-- 新頭飾
UPDATE `armor` SET `skill` = '21090-1;' WHERE `item_id` = 20601;         -- 回魂帽
UPDATE `armor` SET `skill` = '21092-1;' WHERE `item_id` = 20613;         -- 耳機
UPDATE `armor` SET `skill` = '21093-1;' WHERE `item_id` = 20614;         -- 耳機
UPDATE `armor` SET `skill` = '21094-1;' WHERE `item_id` = 20615;         -- 耳機
UPDATE `armor` SET `skill` = '21092-1;21111-1;' WHERE `item_id` = 20616; -- 耳機
UPDATE `armor` SET `skill` = '21093-1;21112-1;' WHERE `item_id` = 20617; -- 耳機
UPDATE `armor` SET `skill` = '21094-1;21113-1;' WHERE `item_id` = 20618; -- 耳機
UPDATE `armor` SET `skill` = '21095-1;' WHERE `item_id` = 20626;         -- 回魂帽
UPDATE `armor` SET `skill` = '21096-1;' WHERE `item_id` = 20633;         -- 西瓜帽
UPDATE `armor` SET `skill` = '21098-1;' WHERE `item_id` = 20667;         -- 女武神帽
UPDATE `armor` SET `skill` = '21099-1;' WHERE `item_id` = 20669;         -- 老虎帽
UPDATE `armor` SET `skill` = '21100-1;' WHERE `item_id` = 20671;         -- 女僕髮飾
UPDATE `armor` SET `skill` = '21101-1;' WHERE `item_id` = 20673;         -- 寶寶貓熊帽
UPDATE `armor` SET `skill` = '21103-1;' WHERE `item_id` = 20675;         -- 團團貓熊帽
UPDATE `armor` SET `skill` = '21102-1;' WHERE `item_id` = 20677;         -- 圓圓貓熊帽
UPDATE `armor` SET `skill` = '21104-1;' WHERE `item_id` = 20679;         -- 守門人帽
UPDATE `armor` SET `skill` = '21120-1;' WHERE `item_id` = 20711;         -- 傑克南瓜面具-活動
UPDATE `armor` SET `skill` = '21120-1;' WHERE `item_id` = 20723;         -- 黃金傑克南瓜面具
UPDATE `armor` SET `skill` = '21120-1;21136-1;' WHERE `item_id` = 20724; -- 黃金傑克南瓜面具
UPDATE `armor` SET `skill` = '21137-1;' WHERE `item_id` = 20743;         -- 閃耀的科學怪人面具
UPDATE `armor` SET `skill` = '21138-1;' WHERE `item_id` = 20744;         -- 閃耀的驚聲尖叫面具
UPDATE `armor` SET `skill` = '21139-1;' WHERE `item_id` = 20745;         -- 閃耀的憤怒精靈面具
UPDATE `armor` SET `skill` = '21140-1;' WHERE `item_id` = 20746;         -- 閃耀的不朽骸骨面具
UPDATE `armor` SET `skill` = '21141-1;' WHERE `item_id` = 20747;         -- 閃耀的X235行星面具
UPDATE `armor` SET `skill` = '21152-1;' WHERE `item_id` = 20789;         -- 火箭炮帽

-- 新手鐲
UPDATE `armor` SET `bodypart` = 'lbracelet', `skill` = '8358-1;3267-1;' WHERE `item_id` = 15351; -- 封印解除手鐲-托貝
UPDATE `armor` SET `bodypart` = 'lbracelet' WHERE `item_id` IN (20658,20659); -- 壺精封印手鐲-舞動幸運兒

-- 其它
UPDATE `etcitem` SET `skill` = '2869-1;', `handler` = 'ItemSkills' WHERE `item_id` = 14724;                                -- 活動-哞哞牛召喚卷軸
UPDATE `etcitem` SET `skill` = '2870-1;', `handler` = 'ItemSkills' WHERE `item_id` = 14725;                                -- 活動-超神牛召喚卷軸
UPDATE `etcitem` SET `skill` = '2880-1;', `handler` = 'ItemSkills' WHERE `item_id` = 14726;                                -- 活動-憂鬱哞哞牛召喚卷軸
UPDATE `etcitem` SET `skill` = '2881-1;', `handler` = 'ItemSkills' WHERE `item_id` = 14727;                                -- 活動-憂鬱超神牛召喚卷軸
UPDATE `etcitem` SET `consume_type` = 'stackable' WHERE `item_id` = 20597;                                                 -- 少女的精靈石
UPDATE `etcitem` SET `skill` = '22105-1;', `handler` = 'ItemSkills', `consume_type` = 'stackable' WHERE `item_id` = 20707; -- 兀兒德召喚卷軸
UPDATE `etcitem` SET `skill` = '22106-1;', `handler` = 'ItemSkills', `consume_type` = 'stackable' WHERE `item_id` = 20708; -- 貝爾丹蒂召喚卷軸
UPDATE `etcitem` SET `skill` = '22107-1;', `handler` = 'ItemSkills', `consume_type` = 'stackable' WHERE `item_id` = 20709; -- 斯庫迪召喚卷軸
UPDATE `etcitem` SET `skill` = '22110-1;', `handler` = 'ItemSkills', `consume_type` = 'stackable' WHERE `item_id` = 20728; -- 吉祥天燈召喚書
UPDATE `etcitem` SET `skill` = '22111-1;', `handler` = 'ItemSkills', `consume_type` = 'stackable' WHERE `item_id` = 20729; -- 歡慶天燈召喚書
UPDATE `etcitem` SET `skill` = '22112-1;', `handler` = 'ItemSkills', `consume_type` = 'stackable' WHERE `item_id` = 20730; -- 祈福天燈召喚書
UPDATE `etcitem` SET `skill` = '22113-1;', `handler` = 'ItemSkills', `consume_type` = 'stackable' WHERE `item_id` = 20731; -- 平安天燈召喚書
UPDATE `etcitem` SET `consume_type` = 'stackable' WHERE `item_id` IN (20904,20905,20906,20907);                            -- 玫瑰精華/玫瑰花

-- 新特殊武器
UPDATE `weapon` SET `skill` = '8357-1;' WHERE `item_id` = 15310;          -- 殷海薩聖劍
UPDATE `weapon` SET `skill` = '21089-1;' WHERE `item_id` = 20600;         -- 招魂杖
UPDATE `weapon` SET `skill` = '21169-1;23154-1;' WHERE `item_id` = 20867; -- 門松變身魔杖

-- 修正結婚管理員的武器
UPDATE `custom_npc` SET `rhand` = 316 WHERE `id` = 50007;
