/************ Made in Taiwan ************/

REPLACE INTO `auto_announcements` VALUES
(1,900000,9000000,36000,'此測試伺服器的各種功能，目前仍然不完整和不穩定，如有發現任何錯誤或Bug，麻煩請回報至論壇。','false');

DELETE FROM `spawnlist` WHERE `npc_templateid` IN (30484,30487);
INSERT INTO `spawnlist` (location,count,npc_templateid,locx,locy,locz,randomx,randomy,heading,respawn_delay,loc_id,periodOfDay) VALUES
('dion05_npc2021_02',1,30484,17627,114750,-11688,0,0,16384,60,0,0),
('dion05_npc2021_03',1,30487,17821,114750,-11688,0,0,16384,60,0,0);
REPLACE INTO `teleport` VALUES
('Cruma Tower 2nd floor -> Cruma Tower 1st floor',24,17728,114750,-11688,0,0,57);

DELETE FROM `merchant_buylists` WHERE `shop_id` > 10015 and `shop_id` < 10033;

DELETE FROM `items` WHERE `item_id` > 17624 and `item_id` < 17715;
DELETE FROM `items` WHERE `item_id` > 18550 and `item_id` < 18563;
DELETE FROM `items` WHERE `item_id` > 19400 and `item_id` < 19440;
DELETE FROM `items` WHERE `item_id` > 19443 and `item_id` < 19447;
DELETE FROM `items` WHERE `item_id` > 19448 and `item_id` < 19451;
DELETE FROM `items` WHERE `item_id` > 19464 and `item_id` < 19470;
DELETE FROM `items` WHERE `item_id` > 19481 and `item_id` < 19500;
DELETE FROM `items` WHERE `item_id` > 19585 and `item_id` < 19650;
DELETE FROM `items` WHERE `item_id` > 30231 and `item_id` < 30274;
DELETE FROM `items` WHERE `item_id` > 32315 and `item_id` < 32317;
DELETE FROM `items` WHERE `item_id` > 33518 and `item_id` < 33521;

UPDATE `items` SET `item_id` = 19527 WHERE `item_id` = 19655;
UPDATE `items` SET `item_id` = 19543 WHERE `item_id` = 19671;
UPDATE `items` SET `item_id` = 19559 WHERE `item_id` = 19687;
UPDATE `items` SET `item_id` = 19575 WHERE `item_id` = 19703;
UPDATE `items` SET `item_id` = 19730 WHERE `item_id` = 19858;
UPDATE `items` SET `item_id` = 19731 WHERE `item_id` = 19859;
UPDATE `items` SET `item_id` = 19732 WHERE `item_id` = 19860;
UPDATE `items` SET `item_id` = 19733 WHERE `item_id` = 19861;
UPDATE `items` SET `item_id` = 19734 WHERE `item_id` = 19862;
UPDATE `items` SET `item_id` = 19735 WHERE `item_id` = 19863;
UPDATE `items` SET `item_id` = 19736 WHERE `item_id` = 19864;
UPDATE `items` SET `item_id` = 19737 WHERE `item_id` = 19865;
UPDATE `items` SET `item_id` = 19738 WHERE `item_id` = 19866;
UPDATE `items` SET `item_id` = 19739 WHERE `item_id` = 19867;
UPDATE `items` SET `item_id` = 19740 WHERE `item_id` = 19868;
UPDATE `items` SET `item_id` = 19741 WHERE `item_id` = 19869;
UPDATE `items` SET `item_id` = 19742 WHERE `item_id` = 19870;
UPDATE `items` SET `item_id` = 19743 WHERE `item_id` = 19871;
UPDATE `items` SET `item_id` = 19744 WHERE `item_id` = 19872;
UPDATE `items` SET `item_id` = 19745 WHERE `item_id` = 19873;
UPDATE `items` SET `item_id` = 19746 WHERE `item_id` = 19874;
UPDATE `items` SET `item_id` = 19747 WHERE `item_id` = 19875;
UPDATE `items` SET `item_id` = 19748 WHERE `item_id` = 19876;
UPDATE `items` SET `item_id` = 19749 WHERE `item_id` = 19877;
UPDATE `items` SET `item_id` = 19750 WHERE `item_id` = 19878;
UPDATE `items` SET `item_id` = 19751 WHERE `item_id` = 19879;
UPDATE `items` SET `item_id` = 19752 WHERE `item_id` = 19880;
UPDATE `items` SET `item_id` = 19753 WHERE `item_id` = 19881;
UPDATE `items` SET `item_id` = 19754 WHERE `item_id` = 19882;
UPDATE `items` SET `item_id` = 19755 WHERE `item_id` = 19883;
UPDATE `items` SET `item_id` = 19756 WHERE `item_id` = 19884;
UPDATE `items` SET `item_id` = 19757 WHERE `item_id` = 19885;
UPDATE `items` SET `item_id` = 19758 WHERE `item_id` = 19886;
UPDATE `items` SET `item_id` = 19759 WHERE `item_id` = 19887;
UPDATE `items` SET `item_id` = 19760 WHERE `item_id` = 19888;
UPDATE `items` SET `item_id` = 19761 WHERE `item_id` = 19889;
UPDATE `items` SET `item_id` = 19762 WHERE `item_id` = 19890;
UPDATE `items` SET `item_id` = 19763 WHERE `item_id` = 19891;
UPDATE `items` SET `item_id` = 19764 WHERE `item_id` = 19892;
UPDATE `items` SET `item_id` = 19765 WHERE `item_id` = 19893;
UPDATE `items` SET `item_id` = 19766 WHERE `item_id` = 19894;
UPDATE `items` SET `item_id` = 19767 WHERE `item_id` = 19895;
UPDATE `items` SET `item_id` = 19768 WHERE `item_id` = 19896;
UPDATE `items` SET `item_id` = 19769 WHERE `item_id` = 19897;
UPDATE `items` SET `item_id` = 19770 WHERE `item_id` = 19898;
UPDATE `items` SET `item_id` = 19771 WHERE `item_id` = 19899;
UPDATE `items` SET `item_id` = 19772 WHERE `item_id` = 19900;
UPDATE `items` SET `item_id` = 19773 WHERE `item_id` = 19901;
UPDATE `items` SET `item_id` = 19774 WHERE `item_id` = 19902;
UPDATE `items` SET `item_id` = 19775 WHERE `item_id` = 19903;
UPDATE `items` SET `item_id` = 19776 WHERE `item_id` = 19904;
UPDATE `items` SET `item_id` = 19777 WHERE `item_id` = 19905;
UPDATE `items` SET `item_id` = 19778 WHERE `item_id` = 19906;
UPDATE `items` SET `item_id` = 19779 WHERE `item_id` = 19907;
UPDATE `items` SET `item_id` = 19780 WHERE `item_id` = 19908;
UPDATE `items` SET `item_id` = 19781 WHERE `item_id` = 19909;
UPDATE `items` SET `item_id` = 19782 WHERE `item_id` = 19910;
UPDATE `items` SET `item_id` = 19783 WHERE `item_id` = 19911;
UPDATE `items` SET `item_id` = 19784 WHERE `item_id` = 19912;
UPDATE `items` SET `item_id` = 19785 WHERE `item_id` = 19913;
UPDATE `items` SET `item_id` = 19786 WHERE `item_id` = 19914;
UPDATE `items` SET `item_id` = 19787 WHERE `item_id` = 19915;
UPDATE `items` SET `item_id` = 19788 WHERE `item_id` = 19916;
UPDATE `items` SET `item_id` = 19789 WHERE `item_id` = 19917;
UPDATE `items` SET `item_id` = 19790 WHERE `item_id` = 19918;
UPDATE `items` SET `item_id` = 19791 WHERE `item_id` = 19919;
UPDATE `items` SET `item_id` = 19792 WHERE `item_id` = 19920;
UPDATE `items` SET `item_id` = 19793 WHERE `item_id` = 19921;

REPLACE INTO `merchant_shopids` VALUES (10016, 'gm');
REPLACE INTO `merchant_buylists` (`item_id`,`price`,`shop_id`,`order`) VALUES
(19730, 0, 10016, 1),
(19731, 0, 10016, 2),
(19732, 0, 10016, 3),
(19733, 0, 10016, 4),
(19734, 0, 10016, 5),
(19735, 0, 10016, 6),
(19736, 0, 10016, 7),
(19737, 0, 10016, 8),
(19738, 0, 10016, 9),
(19739, 0, 10016, 10),
(19740, 0, 10016, 11),
(17754, 0, 10016, 12),
(19741, 0, 10016, 13),
(19742, 0, 10016, 14),
(19743, 0, 10016, 15),
(19744, 0, 10016, 16),
(19745, 0, 10016, 17),
(19442, 0, 10016, 18),
(19522, 0, 10016, 19),
(19523, 0, 10016, 20),
(19524, 0, 10016, 21),
(19525, 0, 10016, 22),
(19526, 0, 10016, 23),
(19527, 0, 10016, 24),
(19528, 0, 10016, 25),
(19529, 0, 10016, 26),
(19530, 0, 10016, 27),
(19531, 0, 10016, 28),
(19532, 0, 10016, 29),
(18550, 0, 10016, 30),
(19533, 0, 10016, 31),
(19534, 0, 10016, 32),
(19535, 0, 10016, 33),
(19536, 0, 10016, 34),
(19537, 0, 10016, 35),
(17320, 0, 10016, 36);

REPLACE INTO `merchant_shopids` VALUES (10017, 'gm');
REPLACE INTO `merchant_buylists` (`item_id`,`price`,`shop_id`,`order`) VALUES
(19762, 0, 10017, 1),
(19763, 0, 10017, 2),
(19764, 0, 10017, 3),
(19765, 0, 10017, 4),
(19766, 0, 10017, 5),
(19767, 0, 10017, 6),
(19768, 0, 10017, 7),
(19769, 0, 10017, 8),
(19770, 0, 10017, 9),
(19771, 0, 10017, 10),
(19772, 0, 10017, 11),
(17754, 0, 10017, 12),
(19773, 0, 10017, 13),
(19774, 0, 10017, 14),
(19775, 0, 10017, 15),
(19776, 0, 10017, 16),
(19777, 0, 10017, 17),
(19442, 0, 10017, 18),
(19554, 0, 10017, 19),
(19555, 0, 10017, 20),
(19556, 0, 10017, 21),
(19557, 0, 10017, 22),
(19558, 0, 10017, 23),
(19559, 0, 10017, 24),
(19560, 0, 10017, 25),
(19561, 0, 10017, 26),
(19562, 0, 10017, 27),
(19563, 0, 10017, 28),
(19564, 0, 10017, 29),
(18550, 0, 10017, 30),
(19565, 0, 10017, 31),
(19566, 0, 10017, 32),
(19567, 0, 10017, 33),
(19568, 0, 10017, 34),
(19569, 0, 10017, 35),
(17412, 0, 10017, 36);

REPLACE INTO `merchant_shopids` VALUES (10018, 'gm');
REPLACE INTO `merchant_buylists` (`item_id`,`price`,`shop_id`,`order`) VALUES
(19778, 0, 10018, 1),
(19779, 0, 10018, 2),
(19780, 0, 10018, 3),
(19781, 0, 10018, 4),
(19782, 0, 10018, 5),
(19783, 0, 10018, 6),
(19784, 0, 10018, 7),
(19785, 0, 10018, 8),
(19786, 0, 10018, 9),
(19787, 0, 10018, 10),
(19788, 0, 10018, 11),
(17754, 0, 10018, 12),
(19789, 0, 10018, 13),
(19790, 0, 10018, 14),
(19791, 0, 10018, 15),
(19792, 0, 10018, 16),
(19793, 0, 10018, 17),
(19442, 0, 10018, 18),
(19570, 0, 10018, 19),
(19571, 0, 10018, 20),
(19572, 0, 10018, 21),
(19573, 0, 10018, 22),
(19574, 0, 10018, 23),
(19575, 0, 10018, 24),
(19576, 0, 10018, 25),
(19577, 0, 10018, 26),
(19578, 0, 10018, 27),
(19579, 0, 10018, 28),
(19580, 0, 10018, 29),
(18550, 0, 10018, 30),
(19581, 0, 10018, 31),
(19582, 0, 10018, 32),
(19583, 0, 10018, 33),
(19584, 0, 10018, 34),
(19585, 0, 10018, 35),
(17446, 0, 10018, 36);

REPLACE INTO `merchant_shopids` VALUES (10019, 'gm');
REPLACE INTO `merchant_buylists` (`item_id`,`price`,`shop_id`,`order`) VALUES
(33717, 0, 10019, 1),
(33718, 0, 10019, 2),
(33719, 0, 10019, 3),
(33720, 0, 10019, 4),
(33721, 0, 10019, 5),
(33722, 0, 10019, 6),
(33723, 0, 10019, 7),
(33724, 0, 10019, 8),
(33725, 0, 10019, 9),
(33726, 0, 10019, 10),
(33727, 0, 10019, 11),
(33728, 0, 10019, 12),
(33729, 0, 10019, 13),
(33730, 0, 10019, 14),
(33731, 0, 10019, 15),
(33732, 0, 10019, 16),
(33733, 0, 10019, 17),
(33734, 0, 10019, 18),
(33735, 0, 10019, 19),
(33736, 0, 10019, 20),
(33737, 0, 10019, 21),
(33738, 0, 10019, 22),
(33739, 0, 10019, 23),
(33740, 0, 10019, 24),
(33741, 0, 10019, 25),
(33742, 0, 10019, 26),
(33743, 0, 10019, 27),
(33744, 0, 10019, 28),
(33745, 0, 10019, 29),
(33746, 0, 10019, 30),
(33747, 0, 10019, 31),
(33760, 0, 10019, 32),
(33761, 0, 10019, 33),
(33762, 0, 10019, 34),
(33763, 0, 10019, 35),
(33765, 0, 10019, 36);

REPLACE INTO `merchant_shopids` VALUES (10020, 'gm');
REPLACE INTO `merchant_buylists` (`item_id`,`price`,`shop_id`,`order`) VALUES
(17755, 0, 10020, 1),
(17756, 0, 10020, 2),
(17759, 0, 10020, 3),
(17760, 0, 10020, 4),
(17763, 0, 10020, 5),
(17764, 0, 10020, 6),
(17767, 0, 10020, 7),
(17768, 0, 10020, 8),
(17771, 0, 10020, 9),
(17772, 0, 10020, 10),
(17775, 0, 10020, 11),
(17776, 0, 10020, 12),
(17779, 0, 10020, 13),
(17780, 0, 10020, 14),
(17783, 0, 10020, 15),
(17784, 0, 10020, 16),
(17787, 0, 10020, 17),
(17788, 0, 10020, 18),
(17791, 0, 10020, 19),
(17792, 0, 10020, 20),
(17795, 0, 10020, 21),
(17796, 0, 10020, 22),
(17799, 0, 10020, 23),
(17800, 0, 10020, 24),
(17803, 0, 10020, 25),
(17804, 0, 10020, 26),
(17807, 0, 10020, 27),
(17808, 0, 10020, 28),
(17811, 0, 10020, 29),
(17812, 0, 10020, 30),
(17815, 0, 10020, 31),
(17816, 0, 10020, 32);

REPLACE INTO `merchant_shopids` VALUES (10021, 'gm');
REPLACE INTO `merchant_buylists` (`item_id`,`price`,`shop_id`,`order`) VALUES
(19451, 0, 10021, 1),
(19452, 0, 10021, 2),
(19453, 0, 10021, 3),
(19454, 0, 10021, 4),
(19455, 0, 10021, 5),
(19456, 0, 10021, 6),
(19457, 0, 10021, 7),
(19458, 0, 10021, 8),
(19459, 0, 10021, 9),
(19460, 0, 10021, 10),
(19461, 0, 10021, 11),
(19462, 0, 10021, 12),
(19463, 0, 10021, 13),
(19464, 0, 10021, 14);

REPLACE INTO `merchant_shopids` VALUES (10022, 'gm');
REPLACE INTO `merchant_buylists` (`item_id`,`price`,`shop_id`,`order`) VALUES
(17321, 0, 10022, 1),
(17322, 0, 10022, 2),
(17323, 0, 10022, 3),
(19470, 0, 10022, 4),
(19471, 0, 10022, 5),
(19472, 0, 10022, 6),
(17355, 0, 10022, 7),
(17356, 0, 10022, 8),
(17357, 0, 10022, 9),
(19473, 0, 10022, 10),
(19474, 0, 10022, 11),
(19475, 0, 10022, 12),
(17413, 0, 10022, 13),
(17414, 0, 10022, 14),
(17415, 0, 10022, 15),
(19476, 0, 10022, 16),
(19477, 0, 10022, 17),
(19478, 0, 10022, 18),
(17447, 0, 10022, 19),
(17448, 0, 10022, 20),
(17449, 0, 10022, 21),
(19479, 0, 10022, 22),
(19480, 0, 10022, 23),
(19481, 0, 10022, 24),
(17481, 0, 10022, 25),
(17482, 0, 10022, 26),
(17483, 0, 10022, 27),
(30307, 0, 10022, 28),
(30308, 0, 10022, 29),
(30309, 0, 10022, 30);

REPLACE INTO `merchant_shopids` VALUES (10023, 'gm');
REPLACE INTO `merchant_buylists` (`item_id`,`price`,`shop_id`,`order`) VALUES
(30392, 0, 10023, 1),
(30393, 0, 10023, 2),
(30394, 0, 10023, 3),
(30395, 0, 10023, 4),
(30396, 0, 10023, 5),
(30397, 0, 10023, 6),
(30398, 0, 10023, 7),
(30399, 0, 10023, 8),
(30400, 0, 10023, 9),
(30401, 0, 10023, 10),
(30402, 0, 10023, 11),
(30403, 0, 10023, 12),
(30404, 0, 10023, 13),
(30405, 0, 10023, 14);

REPLACE INTO `merchant_shopids` VALUES (10024, 'gm');
REPLACE INTO `merchant_buylists` (`item_id`,`price`,`shop_id`,`order`) VALUES
(19938, 0, 10024, 1),
(19939, 0, 10024, 2),
(19940, 0, 10024, 3),
(19941, 0, 10024, 4),
(19942, 0, 10024, 5),
(19943, 0, 10024, 6),
(19944, 0, 10024, 7),
(19945, 0, 10024, 8),
(19946, 0, 10024, 9),
(19947, 0, 10024, 10),
(19948, 0, 10024, 11),
(19949, 0, 10024, 12),
(19950, 0, 10024, 13),
(19951, 0, 10024, 14),
(19952, 0, 10024, 15),
(19953, 0, 10024, 16),
(19954, 0, 10024, 17),
(19955, 0, 10024, 18),
(19956, 0, 10024, 19),
(19957, 0, 10024, 20),
(19958, 0, 10024, 21),
(19959, 0, 10024, 22),
(19960, 0, 10024, 23),
(19961, 0, 10024, 24),
(19962, 0, 10024, 25),
(19963, 0, 10024, 26),
(19964, 0, 10024, 27),
(19965, 0, 10024, 28),
(19966, 0, 10024, 29),
(19967, 0, 10024, 30),
(19968, 0, 10024, 31),
(19969, 0, 10024, 32),
(19970, 0, 10024, 33),
(19971, 0, 10024, 34),
(19972, 0, 10024, 35),
(19973, 0, 10024, 36),
(19974, 0, 10024, 37),
(19975, 0, 10024, 38),
(19976, 0, 10024, 39),
(19977, 0, 10024, 40),
(19978, 0, 10024, 41),
(19979, 0, 10024, 42);

REPLACE INTO `merchant_shopids` VALUES (10025, 'gm');
REPLACE INTO `merchant_buylists` (`item_id`,`price`,`shop_id`,`order`) VALUES
(30022, 0, 10025, 1),
(30023, 0, 10025, 2),
(30024, 0, 10025, 3),
(30025, 0, 10025, 4),
(30026, 0, 10025, 5),
(30027, 0, 10025, 6),
(30028, 0, 10025, 7),
(30029, 0, 10025, 8),
(30030, 0, 10025, 9),
(30031, 0, 10025, 10),
(30032, 0, 10025, 11),
(30033, 0, 10025, 12),
(30034, 0, 10025, 13),
(30035, 0, 10025, 14),
(30036, 0, 10025, 15),
(30037, 0, 10025, 16),
(30038, 0, 10025, 17),
(30039, 0, 10025, 18),
(30040, 0, 10025, 19),
(30041, 0, 10025, 20),
(30042, 0, 10025, 21),
(30043, 0, 10025, 22),
(30044, 0, 10025, 23),
(30045, 0, 10025, 24),
(30046, 0, 10025, 25),
(30047, 0, 10025, 26),
(30048, 0, 10025, 27),
(30049, 0, 10025, 28),
(30050, 0, 10025, 29),
(30051, 0, 10025, 30),
(30052, 0, 10025, 31),
(30053, 0, 10025, 32),
(30054, 0, 10025, 33),
(30055, 0, 10025, 34),
(30056, 0, 10025, 35),
(30057, 0, 10025, 36),
(30058, 0, 10025, 37),
(30059, 0, 10025, 38),
(30060, 0, 10025, 39),
(30061, 0, 10025, 40),
(30062, 0, 10025, 41),
(30063, 0, 10025, 42);

REPLACE INTO `merchant_shopids` VALUES (10026, 'gm');
REPLACE INTO `merchant_buylists` (`item_id`,`price`,`shop_id`,`order`) VALUES
(30106, 0, 10026, 1),
(30107, 0, 10026, 2),
(30108, 0, 10026, 3),
(30109, 0, 10026, 4),
(30110, 0, 10026, 5),
(30111, 0, 10026, 6),
(30112, 0, 10026, 7),
(30113, 0, 10026, 8),
(30114, 0, 10026, 9),
(30115, 0, 10026, 10),
(30116, 0, 10026, 11),
(30117, 0, 10026, 12),
(30118, 0, 10026, 13),
(30119, 0, 10026, 14),
(30120, 0, 10026, 15),
(30121, 0, 10026, 16),
(30122, 0, 10026, 17),
(30123, 0, 10026, 18),
(30124, 0, 10026, 19),
(30125, 0, 10026, 20),
(30126, 0, 10026, 21),
(30127, 0, 10026, 22),
(30128, 0, 10026, 23),
(30129, 0, 10026, 24),
(30130, 0, 10026, 25),
(30131, 0, 10026, 26),
(30132, 0, 10026, 27),
(30133, 0, 10026, 28),
(30134, 0, 10026, 29),
(30135, 0, 10026, 30),
(30136, 0, 10026, 31),
(30137, 0, 10026, 32),
(30138, 0, 10026, 33),
(30139, 0, 10026, 34),
(30140, 0, 10026, 35),
(30141, 0, 10026, 36),
(30142, 0, 10026, 37),
(30143, 0, 10026, 38),
(30144, 0, 10026, 39),
(30145, 0, 10026, 40),
(30146, 0, 10026, 41),
(30147, 0, 10026, 42);

REPLACE INTO `merchant_shopids` VALUES (10027, 'gm');
REPLACE INTO `merchant_buylists` (`item_id`,`price`,`shop_id`,`order`) VALUES
(30190, 0, 10027, 1),
(30191, 0, 10027, 2),
(30192, 0, 10027, 3),
(30193, 0, 10027, 4),
(30194, 0, 10027, 5),
(30195, 0, 10027, 6),
(30196, 0, 10027, 7),
(30197, 0, 10027, 8),
(30198, 0, 10027, 9),
(30199, 0, 10027, 10),
(30200, 0, 10027, 11),
(30201, 0, 10027, 12),
(30202, 0, 10027, 13),
(30203, 0, 10027, 14),
(30204, 0, 10027, 15),
(30205, 0, 10027, 16),
(30206, 0, 10027, 17),
(30207, 0, 10027, 18),
(30208, 0, 10027, 19),
(30209, 0, 10027, 20),
(30210, 0, 10027, 21),
(30211, 0, 10027, 22),
(30212, 0, 10027, 23),
(30213, 0, 10027, 24),
(30214, 0, 10027, 25),
(30215, 0, 10027, 26),
(30216, 0, 10027, 27),
(30217, 0, 10027, 28),
(30218, 0, 10027, 29),
(30219, 0, 10027, 30),
(30220, 0, 10027, 31),
(30221, 0, 10027, 32),
(30222, 0, 10027, 33),
(30223, 0, 10027, 34),
(30224, 0, 10027, 35),
(30225, 0, 10027, 36),
(30226, 0, 10027, 37),
(30227, 0, 10027, 38),
(30228, 0, 10027, 39),
(30229, 0, 10027, 40),
(30230, 0, 10027, 41),
(30231, 0, 10027, 42);

REPLACE INTO `merchant_shopids` VALUES (10028, 'gm');
REPLACE INTO `merchant_buylists` (`item_id`,`price`,`shop_id`,`order`) VALUES
(17754, 0, 10028, 1),
(19441, 0, 10028, 2),
(19442, 0, 10028, 3),
(18550, 0, 10028, 4),
(19443, 0, 10028, 5),
(17526, 0, 10028, 6),
(17527, 0, 10028, 7),
(19447, 0, 10028, 8),
(19448, 0, 10028, 9),
(17371, 0, 10028, 10),
(19440, 0, 10028, 11),
(18564, 0, 10028, 12),
(18565, 0, 10028, 13),
(18566, 0, 10028, 14),
(18569, 0, 10028, 15),
(18570, 0, 10028, 16),
(18571, 0, 10028, 17),
(18574, 0, 10028, 18),
(18575, 0, 10028, 19),
(18576, 0, 10028, 20),
(19166, 0, 10028, 21),
(19167, 0, 10028, 22),
(19168, 0, 10028, 23),
(8599, 0, 10028, 24),
(22425, 0, 10028, 25),
(22426, 0, 10028, 26),
(22427, 0, 10028, 27),
(33478, 0, 10028, 28),
(22428, 0, 10028, 29),
(22429, 0, 10028, 30),
(22430, 0, 10028, 31),
(33479, 0, 10028, 32);

REPLACE INTO `merchant_shopids` VALUES (10029, 'gm');
REPLACE INTO `merchant_buylists` (`item_id`,`price`,`shop_id`,`order`) VALUES
(19124, 0, 10029, 1),
(19125, 0, 10029, 2),
(19126, 0, 10029, 3),
(19127, 0, 10029, 4),
(19128, 0, 10029, 5),
(19129, 0, 10029, 6),
(19130, 0, 10029, 7),
(19131, 0, 10029, 8),
(19132, 0, 10029, 9),
(19133, 0, 10029, 10),
(19134, 0, 10029, 11),
(19135, 0, 10029, 12),
(19136, 0, 10029, 13),
(19137, 0, 10029, 14),
(19138, 0, 10029, 15),
(19139, 0, 10029, 16),
(19140, 0, 10029, 17),
(19141, 0, 10029, 18),
(19142, 0, 10029, 19),
(19143, 0, 10029, 20),
(19144, 0, 10029, 21),
(19145, 0, 10029, 22),
(19146, 0, 10029, 23),
(19147, 0, 10029, 24),
(19148, 0, 10029, 25),
(19149, 0, 10029, 26),
(19150, 0, 10029, 27),
(19151, 0, 10029, 28),
(19152, 0, 10029, 29),
(19153, 0, 10029, 30),
(19154, 0, 10029, 31),
(19155, 0, 10029, 32),
(19156, 0, 10029, 33),
(19157, 0, 10029, 34),
(19158, 0, 10029, 35),
(19159, 0, 10029, 36),
(19160, 0, 10029, 37),
(19161, 0, 10029, 38),
(19162, 0, 10029, 39),
(19163, 0, 10029, 40),
(19164, 0, 10029, 41),
(19165, 0, 10029, 42);

REPLACE INTO `merchant_shopids` VALUES (10030, 'gm');
REPLACE INTO `merchant_buylists` (`item_id`,`price`,`shop_id`,`order`) VALUES
(19714, 0, 10030, 1),
(19715, 0, 10030, 2),
(19716, 0, 10030, 3),
(19717, 0, 10030, 4),
(19718, 0, 10030, 5),
(19719, 0, 10030, 6),
(19720, 0, 10030, 7),
(19721, 0, 10030, 8),
(19722, 0, 10030, 9),
(19723, 0, 10030, 10),
(19724, 0, 10030, 11),
(17754, 0, 10030, 12),
(19725, 0, 10030, 13),
(19726, 0, 10030, 14),
(19727, 0, 10030, 15),
(19728, 0, 10030, 16),
(19729, 0, 10030, 17),
(19442, 0, 10030, 18),
(19922, 0, 10030, 19),
(19923, 0, 10030, 20),
(19924, 0, 10030, 21),
(19925, 0, 10030, 22),
(19926, 0, 10030, 23),
(19927, 0, 10030, 24),
(19928, 0, 10030, 25),
(19929, 0, 10030, 26),
(19930, 0, 10030, 27),
(19931, 0, 10030, 28),
(19932, 0, 10030, 29),
(18550, 0, 10030, 30),
(19933, 0, 10030, 31),
(19934, 0, 10030, 32),
(19935, 0, 10030, 33),
(19936, 0, 10030, 34),
(19937, 0, 10030, 35),
(17480, 0, 10030, 36);

REPLACE INTO `merchant_shopids` VALUES (10031, 'gm');
REPLACE INTO `merchant_buylists` (`item_id`,`price`,`shop_id`,`order`) VALUES
(19746, 0, 10031, 1),
(19747, 0, 10031, 2),
(19748, 0, 10031, 3),
(19749, 0, 10031, 4),
(19750, 0, 10031, 5),
(19751, 0, 10031, 6),
(19752, 0, 10031, 7),
(19753, 0, 10031, 8),
(19754, 0, 10031, 9),
(19755, 0, 10031, 10),
(19756, 0, 10031, 11),
(17754, 0, 10031, 12),
(19757, 0, 10031, 13),
(19758, 0, 10031, 14),
(19759, 0, 10031, 15),
(19760, 0, 10031, 16),
(19761, 0, 10031, 17),
(19442, 0, 10031, 18),
(19538, 0, 10031, 19),
(19539, 0, 10031, 20),
(19540, 0, 10031, 21),
(19541, 0, 10031, 22),
(19542, 0, 10031, 23),
(19543, 0, 10031, 24),
(19544, 0, 10031, 25),
(19545, 0, 10031, 26),
(19546, 0, 10031, 27),
(19547, 0, 10031, 28),
(19548, 0, 10031, 29),
(18550, 0, 10031, 30),
(19549, 0, 10031, 31),
(19550, 0, 10031, 32),
(19551, 0, 10031, 33),
(19552, 0, 10031, 34),
(19553, 0, 10031, 35),
(17354, 0, 10031, 36);

REPLACE INTO `merchant_shopids` VALUES (10032, 'gm');
REPLACE INTO `merchant_buylists` (`item_id`,`price`,`shop_id`,`order`) VALUES
(30310, 0, 10032, 1),
(30311, 0, 10032, 2),
(30312, 0, 10032, 3),
(30313, 0, 10032, 4),
(30314, 0, 10032, 5),
(30315, 0, 10032, 6),
(30316, 0, 10032, 7),
(30317, 0, 10032, 8);

-- 「精靈村莊」刪除舊的 NPC
DELETE FROM `spawnlist` WHERE `npc_templateid` IN (30146,30147,30148,30149,30150,30151,30152,30153,30154,30155,30156,30157,30158,30216,30217,30218,30219,30220,30221,30222,30223,30284,30285,30361,30362,30363,30414,30599,30991,31031,31358,31359,31563,31688,31769,31780,31781,31848,32478,32783,35230);

-- 「精靈村莊」加入新的 NPC
REPLACE INTO `npc` VALUES
(30146,30146,'LineageNPC.teleport_dummy',0,'',0,'','28','40',85,'etc','L2Teleporter',40,'4228','2038','100','50',40,43,30,21,20,20,0,0,'1000','350','700','250',299,4,398,0,0,0,50,120,0,1);

REPLACE INTO `npcaidata` VALUES
(30146,7,15,0,1000,0,1,1,0,0,0,0,0,0,0,0,0,0,NULL,300,NULL,0,0,'balanced');

REPLACE INTO `npc_elementals` VALUES
(30146,0,0,20,20,20,20,20,20);

REPLACE INTO `spawnlist` VALUES
('',1,30146,45173,48889,-3056,0,0,0,60,0,0);

REPLACE INTO `teleport` VALUES
('',3014601,-14593,123936,-3120,0,0,57),
('',3014602,115357,-178212,-928,0,0,57),
('',3014603,-111988,257240,-1376,0,0,57),
('',3014604,-44124,-113390,-240,0,0,57),
('',3014605,-117001,46589,360,0,0,57),
('',3014606,21362,51122,-3688,0,0,57),
('',3014607,29294,74968,-3776,0,0,57),
('',3014608,-10612,75881,-3592,0,0,57);