/************ Made in Taiwan ************/

REPLACE INTO `auto_announcements` VALUES
(1,900000,9000000,36000,'新說話之島 NPC 目前仍在持續製作中，請勿回報有關新說話之島 NPC 的不正常或不完整。','false');

DELETE FROM `spawnlist` WHERE `npc_templateid` IN (30484,30487);
INSERT INTO `spawnlist` (location,count,npc_templateid,locx,locy,locz,randomx,randomy,heading,respawn_delay,loc_id,periodOfDay) VALUES
('dion05_npc2021_02',1,30484,17627,114750,-11688,0,0,16384,60,0,0),
('dion05_npc2021_03',1,30487,17821,114750,-11688,0,0,16384,60,0,0);
REPLACE INTO `teleport` VALUES
('Cruma Tower 2nd floor -> Cruma Tower 1st floor',24,17728,114750,-11688,0,0,57);

REPLACE INTO `merchant_shopids` VALUES (10016, 'gm');
REPLACE INTO `merchant_buylists` (`item_id`,`price`,`shop_id`,`order`) VALUES
(19730, 0, 10016, 1),
(19731, 0, 10016, 2),
(19732, 0, 10016, 3),
(19733, 0, 10016, 4),
(19734, 0, 10016, 5),
(19735, 0, 10016, 6),
(19736, 0, 10016, 7),
(19737, 0, 10016, 8),
(19738, 0, 10016, 9),
(19739, 0, 10016, 10),
(19740, 0, 10016, 11),
(17754, 0, 10016, 12),
(19741, 0, 10016, 13),
(19742, 0, 10016, 14),
(19743, 0, 10016, 15),
(19744, 0, 10016, 16),
(19745, 0, 10016, 17),
(19442, 0, 10016, 18),
(19522, 0, 10016, 19),
(19523, 0, 10016, 20),
(19524, 0, 10016, 21),
(19525, 0, 10016, 22),
(19526, 0, 10016, 23),
(19527, 0, 10016, 24),
(19528, 0, 10016, 25),
(19529, 0, 10016, 26),
(19530, 0, 10016, 27),
(19531, 0, 10016, 28),
(19532, 0, 10016, 29),
(18550, 0, 10016, 30),
(19533, 0, 10016, 31),
(19534, 0, 10016, 32),
(19535, 0, 10016, 33),
(19536, 0, 10016, 34),
(19537, 0, 10016, 35),
(17320, 0, 10016, 36);

REPLACE INTO `merchant_shopids` VALUES (10017, 'gm');
REPLACE INTO `merchant_buylists` (`item_id`,`price`,`shop_id`,`order`) VALUES
(19762, 0, 10017, 1),
(19763, 0, 10017, 2),
(19764, 0, 10017, 3),
(19765, 0, 10017, 4),
(19766, 0, 10017, 5),
(19767, 0, 10017, 6),
(19768, 0, 10017, 7),
(19769, 0, 10017, 8),
(19770, 0, 10017, 9),
(19771, 0, 10017, 10),
(19772, 0, 10017, 11),
(17754, 0, 10017, 12),
(19773, 0, 10017, 13),
(19774, 0, 10017, 14),
(19775, 0, 10017, 15),
(19776, 0, 10017, 16),
(19777, 0, 10017, 17),
(19442, 0, 10017, 18),
(19554, 0, 10017, 19),
(19555, 0, 10017, 20),
(19556, 0, 10017, 21),
(19557, 0, 10017, 22),
(19558, 0, 10017, 23),
(19559, 0, 10017, 24),
(19560, 0, 10017, 25),
(19561, 0, 10017, 26),
(19562, 0, 10017, 27),
(19563, 0, 10017, 28),
(19564, 0, 10017, 29),
(18550, 0, 10017, 30),
(19565, 0, 10017, 31),
(19566, 0, 10017, 32),
(19567, 0, 10017, 33),
(19568, 0, 10017, 34),
(19569, 0, 10017, 35),
(17412, 0, 10017, 36);

REPLACE INTO `merchant_shopids` VALUES (10018, 'gm');
REPLACE INTO `merchant_buylists` (`item_id`,`price`,`shop_id`,`order`) VALUES
(19778, 0, 10018, 1),
(19779, 0, 10018, 2),
(19780, 0, 10018, 3),
(19781, 0, 10018, 4),
(19782, 0, 10018, 5),
(19783, 0, 10018, 6),
(19784, 0, 10018, 7),
(19785, 0, 10018, 8),
(19786, 0, 10018, 9),
(19787, 0, 10018, 10),
(19788, 0, 10018, 11),
(17754, 0, 10018, 12),
(19789, 0, 10018, 13),
(19790, 0, 10018, 14),
(19791, 0, 10018, 15),
(19792, 0, 10018, 16),
(19793, 0, 10018, 17),
(19442, 0, 10018, 18),
(19570, 0, 10018, 19),
(19571, 0, 10018, 20),
(19572, 0, 10018, 21),
(19573, 0, 10018, 22),
(19574, 0, 10018, 23),
(19575, 0, 10018, 24),
(19576, 0, 10018, 25),
(19577, 0, 10018, 26),
(19578, 0, 10018, 27),
(19579, 0, 10018, 28),
(19580, 0, 10018, 29),
(18550, 0, 10018, 30),
(19581, 0, 10018, 31),
(19582, 0, 10018, 32),
(19583, 0, 10018, 33),
(19584, 0, 10018, 34),
(19585, 0, 10018, 35),
(17446, 0, 10018, 36);

REPLACE INTO `merchant_shopids` VALUES (10019, 'gm');
REPLACE INTO `merchant_buylists` (`item_id`,`price`,`shop_id`,`order`) VALUES
(33717, 0, 10019, 1),
(33718, 0, 10019, 2),
(33719, 0, 10019, 3),
(33720, 0, 10019, 4),
(33721, 0, 10019, 5),
(33722, 0, 10019, 6),
(33723, 0, 10019, 7),
(33724, 0, 10019, 8),
(33725, 0, 10019, 9),
(33726, 0, 10019, 10),
(33727, 0, 10019, 11),
(33728, 0, 10019, 12),
(33729, 0, 10019, 13),
(33730, 0, 10019, 14),
(33731, 0, 10019, 15),
(33732, 0, 10019, 16),
(33733, 0, 10019, 17),
(33734, 0, 10019, 18),
(33735, 0, 10019, 19),
(33736, 0, 10019, 20),
(33737, 0, 10019, 21),
(33738, 0, 10019, 22),
(33739, 0, 10019, 23),
(33740, 0, 10019, 24),
(33741, 0, 10019, 25),
(33742, 0, 10019, 26),
(33743, 0, 10019, 27),
(33744, 0, 10019, 28),
(33745, 0, 10019, 29),
(33746, 0, 10019, 30),
(33747, 0, 10019, 31),
(33760, 0, 10019, 32),
(33761, 0, 10019, 33),
(33762, 0, 10019, 34),
(33763, 0, 10019, 35),
(33765, 0, 10019, 36);

REPLACE INTO `merchant_shopids` VALUES (10020, 'gm');
REPLACE INTO `merchant_buylists` (`item_id`,`price`,`shop_id`,`order`) VALUES
(17755, 0, 10020, 1),
(17756, 0, 10020, 2),
(17759, 0, 10020, 3),
(17760, 0, 10020, 4),
(17763, 0, 10020, 5),
(17764, 0, 10020, 6),
(17767, 0, 10020, 7),
(17768, 0, 10020, 8),
(17771, 0, 10020, 9),
(17772, 0, 10020, 10),
(17775, 0, 10020, 11),
(17776, 0, 10020, 12),
(17779, 0, 10020, 13),
(17780, 0, 10020, 14),
(17783, 0, 10020, 15),
(17784, 0, 10020, 16),
(17787, 0, 10020, 17),
(17788, 0, 10020, 18),
(17791, 0, 10020, 19),
(17792, 0, 10020, 20),
(17795, 0, 10020, 21),
(17796, 0, 10020, 22),
(17799, 0, 10020, 23),
(17800, 0, 10020, 24),
(17803, 0, 10020, 25),
(17804, 0, 10020, 26),
(17807, 0, 10020, 27),
(17808, 0, 10020, 28),
(17811, 0, 10020, 29),
(17812, 0, 10020, 30),
(17815, 0, 10020, 31),
(17816, 0, 10020, 32);

REPLACE INTO `merchant_shopids` VALUES (10021, 'gm');
REPLACE INTO `merchant_buylists` (`item_id`,`price`,`shop_id`,`order`) VALUES
(19451, 0, 10021, 1),
(19452, 0, 10021, 2),
(19453, 0, 10021, 3),
(19454, 0, 10021, 4),
(19455, 0, 10021, 5),
(19456, 0, 10021, 6),
(19457, 0, 10021, 7),
(19458, 0, 10021, 8),
(19459, 0, 10021, 9),
(19460, 0, 10021, 10),
(19461, 0, 10021, 11),
(19462, 0, 10021, 12),
(19463, 0, 10021, 13),
(19464, 0, 10021, 14);

REPLACE INTO `merchant_shopids` VALUES (10022, 'gm');
REPLACE INTO `merchant_buylists` (`item_id`,`price`,`shop_id`,`order`) VALUES
(17321, 0, 10022, 1),
(17322, 0, 10022, 2),
(17323, 0, 10022, 3),
(19470, 0, 10022, 4),
(19471, 0, 10022, 5),
(19472, 0, 10022, 6),
(17355, 0, 10022, 7),
(17356, 0, 10022, 8),
(17357, 0, 10022, 9),
(19473, 0, 10022, 10),
(19474, 0, 10022, 11),
(19475, 0, 10022, 12),
(17413, 0, 10022, 13),
(17414, 0, 10022, 14),
(17415, 0, 10022, 15),
(19476, 0, 10022, 16),
(19477, 0, 10022, 17),
(19478, 0, 10022, 18),
(17447, 0, 10022, 19),
(17448, 0, 10022, 20),
(17449, 0, 10022, 21),
(19479, 0, 10022, 22),
(19480, 0, 10022, 23),
(19481, 0, 10022, 24),
(17481, 0, 10022, 25),
(17482, 0, 10022, 26),
(17483, 0, 10022, 27),
(30307, 0, 10022, 28),
(30308, 0, 10022, 29),
(30309, 0, 10022, 30);

REPLACE INTO `merchant_shopids` VALUES (10023, 'gm');
REPLACE INTO `merchant_buylists` (`item_id`,`price`,`shop_id`,`order`) VALUES
(30392, 0, 10023, 1),
(30393, 0, 10023, 2),
(30394, 0, 10023, 3),
(30395, 0, 10023, 4),
(30396, 0, 10023, 5),
(30397, 0, 10023, 6),
(30398, 0, 10023, 7),
(30399, 0, 10023, 8),
(30400, 0, 10023, 9),
(30401, 0, 10023, 10),
(30402, 0, 10023, 11),
(30403, 0, 10023, 12),
(30404, 0, 10023, 13),
(30405, 0, 10023, 14);

REPLACE INTO `merchant_shopids` VALUES (10024, 'gm');
REPLACE INTO `merchant_buylists` (`item_id`,`price`,`shop_id`,`order`) VALUES
(19938, 0, 10024, 1),
(19939, 0, 10024, 2),
(19940, 0, 10024, 3),
(19941, 0, 10024, 4),
(19942, 0, 10024, 5),
(19943, 0, 10024, 6),
(19944, 0, 10024, 7),
(19945, 0, 10024, 8),
(19946, 0, 10024, 9),
(19947, 0, 10024, 10),
(19948, 0, 10024, 11),
(19949, 0, 10024, 12),
(19950, 0, 10024, 13),
(19951, 0, 10024, 14),
(19952, 0, 10024, 15),
(19953, 0, 10024, 16),
(19954, 0, 10024, 17),
(19955, 0, 10024, 18),
(19956, 0, 10024, 19),
(19957, 0, 10024, 20),
(19958, 0, 10024, 21),
(19959, 0, 10024, 22),
(19960, 0, 10024, 23),
(19961, 0, 10024, 24),
(19962, 0, 10024, 25),
(19963, 0, 10024, 26),
(19964, 0, 10024, 27),
(19965, 0, 10024, 28),
(19966, 0, 10024, 29),
(19967, 0, 10024, 30),
(19968, 0, 10024, 31),
(19969, 0, 10024, 32),
(19970, 0, 10024, 33),
(19971, 0, 10024, 34),
(19972, 0, 10024, 35),
(19973, 0, 10024, 36),
(19974, 0, 10024, 37),
(19975, 0, 10024, 38),
(19976, 0, 10024, 39),
(19977, 0, 10024, 40),
(19978, 0, 10024, 41),
(19979, 0, 10024, 42);

REPLACE INTO `merchant_shopids` VALUES (10025, 'gm');
REPLACE INTO `merchant_buylists` (`item_id`,`price`,`shop_id`,`order`) VALUES
(30022, 0, 10025, 1),
(30023, 0, 10025, 2),
(30024, 0, 10025, 3),
(30025, 0, 10025, 4),
(30026, 0, 10025, 5),
(30027, 0, 10025, 6),
(30028, 0, 10025, 7),
(30029, 0, 10025, 8),
(30030, 0, 10025, 9),
(30031, 0, 10025, 10),
(30032, 0, 10025, 11),
(30033, 0, 10025, 12),
(30034, 0, 10025, 13),
(30035, 0, 10025, 14),
(30036, 0, 10025, 15),
(30037, 0, 10025, 16),
(30038, 0, 10025, 17),
(30039, 0, 10025, 18),
(30040, 0, 10025, 19),
(30041, 0, 10025, 20),
(30042, 0, 10025, 21),
(30043, 0, 10025, 22),
(30044, 0, 10025, 23),
(30045, 0, 10025, 24),
(30046, 0, 10025, 25),
(30047, 0, 10025, 26),
(30048, 0, 10025, 27),
(30049, 0, 10025, 28),
(30050, 0, 10025, 29),
(30051, 0, 10025, 30),
(30052, 0, 10025, 31),
(30053, 0, 10025, 32),
(30054, 0, 10025, 33),
(30055, 0, 10025, 34),
(30056, 0, 10025, 35),
(30057, 0, 10025, 36),
(30058, 0, 10025, 37),
(30059, 0, 10025, 38),
(30060, 0, 10025, 39),
(30061, 0, 10025, 40),
(30062, 0, 10025, 41),
(30063, 0, 10025, 42);

REPLACE INTO `merchant_shopids` VALUES (10026, 'gm');
REPLACE INTO `merchant_buylists` (`item_id`,`price`,`shop_id`,`order`) VALUES
(30106, 0, 10026, 1),
(30107, 0, 10026, 2),
(30108, 0, 10026, 3),
(30109, 0, 10026, 4),
(30110, 0, 10026, 5),
(30111, 0, 10026, 6),
(30112, 0, 10026, 7),
(30113, 0, 10026, 8),
(30114, 0, 10026, 9),
(30115, 0, 10026, 10),
(30116, 0, 10026, 11),
(30117, 0, 10026, 12),
(30118, 0, 10026, 13),
(30119, 0, 10026, 14),
(30120, 0, 10026, 15),
(30121, 0, 10026, 16),
(30122, 0, 10026, 17),
(30123, 0, 10026, 18),
(30124, 0, 10026, 19),
(30125, 0, 10026, 20),
(30126, 0, 10026, 21),
(30127, 0, 10026, 22),
(30128, 0, 10026, 23),
(30129, 0, 10026, 24),
(30130, 0, 10026, 25),
(30131, 0, 10026, 26),
(30132, 0, 10026, 27),
(30133, 0, 10026, 28),
(30134, 0, 10026, 29),
(30135, 0, 10026, 30),
(30136, 0, 10026, 31),
(30137, 0, 10026, 32),
(30138, 0, 10026, 33),
(30139, 0, 10026, 34),
(30140, 0, 10026, 35),
(30141, 0, 10026, 36),
(30142, 0, 10026, 37),
(30143, 0, 10026, 38),
(30144, 0, 10026, 39),
(30145, 0, 10026, 40),
(30146, 0, 10026, 41),
(30147, 0, 10026, 42);

REPLACE INTO `merchant_shopids` VALUES (10027, 'gm');
REPLACE INTO `merchant_buylists` (`item_id`,`price`,`shop_id`,`order`) VALUES
(30190, 0, 10027, 1),
(30191, 0, 10027, 2),
(30192, 0, 10027, 3),
(30193, 0, 10027, 4),
(30194, 0, 10027, 5),
(30195, 0, 10027, 6),
(30196, 0, 10027, 7),
(30197, 0, 10027, 8),
(30198, 0, 10027, 9),
(30199, 0, 10027, 10),
(30200, 0, 10027, 11),
(30201, 0, 10027, 12),
(30202, 0, 10027, 13),
(30203, 0, 10027, 14),
(30204, 0, 10027, 15),
(30205, 0, 10027, 16),
(30206, 0, 10027, 17),
(30207, 0, 10027, 18),
(30208, 0, 10027, 19),
(30209, 0, 10027, 20),
(30210, 0, 10027, 21),
(30211, 0, 10027, 22),
(30212, 0, 10027, 23),
(30213, 0, 10027, 24),
(30214, 0, 10027, 25),
(30215, 0, 10027, 26),
(30216, 0, 10027, 27),
(30217, 0, 10027, 28),
(30218, 0, 10027, 29),
(30219, 0, 10027, 30),
(30220, 0, 10027, 31),
(30221, 0, 10027, 32),
(30222, 0, 10027, 33),
(30223, 0, 10027, 34),
(30224, 0, 10027, 35),
(30225, 0, 10027, 36),
(30226, 0, 10027, 37),
(30227, 0, 10027, 38),
(30228, 0, 10027, 39),
(30229, 0, 10027, 40),
(30230, 0, 10027, 41),
(30231, 0, 10027, 42);

REPLACE INTO `merchant_shopids` VALUES (10028, 'gm');
REPLACE INTO `merchant_buylists` (`item_id`,`price`,`shop_id`,`order`) VALUES
(17754, 0, 10028, 1),
(19441, 0, 10028, 2),
(19442, 0, 10028, 3),
(18550, 0, 10028, 4),
(19443, 0, 10028, 5),
(17526, 0, 10028, 6),
(17527, 0, 10028, 7),
(19447, 0, 10028, 8),
(19448, 0, 10028, 9),
(17371, 0, 10028, 10),
(19440, 0, 10028, 11),
(18564, 0, 10028, 12),
(18565, 0, 10028, 13),
(18566, 0, 10028, 14),
(18569, 0, 10028, 15),
(18570, 0, 10028, 16),
(18571, 0, 10028, 17),
(18574, 0, 10028, 18),
(18575, 0, 10028, 19),
(18576, 0, 10028, 20),
(19166, 0, 10028, 21),
(19167, 0, 10028, 22),
(19168, 0, 10028, 23),
(8599, 0, 10028, 24),
(22425, 0, 10028, 25),
(22426, 0, 10028, 26),
(22427, 0, 10028, 27),
(33478, 0, 10028, 28),
(22428, 0, 10028, 29),
(22429, 0, 10028, 30),
(22430, 0, 10028, 31),
(33479, 0, 10028, 32),
(17697, 0, 10028, 33),
(17698, 0, 10028, 34),
(17699, 0, 10028, 35),
(17700, 0, 10028, 36),
(17701, 0, 10028, 37),
(17702, 0, 10028, 38);

REPLACE INTO `merchant_shopids` VALUES (10029, 'gm');
REPLACE INTO `merchant_buylists` (`item_id`,`price`,`shop_id`,`order`) VALUES
(19124, 0, 10029, 1),
(19125, 0, 10029, 2),
(19126, 0, 10029, 3),
(19127, 0, 10029, 4),
(19128, 0, 10029, 5),
(19129, 0, 10029, 6),
(19130, 0, 10029, 7),
(19131, 0, 10029, 8),
(19132, 0, 10029, 9),
(19133, 0, 10029, 10),
(19134, 0, 10029, 11),
(19135, 0, 10029, 12),
(19136, 0, 10029, 13),
(19137, 0, 10029, 14),
(19138, 0, 10029, 15),
(19139, 0, 10029, 16),
(19140, 0, 10029, 17),
(19141, 0, 10029, 18),
(19142, 0, 10029, 19),
(19143, 0, 10029, 20),
(19144, 0, 10029, 21),
(19145, 0, 10029, 22),
(19146, 0, 10029, 23),
(19147, 0, 10029, 24),
(19148, 0, 10029, 25),
(19149, 0, 10029, 26),
(19150, 0, 10029, 27),
(19151, 0, 10029, 28),
(19152, 0, 10029, 29),
(19153, 0, 10029, 30),
(19154, 0, 10029, 31),
(19155, 0, 10029, 32),
(19156, 0, 10029, 33),
(19157, 0, 10029, 34),
(19158, 0, 10029, 35),
(19159, 0, 10029, 36),
(19160, 0, 10029, 37),
(19161, 0, 10029, 38),
(19162, 0, 10029, 39),
(19163, 0, 10029, 40),
(19164, 0, 10029, 41),
(19165, 0, 10029, 42);

REPLACE INTO `merchant_shopids` VALUES (10030, 'gm');
REPLACE INTO `merchant_buylists` (`item_id`,`price`,`shop_id`,`order`) VALUES
(19714, 0, 10030, 1),
(19715, 0, 10030, 2),
(19716, 0, 10030, 3),
(19717, 0, 10030, 4),
(19718, 0, 10030, 5),
(19719, 0, 10030, 6),
(19720, 0, 10030, 7),
(19721, 0, 10030, 8),
(19722, 0, 10030, 9),
(19723, 0, 10030, 10),
(19724, 0, 10030, 11),
(17754, 0, 10030, 12),
(19725, 0, 10030, 13),
(19726, 0, 10030, 14),
(19727, 0, 10030, 15),
(19728, 0, 10030, 16),
(19729, 0, 10030, 17),
(19442, 0, 10030, 18),
(19922, 0, 10030, 19),
(19923, 0, 10030, 20),
(19924, 0, 10030, 21),
(19925, 0, 10030, 22),
(19926, 0, 10030, 23),
(19927, 0, 10030, 24),
(19928, 0, 10030, 25),
(19929, 0, 10030, 26),
(19930, 0, 10030, 27),
(19931, 0, 10030, 28),
(19932, 0, 10030, 29),
(18550, 0, 10030, 30),
(19933, 0, 10030, 31),
(19934, 0, 10030, 32),
(19935, 0, 10030, 33),
(19936, 0, 10030, 34),
(19937, 0, 10030, 35),
(17480, 0, 10030, 36);

REPLACE INTO `merchant_shopids` VALUES (10031, 'gm');
REPLACE INTO `merchant_buylists` (`item_id`,`price`,`shop_id`,`order`) VALUES
(19746, 0, 10031, 1),
(19747, 0, 10031, 2),
(19748, 0, 10031, 3),
(19749, 0, 10031, 4),
(19750, 0, 10031, 5),
(19751, 0, 10031, 6),
(19752, 0, 10031, 7),
(19753, 0, 10031, 8),
(19754, 0, 10031, 9),
(19755, 0, 10031, 10),
(19756, 0, 10031, 11),
(17754, 0, 10031, 12),
(19757, 0, 10031, 13),
(19758, 0, 10031, 14),
(19759, 0, 10031, 15),
(19760, 0, 10031, 16),
(19761, 0, 10031, 17),
(19442, 0, 10031, 18),
(19538, 0, 10031, 19),
(19539, 0, 10031, 20),
(19540, 0, 10031, 21),
(19541, 0, 10031, 22),
(19542, 0, 10031, 23),
(19543, 0, 10031, 24),
(19544, 0, 10031, 25),
(19545, 0, 10031, 26),
(19546, 0, 10031, 27),
(19547, 0, 10031, 28),
(19548, 0, 10031, 29),
(18550, 0, 10031, 30),
(19549, 0, 10031, 31),
(19550, 0, 10031, 32),
(19551, 0, 10031, 33),
(19552, 0, 10031, 34),
(19553, 0, 10031, 35),
(17354, 0, 10031, 36);

REPLACE INTO `merchant_shopids` VALUES (10032, 'gm');
REPLACE INTO `merchant_buylists` (`item_id`,`price`,`shop_id`,`order`) VALUES
(30310, 0, 10032, 1),
(30311, 0, 10032, 2),
(30312, 0, 10032, 3),
(30313, 0, 10032, 4),
(30314, 0, 10032, 5),
(30315, 0, 10032, 6),
(30316, 0, 10032, 7),
(30317, 0, 10032, 8);

-- 更新可接受免費輔助魔法的最低等級
UPDATE `helper_buff_list` SET `lower_level` = 1 WHERE lower_level = 6;

-- 「精靈村莊」刪除舊的 NPC
DELETE FROM `spawnlist` WHERE `npc_templateid` IN (30146,30147,30148,30149,30150,30151,30152,30153,30154,30155,30156,30157,30158,30216,30217,30218,30219,30220,30221,30222,30223,30284,30285,30361,30362,30363,30370,30400,30414,30599,30991,31031,31358,31359,31563,31688,31769,31780,31781,31848,32478,32529,32783,35230);
-- 「精靈村莊」加入新的 NPC
REPLACE INTO `npc` (`id`, `idTemplate`, `name`, `title`, `class`, `collision_radius`, `collision_height`, `level`, `type`, `attackrange`, `hp`, `mp`, `hpreg`, `mpreg`, `patk`, `pdef`, `matk`, `mdef`, `atkspd`, `critical`, `matkspd`, `rhand`, `walkspd`, `runspd`, `basestats`) VALUES
(30146,30146,'30146','','',28,40,85,'L2Teleporter',40,6680,2486,10,5,1200,400,900,300,329,4,210,0,50,120,1);
REPLACE INTO `npcaidata` (`npcId`, `aiType`) VALUES
(30146,'balanced');
REPLACE INTO `npc_elementals` VALUES
(30146,0,0,20,20,20,20,20,20);
REPLACE INTO `spawnlist` (`location`, `count`, `npc_templateid`, `locx`, `locy`, `locz`, `heading`, `respawn_delay`) VALUES
('精靈村莊',1,30146,45173,48889,-3056,0,60);
-- 「精靈村莊」加入新的傳送(尚未加入全價/半價收費的對話)
REPLACE INTO `teleport` (`Description`, `id`, `loc_x`, `loc_y`, `loc_z`, `price`) VALUES
('精靈村莊',3014600,-14593,123936,-3120,0),
('精靈村莊',3014601,115357,-178212,-928,0),
('精靈村莊',3014602,-111988,257240,-1376,0),
('精靈村莊',3014603,-44124,-113390,-240,0),
('精靈村莊',3014604,-117001,46589,360,0),
('精靈村莊',3014605,21362,51122,-3688,0),
('精靈村莊',3014606,29294,74968,-3776,0),
('精靈村莊',3014607,-10612,75881,-3592,0);


-- 「黑暗精靈村莊」刪除舊的 NPC
DELETE FROM `spawnlist` WHERE `npc_templateid` IN (30129,30130,30131,30132,30133,30134,30135,30136,30137,30138,30139,30140,30141,30143,30144,30145,30224,30305,30307,30346,30347,30348,30349,30350,30351,30352,30353,30354,30355,30356,30357,30358,30359,30360,30600,31031,31034,31360,31361,31564,31688,31770,31777,31778,31779,32478,32783,35231);
-- 「黑暗精靈村莊」加入新的 NPC
REPLACE INTO `npc` (`id`, `idTemplate`, `name`, `title`, `class`, `collision_radius`, `collision_height`, `level`, `type`, `attackrange`, `hp`, `mp`, `hpreg`, `mpreg`, `patk`, `pdef`, `matk`, `mdef`, `atkspd`, `critical`, `matkspd`, `rhand`, `walkspd`, `runspd`, `basestats`) VALUES
(30134,30134,'30134','','',28,40,85,'L2Teleporter',40,4228,2038,10,5,1200,400,900,300,299,4,398,0,1,120,1);
REPLACE INTO `npcaidata` (`npcId`, `aiType`) VALUES
(30134,'balanced');
REPLACE INTO `npc_elementals` VALUES
(30134,0,0,20,20,20,20,20,20);
REPLACE INTO `spawnlist` (`location`, `count`, `npc_templateid`, `locx`, `locy`, `locz`, `heading`, `respawn_delay`) VALUES
('黑暗精靈村莊',1,30134,11171,15932,-4584,0,60);
-- 「黑暗精靈村莊」加入新的傳送(尚未加入全價/半價收費的對話)
REPLACE INTO `teleport` (`Description`, `id`, `loc_x`, `loc_y`, `loc_z`, `price`) VALUES
('黑暗精靈村莊',3013400,-14593,123936,-3120,0),
('黑暗精靈村莊',3013401,115357,-178212,-928,0),
('黑暗精靈村莊',3013402,-111988,257240,-1376,0),
('黑暗精靈村莊',3013403,-44124,-113390,-240,0),
('黑暗精靈村莊',3013404,-117001,46589,360,0),
('黑暗精靈村莊',3013405,-15826,30477,-3616,0),
('黑暗精靈村莊',3013406,-61095,75104,-3352,0),
('黑暗精靈村莊',3013407,-10612,75881,-3592,0);


-- 「矮人村莊」刪除舊的 NPC
DELETE FROM `spawnlist` WHERE `npc_templateid` IN (30516,30517,30518,30519,30520,30521,30522,30523,30524,30525,30526,30527,30528,30529,30530,30531,30532,30533,30534,30535,30536,30537,30538,30539,30540,30541,30542,30543,30544,30545,30546,30547,30548,30550,30553,30554,30555,30601,30650,30651,30671,31031,31035,31362,31363,31566,31688,31772,31782,31783,32478,32486,32783,35644);
-- 「矮人村莊」加入新的 NPC
REPLACE INTO `npc` (`id`, `idTemplate`, `name`, `title`, `class`, `collision_radius`, `collision_height`, `level`, `type`, `attackrange`, `hp`, `mp`, `hpreg`, `mpreg`, `patk`, `pdef`, `matk`, `mdef`, `atkspd`, `critical`, `matkspd`, `rhand`, `walkspd`, `runspd`, `basestats`) VALUES
(30540,30540,'30540','','',28,40,85,'L2Teleporter',40,4228,2038,10,5,1200,400,900,300,299,4,398,0,1,120,1);
REPLACE INTO `npcaidata` (`npcId`, `aiType`) VALUES
(30540,'balanced');
REPLACE INTO `npc_elementals` VALUES
(30540,0,0,20,20,20,20,20,20);
REPLACE INTO `spawnlist` (`location`, `count`, `npc_templateid`, `locx`, `locy`, `locz`, `heading`, `respawn_delay`) VALUES
('矮人村莊',1,30540,115441,-178117,-928,0,60);
-- 「矮人村莊」加入新的傳送(尚未加入全價/半價收費的對話)
REPLACE INTO `teleport` (`Description`, `id`, `loc_x`, `loc_y`, `loc_z`, `price`) VALUES
('矮人村莊',3054000,-14593,123936,-3120,0),
('矮人村莊',3054001,87126,-143520,-1288,0),
('矮人村莊',3054002,11167,16012,-4584,0),
('矮人村莊',3054003,-111988,257240,-1376,0),
('矮人村莊',3054004,44734,49210,-3056,0),
('矮人村莊',3054005,-44124,-113390,-240,0),
('矮人村莊',3054006,-117001,46589,360,0),
('矮人村莊',3054007,139714,-177456,-1536,0),
('矮人村莊',3054008,169008,-208272,-3496,0),
('矮人村莊',3054009,136910,-205082,-3664,0),
('矮人村莊',3054010,171946,-173352,3440,0),
('矮人村莊',3054011,178591,-184615,-360,0);

-- 「半獸人村莊」刪除舊的 NPC
DELETE FROM `spawnlist` WHERE `npc_templateid` IN (30558,30559,30560,30561,30562,30563,30564,30565,30566,30567,30568,30569,30570,30571,30572,30573,30575,30576,30577,30578,30579,30580,30581,30582,30583,30584,30585,30587,30602,31031,31364,31365,31424,31565,31688,31771,31784,31785,31786,32478,32783,35645);
-- 「半獸人村莊」加入新的 NPC
REPLACE INTO `npc` (`id`, `idTemplate`, `name`, `title`, `class`, `collision_radius`, `collision_height`, `level`, `type`, `attackrange`, `hp`, `mp`, `hpreg`, `mpreg`, `patk`, `pdef`, `matk`, `mdef`, `atkspd`, `critical`, `matkspd`, `rhand`, `walkspd`, `runspd`, `basestats`) VALUES
(30576,30576,'30576','','',28,40,85,'L2Teleporter',40,4228,2038,10,5,1200,400,900,300,299,4,398,0,1,120,1);
REPLACE INTO `npcaidata` (`npcId`, `aiType`) VALUES
(30576,'balanced');
REPLACE INTO `npc_elementals` VALUES
(30576,0,0,20,20,20,20,20,20);
REPLACE INTO `spawnlist` (`location`, `count`, `npc_templateid`, `locx`, `locy`, `locz`, `heading`, `respawn_delay`) VALUES
('半獸人村莊',1,30576,-43964,-113389,-232,0,60);
-- 「半獸人村莊」加入新的傳送(尚未加入全價/半價收費的對話)
REPLACE INTO `teleport` (`Description`, `id`, `loc_x`, `loc_y`, `loc_z`, `price`) VALUES
('半獸人村莊',3057600,-14593,123936,-3120,0),
('半獸人村莊',3057601,87126,-143520,-1288,0),
('半獸人村莊',3057602,11167,16012,-4584,0),
('半獸人村莊',3057603,115357,-178212,-928,0),
('半獸人村莊',3057604,-111988,257240,-1376,0),
('半獸人村莊',3057605,44734,49210,-3056,0),
('半獸人村莊',3057606,-117001,46589,360,0),
('半獸人村莊',3057607,-4190,-80040,-2696,0),
('半獸人村莊',3057608,-10983,-117484,-2464,0),
('半獸人村莊',3057609,9340,-112509,-2536,0),
('半獸人村莊',3057610,8652,-139941,-1144,0);

-- 「闇天使村莊」刪除舊的 NPC
DELETE FROM `spawnlist` WHERE `npc_templateid` IN (31688,31690,32133,32134,32135,32136,32137,32138,32139,32140,32141,32142,32143,32144,32145,32146,32147,32148,32149,32150,32151,32152,32153,32154,32155,32156,32157,32158,32159,32160,32161,32162,32163,32164,32165,32166,32167,32170,32171,32172,32173,32174,32175,32176,32177,32178,32179,32180,32335,32337,32338,32339,32340,32348,32469,32478,32783,36456);
-- 「闇天使村莊」加入新的 NPC
REPLACE INTO `npc` (`id`, `idTemplate`, `name`, `title`, `class`, `collision_radius`, `collision_height`, `level`, `type`, `attackrange`, `hp`, `mp`, `hpreg`, `mpreg`, `patk`, `pdef`, `matk`, `mdef`, `atkspd`, `critical`, `matkspd`, `rhand`, `walkspd`, `runspd`, `basestats`) VALUES
(32163,32163,'32163','','',28,40,85,'L2Teleporter',40,4228,2038,10,5,1200,400,900,300,299,4,398,0,1,120,1);
REPLACE INTO `npcaidata` (`npcId`, `aiType`) VALUES
(32163,'balanced');
REPLACE INTO `npc_elementals` VALUES
(32163,0,0,20,20,20,20,20,20);
REPLACE INTO `spawnlist` (`location`, `count`, `npc_templateid`, `locx`, `locy`, `locz`, `heading`, `respawn_delay`) VALUES
('闇天使村莊',1,32163,-116882,46565,360,0,60);
-- 「闇天使村莊」加入新的傳送(尚未加入全價/半價收費的對話)
REPLACE INTO `teleport` (`Description`, `id`, `loc_x`, `loc_y`, `loc_z`, `price`) VALUES
('闇天使村莊',3216300,-14593,123936,-3120,0),
('闇天使村莊',3216301,146783,25808,-2008,0),
('闇天使村莊',3216302,-111988,257240,-1376,0),
('闇天使村莊',3216303,11167,16012,-4584,0),
('闇天使村莊',3216304,44734,49210,-3056,0),
('闇天使村莊',3216305,115357,-178212,-928,0),
('闇天使村莊',3216306,-44124,-113390,-240,0),
('闇天使村莊',3216307,-122410,73205,-2872,0),
('闇天使村莊',3216308,-95540,52150,-2024,0),
('闇天使村莊',3216309,-85928,37095,-2048,0),
('闇天使村莊',3216310,-73983,51956,-3680,0);

-- 「新說話之島村莊」刪除舊的 NPC
DELETE FROM `spawnlist` WHERE `npc_templateid` IN (18342,20006,20016,20093,20096,20098,20101,20103,20106,20108,20120,20121,20130,20131,20132,20326,20342,20343,20432,20442,20481,20544,20545,27003,27004,27005,27102,30001,30002,30003,30004,30005,30006,30008,30009,30017,30019,30026,30027,30028,30029,30031,30032,30033,30035,30036,30039,30040,30041,30042,30043,30044,30045,30046,30047,30048,30049,30050,30051,30054,30055,30283,30311,30312,30368,30405,30406,30407,30408,30427,30429,30497,30598,30635,30667,30733,31031,31032,31356,31357,31413,31562,31688,31690,31775,31776,32478,35103);
-- 「新說話之島村莊」加入新的 NPC
REPLACE INTO `npc` (`id`, `idTemplate`, `name`, `title`, `class`, `collision_radius`, `collision_height`, `level`, `type`, `attackrange`, `hp`, `mp`, `hpreg`, `mpreg`, `patk`, `pdef`, `matk`, `mdef`, `atkspd`, `critical`, `matkspd`, `rhand`, `walkspd`, `runspd`, `basestats`) VALUES
(32972,32972,'32972','','',8.7,26.5,85,'L2Teleporter',40,7324,2797,10,5,1200,400,900,300,299,4,398,0,50,120,1),
(33004,33004,'33004','','',12,25,85,'L2Teleporter',40,7324,2797,10,5,1200,400,900,300,299,4,398,0,35,120,1),
(8440,8440,'8440','','',20,30,85,'L2Npc',40,68,60,10,5,1200,400,900,300,299,4,398,0,50,100,1),
(19152,19152,'19152','','',8,24,85,'L2Npc',40,258,133,10,5,1200,400,900,300,279,4,334,129,50,100,1),
(19153,19153,'19153','','',12,25,85,'L2Npc',40,258,133,10,5,1200,400,900,300,279,4,334,0,35,120,1),
(30005,30005,'30005','','',8,17,85,'L2Npc',40,4228,2038,10,5,1200,400,900,300,299,4,398,0,50,120,1),
(30006,30006,'30006','','',8,25,85,'L2Teleporter',40,4228,2038,10,5,1200,400,900,300,299,4,398,0,50,120,1),
(32138,32138,'32138','','',18,28,85,'L2Npc',40,4228,2038,10,5,1200,400,900,300,299,4,398,0,20,120,1),
(32469,32469,'32469','','',17,25,85,'L2Npc',40,4228,2038,10,5,1200,400,900,300,299,4,398,0,20,160,1),
(32966,32966,'32966','','',15,17.5,85,'L2Npc',40,7324,2797,10,5,1200,400,900,300,299,4,398,0,20,50,1),
(32970,32970,'32970','','',14.5,18,85,'L2Npc',40,7324,2797,10,5,1200,400,900,300,299,4,398,0,30,120,1),
(32974,32974,'32974','','',12,27,85,'L2Npc',40,7324,2797,10,5,1200,400,900,300,299,4,398,0,50,120,1),
(32975,32975,'32975','','',10,29.35,85,'L2Npc',40,7324,2797,10,5,1200,400,900,300,299,4,398,0,50,120,1),
(32980,32980,'32980','','',8,24,85,'L2Npc',40,7324,2797,10,5,1200,400,900,300,299,4,398,0,50,100,1),
(32981,32981,'32981','','',8,23,85,'L2Npc',40,7324,2797,10,5,1200,400,900,300,299,4,398,0,38,100,1),
(33000,33000,'33000','','',8,24,85,'L2Npc',40,7324,2797,10,5,1200,400,900,300,299,4,398,0,50,160,1),
(33002,33002,'33002','','',8,24,85,'L2Npc',40,7324,2797,10,5,1200,400,900,300,299,4,398,0,50,160,1),
(33007,33007,'33007','','',12,25,85,'L2Npc',40,7324,2797,10,5,1200,400,900,300,299,4,398,0,35,120,1),
(33016,33016,'33016','','',8,24,85,'L2Npc',40,7324,2797,10,5,1200,400,900,300,299,4,398,0,50,160,1),
(33018,33018,'33018','','',12,25,85,'L2Npc',40,7324,2797,10,5,1200,400,900,300,299,4,398,0,35,120,1),
(33020,33020,'33020','','',8,18.5,85,'L2Npc',40,7324,2797,10,5,1200,400,900,300,299,4,398,0,50,50,1),
(33022,33022,'33022','','',12,25,85,'L2Npc',40,7324,2797,10,5,1200,400,900,300,299,4,398,0,35,120,1),
(33023,33023,'33023','','',9,22,85,'L2Npc',40,7324,2797,10,5,1200,400,900,300,299,4,398,0,50,50,1),
(33025,33025,'33025','','',7,18,85,'L2Npc',40,7324,2797,10,5,1200,400,900,300,299,4,398,0,50,100,1),
(33027,33027,'33027','','',9,22.25,85,'L2Npc',40,7324,2797,10,5,1200,400,900,300,299,4,398,15304,50,150,1),
(33101,33101,'33101','','',9,17.3,85,'L2Npc',40,7324,2797,10,5,1200,400,900,300,299,4,398,0,6,21,1),
(33105,33105,'33105','','',17,43.5,85,'L2Npc',40,7324,2797,10,5,1200,400,900,300,299,4,398,0,40,120,1),
(33106,33106,'33106','','',12,25,85,'L2Npc',40,7324,2797,10,5,1200,400,900,300,299,4,398,0,35,120,1),
(33107,33107,'33107','','',8,18.5,85,'L2Npc',40,7324,2797,10,5,1200,400,900,300,299,4,398,0,50,50,1),
(33108,33108,'33108','','',8,23,85,'L2Npc',40,7324,2797,10,5,1200,400,900,300,299,4,398,0,30,50,1),
(33109,33109,'33109','','',8,20.5,85,'L2Npc',40,7324,2797,10,5,1200,400,900,300,299,4,398,0,40,120,1),
(33110,33110,'33110','','',10,24,85,'L2Npc',40,7324,2797,10,5,1200,400,900,300,299,4,398,0,50,120,1),
(33111,33111,'33111','','',8,23,85,'L2Npc',40,7324,2797,10,5,1200,400,900,300,299,4,398,15304,50,130,1),
(33112,33112,'33112','','',8,23.5,85,'L2Npc',40,7324,2797,10,5,1200,400,900,300,299,4,398,0,50,100,1),
(33113,33113,'33113','','',17,43.5,85,'L2Npc',40,7324,2797,10,5,1200,400,900,300,299,4,398,0,40,170,1),
(33114,33114,'33114','','',6.5,17.7,85,'L2Npc',40,7324,2797,10,5,1200,400,900,300,299,4,398,0,50,120,1),
(33115,33115,'33115','','',8,24.5,85,'L2Npc',40,7324,2797,10,5,1200,400,900,300,299,4,398,0,64,100,1),
(33116,33116,'33116','','',8,18.5,85,'L2Npc',40,7324,2797,10,5,1200,400,900,300,299,4,398,32772,50,100,1),
(33120,33120,'33120','','',8,21.5,85,'L2Npc',40,7324,2797,10,5,1200,400,900,300,299,4,398,0,60,100,1),
(33121,33121,'33121','','',8,25,85,'L2Npc',40,7324,2797,10,5,1200,400,900,300,299,4,398,0,63,100,1),
(33122,33122,'33122','','',15,17.5,85,'L2Npc',40,7324,2797,10,5,1200,400,900,300,299,4,398,0,20,120,1),
(33123,33123,'33123','','',8,22.5,85,'L2Teleporter',40,7324,2797,10,5,1200,400,900,300,299,4,398,0,50,50,1),
(33124,33124,'33124','','',8,17.5,85,'L2Npc',40,7324,2797,10,5,1200,400,900,300,299,4,398,0,20,50,1),
(33125,33125,'33125','','',8,17.5,85,'L2Npc',40,7324,2797,10,5,1200,400,900,300,299,4,398,0,50,50,1),
(33194,33194,'33194','','',10,24,85,'L2Teleporter',40,7324,2797,10,5,1200,400,900,300,299,4,398,0,70,100,1),
(33201,33201,'33201','','',12,25,85,'L2Npc',40,7324,2797,10,5,1200,400,900,300,299,4,398,0,35,120,1),
(33203,33203,'33203','','',4.5,7.5,85,'L2Npc',40,7324,2797,10,5,1200,400,900,300,299,4,398,0,40,120,1),
(33206,33206,'33206','','',11,22.25,85,'L2Npc',40,7324,2797,10,5,1200,400,900,300,299,4,398,0,28,160,1),
(33207,33207,'33207','','',7,24,85,'L2Npc',40,7324,2797,10,5,1200,400,900,300,299,4,398,0,50,100,1),
(33208,33208,'33208','','',9,23,85,'L2Npc',40,7324,2797,10,5,1200,400,900,300,299,4,398,0,47,120,1),
(33217,33217,'33217','','',5,12.3,85,'L2Npc',40,7324,2797,10,5,1200,400,900,300,299,4,398,0,24,70,1),
(33218,33218,'33218','','',13,25,85,'L2Npc',40,7324,2797,10,5,1200,400,900,300,299,4,398,0,50,100,1),
(33220,33220,'33220','','',8,23,85,'L2Npc',40,7324,2797,10,5,1200,400,900,300,299,4,398,15304,50,100,1),
(33221,33221,'33221','','',8,21.5,85,'L2Npc',40,7324,2797,10,5,1200,400,900,300,299,4,398,0,60,100,1),
(33223,33223,'33223','','',6,24.5,85,'L2Npc',40,7324,2797,10,5,1200,400,900,300,299,4,398,0,50,100,1),
(33224,33224,'33224','','',5,12.3,85,'L2Npc',40,7324,2797,10,5,1200,400,900,300,299,4,398,0,26,70,1),
(33225,33225,'33225','','',8,22.5,85,'L2Npc',40,7324,2797,10,5,1200,400,900,300,299,4,398,0,50,80,1),
(33226,33226,'33226','','',7,16.5,85,'L2Npc',40,7324,2797,10,5,1200,400,900,300,299,4,398,32773,50,100,1),
(33227,33227,'33227','','',8,17.5,85,'L2Npc',40,7324,2797,10,5,1200,400,900,300,299,4,398,0,50,100,1),
(33228,33228,'33228','','',8,17,85,'L2Npc',40,7324,2797,10,5,1200,400,900,300,299,4,398,0,50,100,1),
(33230,33230,'33230','','',14.5,18,85,'L2Npc',40,7324,2797,10,5,1200,400,900,300,299,4,398,0,30,120,1),
(33231,33231,'33231','','',14.5,18,85,'L2Npc',40,7324,2797,10,5,1200,400,900,300,299,4,398,0,30,120,1),
(33232,33232,'33232','','',7,17.5,85,'L2Npc',40,7324,2797,10,5,1200,400,900,300,299,4,398,0,50,100,1),
(33234,33234,'33234','','',8,24.5,85,'L2Npc',40,7324,2797,10,5,1200,400,900,300,299,4,398,0,50,100,1),
(33235,33235,'33235','','',8,23,85,'L2Npc',40,7324,2797,10,5,1200,400,900,300,299,4,398,0,50,100,1),
(33236,33236,'33236','','',8,21.5,85,'L2Npc',40,7324,2797,10,5,1200,400,900,300,299,4,398,0,60,100,1),
(33237,33237,'33237','','',8,25,85,'L2Npc',40,7324,2797,10,5,1200,400,900,300,299,4,398,0,63,100,1),
(33238,33238,'33238','','',9,17.3,85,'L2Npc',40,7324,2797,10,5,1200,400,900,300,299,4,398,0,9,50,1),
(33240,33240,'33240','','',8,24.5,85,'L2Npc',40,7324,2797,10,5,1200,400,900,300,299,4,398,0,30,100,1),
(33241,33241,'33241','','',8,17.5,85,'L2Npc',40,7324,2797,10,5,1200,400,900,300,299,4,398,0,20,100,1),
(33242,33242,'33242','','',8,23,85,'L2Npc',40,7324,2797,10,5,1200,400,900,300,299,4,398,0,30,100,1),
(33245,33245,'33245','','',9,23.5,85,'L2Npc',40,7324,2797,10,5,1200,400,900,300,299,4,398,0,28,160,1),
(33246,33246,'33246','','',6,24.5,85,'L2Npc',40,7324,2797,10,5,1200,400,900,300,299,4,398,0,50,100,1),
(33247,33247,'33247','','',8,21.5,85,'L2Npc',40,7324,2797,10,5,1200,400,900,300,299,4,398,0,60,100,1),
(33249,33249,'33249','','',8,18.5,85,'L2Npc',40,7324,2797,10,5,1200,400,900,300,299,4,398,0,50,100,1),
(33250,33250,'33250','','',8,23,85,'L2Npc',40,7324,2797,10,5,1200,400,900,300,299,4,398,0,30,100,1),
(33251,33251,'33251','','',8,22.5,85,'L2Npc',40,7324,2797,10,5,1200,400,900,300,299,4,398,0,30,80,1),
(33252,33252,'33252','','',8,17.5,85,'L2Npc',40,7324,2797,10,5,1200,400,900,300,299,4,398,0,20,100,1),
(33268,33268,'33268','','',9.5,22.5,85,'L2Npc',40,7324,2797,10,5,1200,400,900,300,299,4,398,0,50,100,1),
(33269,33269,'33269','','',8,17.5,85,'L2Npc',40,7324,2797,10,5,1200,400,900,300,299,4,398,0,50,100,1),
(33270,33270,'33270','','',7,18,85,'L2Npc',40,7324,2797,10,5,1200,400,900,300,299,4,398,0,50,100,1),
(33271,33271,'33271','','',9.5,22.5,85,'L2Npc',40,7324,2797,10,5,1200,400,900,300,299,4,398,32770,50,100,1),
(33272,33272,'33272','','',6.5,17.7,85,'L2Npc',40,7324,2797,10,5,1200,400,900,300,299,4,398,0,50,120,1),
(33273,33273,'33273','','',8,24.5,85,'L2Npc',40,7324,2797,10,5,1200,400,900,300,299,4,398,0,64,100,1),
(33275,33275,'33275','','',10,23.75,85,'L2Npc',40,7324,2797,10,5,1200,400,900,300,299,4,398,9442,30,160,1),
(33276,33276,'33276','','',7,18,85,'L2Npc',40,7324,2797,10,5,1200,400,900,300,299,4,398,0,50,100,1),
(33277,33277,'33277','','',8,23,85,'L2Npc',40,7324,2797,10,5,1200,400,900,300,299,4,398,0,50,100,1),
(33280,33280,'33280','','',8,22.5,85,'L2Npc',40,7324,2797,10,5,1200,400,900,300,299,4,398,0,50,100,1),
(33281,33281,'33281','','',9.5,22.5,85,'L2Npc',40,7324,2797,10,5,1200,400,900,300,299,4,398,0,50,100,1),
(33282,33282,'33282','','',8,22,85,'L2Npc',40,7324,2797,10,5,1200,400,900,300,299,4,398,0,50,100,1),
(33284,33284,'33284','','',0.01,17,85,'L2Npc',40,7324,2797,10,5,1200,400,900,300,299,4,398,0,60,50,1),
(33285,33285,'33285','','',8,23,85,'L2Npc',40,7324,2797,10,5,1200,400,900,300,299,4,398,135,50,100,1),
(33287,33287,'33287','','',8,23,85,'L2Npc',40,7324,2797,10,5,1200,400,900,300,299,4,398,0,40,100,1),
(33372,33372,'33372','','',13,22.5,85,'L2Npc',40,7324,2797,10,5,1200,400,900,300,299,4,398,0,60,160,1),
(33454,33454,'33454','','',8,23,85,'L2Npc',40,7324,2797,10,5,1200,400,900,300,299,4,398,0,38,120,1),
(33464,33464,'33464','','',12,25,85,'L2Npc',40,7324,2797,10,5,1200,400,900,300,299,4,398,0,35,120,1),
(33477,33477,'33477','','',13,25,85,'L2Npc',40,7324,2797,10,5,1200,400,900,300,299,4,398,9646,28,120,1),
(33480,33480,'33480','','',13,25,85,'L2Npc',40,7324,2797,10,5,1200,400,900,300,299,4,398,9646,39,120,1),
(33481,33481,'33481','','',13,25,85,'L2Npc',40,7324,2797,10,5,1200,400,900,300,299,4,398,9646,39,120,1),
(33482,33482,'33482','','',13,25,85,'L2Npc',40,7324,2797,10,5,1200,400,900,300,299,4,398,9646,39,120,1),
(33483,33483,'33483','','',13,25,85,'L2Npc',40,7324,2797,10,5,1200,400,900,300,299,4,398,9646,39,120,1),
(33484,33484,'33484','','',13,25,85,'L2Npc',40,7324,2797,10,5,1200,400,900,300,299,4,398,9646,39,120,1),
(33485,33485,'33485','','',13,25,85,'L2Npc',40,7324,2797,10,5,1200,400,900,300,299,4,398,9646,39,120,1),
(33486,33486,'33486','','',13,25,85,'L2Npc',40,7324,2797,10,5,1200,400,900,300,299,4,398,9646,39,120,1),
(33487,33487,'33487','','',13,22.5,85,'L2Npc',40,7324,2797,10,5,1200,400,900,300,299,4,398,9644,60,120,1),
(33530,33530,'33530','','',8,21.5,85,'L2Merchant',40,7324,2797,10,5,1200,400,900,300,299,4,398,0,60,120,1),
(33553,33553,'33553','','',0.1,0.1,85,'L2Npc',40,7324,2797,10,5,1200,400,900,300,299,4,398,0,1,50,1),
(33570,33570,'33570','','',8,23,85,'L2Npc',40,7324,2797,10,5,1200,400,900,300,299,4,398,0,50,120,1),
(33574,33574,'33574','','',7,18,85,'L2Npc',40,7324,2797,10,5,1200,400,900,300,299,4,398,0,50,100,1),
(33576,33576,'33576','','',8,25.3,85,'L2Npc',40,7324,2797,10,5,1200,400,900,300,299,4,398,0,50,160,1),
(33577,33577,'33577','','',13,25,85,'L2Npc',40,7324,2797,10,5,1200,400,900,300,299,4,398,15304,50,80,1),
(33578,33578,'33578','','',10,13,85,'L2Npc',40,7324,2797,10,5,1200,400,900,300,299,4,398,0,20,20,1),
(33580,33580,'33580','','',13,11.5,85,'L2TownPet',40,7324,2797,10,5,1200,400,900,300,299,4,398,0,24,100,1),
(33581,33581,'33581','','',8,17.5,85,'L2Merchant',40,68,60,10,5,1200,400,900,300,299,4,398,0,20,120,1),
(33587,33587,'33587','','',8,23,85,'L2Merchant',40,7324,2797,10,5,1200,400,900,300,299,4,398,0,50,120,1);

REPLACE INTO `npcaidata` (`npcId`, `aiType`) VALUES
(32972,'balanced'),
(8440,'balanced'),
(19152,'balanced'),
(19153,'balanced'),
(30005,'balanced'),
(30006,'balanced'),
(32138,'balanced'),
(32469,'balanced'),
(32966,'balanced'),
(32970,'balanced'),
(32974,'balanced'),
(32975,'balanced'),
(32980,'balanced'),
(32981,'balanced'),
(33000,'balanced'),
(33002,'balanced'),
(33004,'balanced'),
(33007,'balanced'),
(33016,'balanced'),
(33018,'balanced'),
(33020,'balanced'),
(33022,'balanced'),
(33023,'balanced'),
(33025,'balanced'),
(33027,'balanced'),
(33101,'balanced'),
(33105,'balanced'),
(33106,'balanced'),
(33107,'balanced'),
(33108,'balanced'),
(33109,'balanced'),
(33110,'balanced'),
(33111,'balanced'),
(33112,'balanced'),
(33113,'balanced'),
(33114,'balanced'),
(33115,'balanced'),
(33116,'balanced'),
(33120,'balanced'),
(33121,'balanced'),
(33122,'balanced'),
(33123,'balanced'),
(33124,'balanced'),
(33125,'balanced'),
(33194,'balanced'),
(33201,'balanced'),
(33203,'balanced'),
(33206,'balanced'),
(33207,'balanced'),
(33208,'balanced'),
(33217,'balanced'),
(33218,'balanced'),
(33220,'balanced'),
(33221,'balanced'),
(33223,'balanced'),
(33224,'balanced'),
(33225,'balanced'),
(33226,'balanced'),
(33227,'balanced'),
(33228,'balanced'),
(33230,'balanced'),
(33231,'balanced'),
(33232,'balanced'),
(33234,'balanced'),
(33235,'balanced'),
(33236,'balanced'),
(33237,'balanced'),
(33238,'balanced'),
(33240,'balanced'),
(33241,'balanced'),
(33242,'balanced'),
(33245,'balanced'),
(33246,'balanced'),
(33247,'balanced'),
(33249,'balanced'),
(33250,'balanced'),
(33251,'balanced'),
(33252,'balanced'),
(33268,'balanced'),
(33269,'balanced'),
(33270,'balanced'),
(33271,'balanced'),
(33272,'balanced'),
(33273,'balanced'),
(33275,'balanced'),
(33276,'balanced'),
(33277,'balanced'),
(33280,'balanced'),
(33281,'balanced'),
(33282,'balanced'),
(33284,'balanced'),
(33285,'balanced'),
(33287,'balanced'),
(33372,'balanced'),
(33454,'balanced'),
(33464,'balanced'),
(33477,'balanced'),
(33480,'balanced'),
(33481,'balanced'),
(33482,'balanced'),
(33483,'balanced'),
(33484,'balanced'),
(33485,'balanced'),
(33486,'balanced'),
(33487,'balanced'),
(33530,'balanced'),
(33553,'balanced'),
(33570,'balanced'),
(33574,'balanced'),
(33576,'balanced'),
(33577,'balanced'),
(33578,'balanced'),
(33580,'balanced'),
(33581,'balanced'),
(33587,'balanced');

REPLACE INTO `npc_elementals` VALUES
(32972,0,0,20,20,20,20,20,20),
(8440,0,0,20,20,20,20,20,20),
(19152,0,0,20,20,20,20,20,20),
(19153,0,0,20,20,20,20,20,20),
(30005,0,0,20,20,20,20,20,20),
(30006,0,0,20,20,20,20,20,20),
(32138,0,0,20,20,20,20,20,20),
(32469,0,0,20,20,20,20,20,20),
(32966,0,0,20,20,20,20,20,20),
(32970,0,0,20,20,20,20,20,20),
(32974,0,0,20,20,20,20,20,20),
(32975,0,0,20,20,20,20,20,20),
(32980,0,0,20,20,20,20,20,20),
(32981,0,0,20,20,20,20,20,20),
(33000,0,0,20,20,20,20,20,20),
(33002,0,0,20,20,20,20,20,20),
(33004,0,0,20,20,20,20,20,20),
(33007,0,0,20,20,20,20,20,20),
(33016,0,0,20,20,20,20,20,20),
(33018,0,0,20,20,20,20,20,20),
(33020,0,0,20,20,20,20,20,20),
(33022,0,0,20,20,20,20,20,20),
(33023,0,0,20,20,20,20,20,20),
(33025,0,0,20,20,20,20,20,20),
(33027,0,0,20,20,20,20,20,20),
(33101,0,0,20,20,20,20,20,20),
(33105,0,0,20,20,20,20,20,20),
(33106,0,0,20,20,20,20,20,20),
(33107,0,0,20,20,20,20,20,20),
(33108,0,0,20,20,20,20,20,20),
(33109,0,0,20,20,20,20,20,20),
(33110,0,0,20,20,20,20,20,20),
(33111,0,0,20,20,20,20,20,20),
(33112,0,0,20,20,20,20,20,20),
(33113,0,0,20,20,20,20,20,20),
(33114,0,0,20,20,20,20,20,20),
(33115,0,0,20,20,20,20,20,20),
(33116,0,0,20,20,20,20,20,20),
(33120,0,0,20,20,20,20,20,20),
(33121,0,0,20,20,20,20,20,20),
(33122,0,0,20,20,20,20,20,20),
(33123,0,0,20,20,20,20,20,20),
(33124,0,0,20,20,20,20,20,20),
(33125,0,0,20,20,20,20,20,20),
(33194,0,0,20,20,20,20,20,20),
(33201,0,0,20,20,20,20,20,20),
(33203,0,0,20,20,20,20,20,20),
(33206,0,0,20,20,20,20,20,20),
(33207,0,0,20,20,20,20,20,20),
(33208,0,0,20,20,20,20,20,20),
(33217,0,0,20,20,20,20,20,20),
(33218,0,0,20,20,20,20,20,20),
(33220,0,0,20,20,20,20,20,20),
(33221,0,0,20,20,20,20,20,20),
(33223,0,0,20,20,20,20,20,20),
(33224,0,0,20,20,20,20,20,20),
(33225,0,0,20,20,20,20,20,20),
(33226,0,0,20,20,20,20,20,20),
(33227,0,0,20,20,20,20,20,20),
(33228,0,0,20,20,20,20,20,20),
(33230,0,0,20,20,20,20,20,20),
(33231,0,0,20,20,20,20,20,20),
(33232,0,0,20,20,20,20,20,20),
(33234,0,0,20,20,20,20,20,20),
(33235,0,0,20,20,20,20,20,20),
(33236,0,0,20,20,20,20,20,20),
(33237,0,0,20,20,20,20,20,20),
(33238,0,0,20,20,20,20,20,20),
(33240,0,0,20,20,20,20,20,20),
(33241,0,0,20,20,20,20,20,20),
(33242,0,0,20,20,20,20,20,20),
(33245,0,0,20,20,20,20,20,20),
(33246,0,0,20,20,20,20,20,20),
(33247,0,0,20,20,20,20,20,20),
(33249,0,0,20,20,20,20,20,20),
(33250,0,0,20,20,20,20,20,20),
(33251,0,0,20,20,20,20,20,20),
(33252,0,0,20,20,20,20,20,20),
(33268,0,0,20,20,20,20,20,20),
(33269,0,0,20,20,20,20,20,20),
(33270,0,0,20,20,20,20,20,20),
(33271,0,0,20,20,20,20,20,20),
(33272,0,0,20,20,20,20,20,20),
(33273,0,0,20,20,20,20,20,20),
(33275,0,0,20,20,20,20,20,20),
(33276,0,0,20,20,20,20,20,20),
(33277,0,0,20,20,20,20,20,20),
(33280,0,0,20,20,20,20,20,20),
(33281,0,0,20,20,20,20,20,20),
(33282,0,0,20,20,20,20,20,20),
(33284,0,0,20,20,20,20,20,20),
(33285,0,0,20,20,20,20,20,20),
(33287,0,0,20,20,20,20,20,20),
(33372,0,0,20,20,20,20,20,20),
(33454,0,0,20,20,20,20,20,20),
(33464,0,0,20,20,20,20,20,20),
(33477,0,0,20,20,20,20,20,20),
(33480,0,0,20,20,20,20,20,20),
(33481,0,0,20,20,20,20,20,20),
(33482,0,0,20,20,20,20,20,20),
(33483,0,0,20,20,20,20,20,20),
(33484,0,0,20,20,20,20,20,20),
(33485,0,0,20,20,20,20,20,20),
(33486,0,0,20,20,20,20,20,20),
(33487,0,0,20,20,20,20,20,20),
(33530,0,0,20,20,20,20,20,20),
(33553,0,0,20,20,20,20,20,20),
(33570,0,0,20,20,20,20,20,20),
(33574,0,0,20,20,20,20,20,20),
(33576,0,0,20,20,20,20,20,20),
(33577,0,0,20,20,20,20,20,20),
(33578,0,0,20,20,20,20,20,20),
(33580,0,0,20,20,20,20,20,20),
(33581,0,0,20,20,20,20,20,20),
(33587,0,0,20,20,20,20,20,20);

REPLACE INTO `spawnlist` (`location`, `count`, `npc_templateid`, `locx`, `locy`, `locz`, `heading`, `respawn_delay`) VALUES
('新說話之島村莊',1,32972,-114371,260304,-1176,49472,60),
('新說話之島村莊',1,8440,-116270,251037,-1640,61389,60),
-- ('新說話之島村莊',1,19152,-117004,246913,-2760,0,60),
('新說話之島村莊',1,19152,-117339,248187,-2040,3813,60),
('新說話之島村莊',1,19152,-117971,245147,-2000,19783,60),
-- ('新說話之島村莊',1,19153,-117787,246486,-2200,53802,60),
('新說話之島村莊',1,30006,-112256,256960,-1456,33680,60),
('新說話之島村莊',1,32138,-113713,244682,-7944,31000,60),
('新說話之島村莊',1,32469,-113487,249706,-1816,18044,60),
('新說話之島村莊',1,32966,-114388,254501,-1552,61740,60),
('新說話之島村莊',1,32966,-113664,257536,-1280,20380,60),
('新說話之島村莊',1,32966,-113130,257529,-1288,33176,60),
('新說話之島村莊',1,32966,-115705,257365,-1408,28476,60),
('新說話之島村莊',1,32970,-116626,249600,-1824,43658,60),
('新說話之島村莊',1,32974,-111384,255882,-1440,35768,60),
('新說話之島村莊',1,32975,-114355,255041,-1528,16384,60),
('新說話之島村莊',1,32980,-116697,255513,-1424,0,60),
('新說話之島村莊',1,32981,-110704,253662,-1792,19286,60),
('新說話之島村莊',1,33000,-111397,256400,-1432,36032,60),
('新說話之島村莊',1,33000,-111328,256238,-1440,36032,60),
('新說話之島村莊',1,33000,-111278,256187,-1440,36032,60),
('新說話之島村莊',1,33000,-111347,256349,-1432,36032,60),
('新說話之島村莊',1,33000,-111292,256283,-1432,36032,60),
('新說話之島村莊',1,33000,-111242,256232,-1440,36032,60),
('新說話之島村莊',1,33000,-111484,256305,-1432,36032,60),
('新說話之島村莊',1,33000,-111429,256238,-1440,36032,60),
('新說話之島村莊',1,33000,-111329,256136,-1440,36032,60),
('新說話之島村莊',1,33000,-111364,256193,-1440,36032,60),
('新說話之島村莊',1,33000,-111453,256365,-1432,36032,60),
('新說話之島村莊',1,33000,-111383,256304,-1432,36032,60),
('新說話之島村莊',1,33000,-110528,252458,-1984,54000,60),
('新說話之島村莊',1,33000,-110820,251755,-1976,43732,60),
('新說話之島村莊',1,33000,-110896,251872,-1968,228,60),
('新說話之島村莊',1,33000,-110624,252432,-1976,0,60),
('新說話之島村莊',1,33000,-110704,252368,-1976,54876,60),
('新說話之島村莊',1,33000,-111040,252224,-1944,59752,60),
('新說話之島村莊',1,33000,-111280,253072,-1776,56600,60),
('新說話之島村莊',1,33000,-111408,253264,-1760,6892,60),
('新說話之島村莊',1,33000,-110768,252912,-1760,8672,60),
('新說話之島村莊',1,33002,-111506,256121,-1440,8386,60),
('新說話之島村莊',1,33002,-117542,248815,-1936,7037,60),
('新說話之島村莊',1,33002,-117584,248896,-1944,453,60),
('新說話之島村莊',1,33002,-110864,251808,-1976,8900,60),
('新說話之島村莊',1,33002,-110256,252496,-1984,39096,60),
('新說話之島村莊',1,33002,-111328,253136,-1776,3980,60),
('新說話之島村莊',1,33004,-114710,245444,-7968,49152,60),
('新說話之島村莊',1,33007,-111634,255351,-1424,63400,60),
('新說話之島村莊',1,33007,-110464,252064,-1992,48811,60),
('新說話之島村莊',1,33007,-110263,253685,-1776,15416,60),
('新說話之島村莊',1,33016,-111487,255894,-1440,0,60),
('新說話之島村莊',1,33018,-111322,255226,-1408,24288,60),
('新說話之島村莊',1,33018,-111378,255239,-1416,24288,60),
('新說話之島村莊',1,33018,-111376,255306,-1416,24288,60),
('新說話之島村莊',1,33018,-111536,255265,-1416,24288,60),
('新說話之島村莊',1,33018,-111457,255252,-1416,24288,60),
('新說話之島村莊',1,33018,-111309,255282,-1424,24288,60),
('新說話之島村莊',1,33018,-111534,255333,-1416,24288,60),
('新說話之島村莊',1,33018,-111285,255350,-1424,24288,60),
('新說話之島村莊',1,33018,-111374,255374,-1432,24288,60),
('新說話之島村莊',1,33018,-111444,255308,-1416,24288,60),
('新說話之島村莊',1,33018,-111443,255376,-1432,24288,60),
('新說話之島村莊',1,33018,-111533,255401,-1432,24288,60),
('新說話之島村莊',1,33018,-110365,251928,-1992,13172,60),
('新說話之島村莊',1,33018,-110650,251943,-1968,13172,60),
('新說話之島村莊',1,33018,-110369,251862,-2000,13172,60),
('新說話之島村莊',1,33018,-110663,251796,-1976,13172,60),
('新說話之島村莊',1,33018,-110299,251924,-2000,13172,60),
('新說話之島村莊',1,33018,-110304,251858,-2016,13172,60),
('新說話之島村莊',1,33018,-110308,251792,-2016,13172,60),
('新說話之島村莊',1,33018,-110584,251938,-1976,13172,60),
('新說話之島村莊',1,33018,-110593,251857,-1976,13172,60),
('新說話之島村莊',1,33018,-110597,251792,-1976,13172,60),
('新說話之島村莊',1,33018,-110446,251937,-1992,13172,60),
('新說話之島村莊',1,33018,-110450,251871,-2000,13172,60),
('新說話之島村莊',1,33018,-110454,251805,-2000,13172,60),
('新說話之島村莊',1,33018,-110659,251861,-1976,13172,60),
('新說話之島村莊',1,33018,-110740,251870,-1968,13172,60),
('新說話之島村莊',1,33018,-110731,251951,-1960,13172,60),
('新說話之島村莊',1,33018,-110744,251805,-1968,13172,60),
('新說話之島村莊',1,33018,-110373,251796,-2000,13172,60),
('新說話之島村莊',1,33018,-110342,253832,-1784,49153,60),
('新說話之島村莊',1,33018,-110336,253775,-1776,49153,60),
('新說話之島村莊',1,33018,-110279,253905,-1776,49153,60),
('新說話之島村莊',1,33018,-110336,253900,-1776,49153,60),
('新說話之島村莊',1,33018,-110209,253921,-1776,49153,60),
('新說話之島村莊',1,33018,-110279,253781,-1776,49153,60),
('新說話之島村莊',1,33018,-110212,253774,-1776,49153,60),
('新說話之島村莊',1,33018,-110215,253854,-1776,49153,60),
('新說話之島村莊',1,33018,-110285,253838,-1776,49153,60),
('新說話之島村莊',1,33020,-115120,255776,-1488,7480,60),
('新說話之島村莊',1,33022,-114808,252218,-1520,49153,60),
('新說話之島村莊',1,33022,-113885,252208,-1560,49153,60),
('新說話之島村莊',1,33022,-115205,258828,-1192,0,60),
('新說話之島村莊',1,33022,-113526,258843,-1192,32768,60),
('新說話之島村莊',1,33022,-113540,259846,-1192,32768,60),
('新說話之島村莊',1,33022,-113533,260021,-1192,32768,60),
('新說話之島村莊',1,33022,-115212,259032,-1192,0,60),
('新說話之島村莊',1,33022,-115205,259823,-1192,0,60),
('新說話之島村莊',1,33022,-115212,260013,-1192,0,60),
('新說話之島村莊',1,33022,-113534,259033,-1192,32768,60),
('新說話之島村莊',1,33022,-110832,251856,-1968,35924,60),
('新說話之島村莊',1,33022,-110992,252144,-1960,6076,60),
('新說話之島村莊',1,33022,-119486,246152,-1232,30097,60),
('新說話之島村莊',1,33022,-115200,252784,-1512,10008,60),
('新說話之島村莊',1,33022,-111328,253088,-1776,16172,60),
('新說話之島村莊',1,33022,-110768,252816,-1776,42596,60),
('新說話之島村莊',1,33022,-116128,254240,-1496,19036,60),
('新說話之島村莊',1,33022,-114709,257023,-1136,33704,60),
('新說話之島村莊',1,33022,-114032,257022,-1136,0,60),
('新說話之島村莊',1,33022,-114950,257021,-1136,0,60),
('新說話之島村莊',1,33022,-113792,257027,-1136,33176,60),
('新說話之島村莊',1,33023,-110923,253494,-1776,32073,60),
('新說話之島村莊',1,33023,-110948,253313,-1768,32073,60),
('新說話之島村莊',1,33023,-111333,254134,-1736,44661,60),
('新說話之島村莊',1,33025,-115072,255120,-1496,57876,60),
('新說話之島村莊',1,33027,-116687,256585,-1472,47712,60),
('新說話之島村莊',1,33101,-114498,252933,-1536,62387,60),
('新說話之島村莊',1,33105,-114743,254787,-1528,49345,60),
('新說話之島村莊',1,33105,-116421,255350,-1448,58159,60),
('新說話之島村莊',1,33105,-114676,254308,-1528,22471,60),
('新說話之島村莊',1,33105,-114037,254223,-1512,48448,60),
('新說話之島村莊',1,33106,-112813,254700,-1528,38302,60),
('新說話之島村莊',1,33106,-115213,250508,-1744,34644,60),
('新說話之島村莊',1,33106,-116592,255423,-1424,19169,60),
('新說話之島村莊',1,33106,-119388,248123,-1552,43683,60),
('新說話之島村莊',1,33106,-118989,248464,-1712,10527,60),
('新說話之島村莊',1,33106,-113120,256650,-1496,4279,60),
('新說話之島村莊',1,33107,-117340,255060,-1424,61572,60),
('新說話之島村莊',1,33107,-119891,246286,-968,41535,60),
('新說話之島村莊',1,33108,-116944,256288,-1416,59452,60),
('新說話之島村莊',1,33109,-114986,253149,-1504,8338,60),
('新說話之島村莊',1,33110,-113782,253023,-1496,63783,60),
('新說話之島村莊',1,33111,-114285,245265,-7968,62053,60),
('新說話之島村莊',1,33112,-113962,244734,-7968,12553,60),
('新說話之島村莊',1,33113,-117483,248887,-1936,6542,60),
('新說話之島村莊',1,33114,-112336,254832,-1504,24444,60),
('新說話之島村莊',1,33115,-112400,254896,-1504,0,60),
('新說話之島村莊',1,33116,-119757,246373,-1232,8191,60),
('新說話之島村莊',1,33116,-114050,252713,-1536,33744,60),
('新說話之島村莊',1,33120,-114491,255564,-1512,7618,60),
('新說話之島村莊',1,33121,-113796,255736,-1504,41058,60),
('新說話之島村莊',1,33122,-114340,254306,-1552,28452,60),
('新說話之島村莊',1,33122,-113339,257453,-1288,51804,60),
('新說話之島村莊',1,33122,-115200,257280,-1224,36264,60),
('新說話之島村莊',1,33122,-115541,257556,-1288,20380,60),
('新說話之島村莊',1,33122,-115865,257543,-1408,33704,60),
('新說話之島村莊',1,33123,-114500,254076,-1528,48689,60),
('新說話之島村莊',1,33124,-114084,252504,-1560,31437,60),
('新說話之島村莊',1,33124,-117694,245310,-2024,20000,60),
('新說話之島村莊',1,33125,-114016,257152,-1136,20380,60),
('新說話之島村莊',1,33194,-110424,252523,-1984,54000,60),
('新說話之島村莊',1,33201,-110987,253325,-1768,62423,60),
('新說話之島村莊',1,33201,-110923,253453,-1776,16383,60),
('新說話之島村莊',1,33201,-111349,254132,-1736,1297,60),
('新說話之島村莊',1,33203,-116814,258027,-1528,4117,60),
('新說話之島村莊',1,33203,-116094,258196,-1512,5900,60),
('新說話之島村莊',1,33203,-116541,258441,-1496,27893,60),
('新說話之島村莊',1,33203,-116065,258098,-1512,45947,60),
('新說話之島村莊',1,33203,-116061,258290,-1512,3783,60),
('新說話之島村莊',1,33203,-116618,258365,-1504,18922,60),
('新說話之島村莊',1,33203,-116166,257922,-1512,41149,60),
('新說話之島村莊',1,33203,-116730,258524,-1512,57571,60),
('新說話之島村莊',1,33206,-117502,248539,-1968,40800,60),
('新說話之島村莊',1,33207,-116468,255226,-1456,60037,60),
('新說話之島村莊',1,33208,-114270,255730,-1512,50827,60),
('新說話之島村莊',1,33217,-119705,246663,-1232,11342,60),
('新說話之島村莊',1,33217,-119717,246176,-1232,64837,60),
('新說話之島村莊',1,33217,-112222,256675,-1424,8045,60),
('新說話之島村莊',1,33217,-115929,254271,-1512,14743,60),
('新說話之島村莊',1,33217,-117276,256932,-1456,38991,60),
('新說話之島村莊',1,33217,-116790,256970,-1480,15538,60),
('新說話之島村莊',1,33218,-111290,249282,-2424,61479,60),
('新說話之島村莊',1,33220,-114401,251038,-1728,53391,60),
('新說話之島村莊',1,33221,-114336,257136,-1136,36264,60),
('新說話之島村莊',1,33223,-119816,246292,-968,843,60),
('新說話之島村莊',1,33223,-114467,257010,-1136,47939,60),
('新說話之島村莊',1,33224,-119828,246037,-1232,28961,60),
('新說話之島村莊',1,33224,-112204,256828,-1448,51606,60),
('新說話之島村莊',1,33224,-112106,256895,-1440,5240,60),
('新說話之島村莊',1,33224,-115627,254565,-1504,5630,60),
('新說話之島村莊',1,33224,-116852,257074,-1488,25537,60),
('新說話之島村莊',1,33224,-116728,257456,-1520,27874,60),
('新說話之島村莊',1,33224,-117042,257114,-1472,37627,60),
('新說話之島村莊',1,33225,-113577,253780,-1496,11604,60),
('新說話之島村莊',1,33226,-113536,253825,-1424,32057,60),
('新說話之島村莊',1,33227,-113552,253936,-1496,55788,60),
('新說話之島村莊',1,33228,-113495,255751,-1496,25269,60),
('新說話之島村莊',1,33230,-117115,249225,-1920,24575,60),
('新說話之島村莊',1,33230,-115648,249725,-1664,12357,60),
('新說話之島村莊',1,33230,-115322,249225,-1696,10777,60),
('新說話之島村莊',1,33230,-114812,249687,-1696,54419,60),
('新說話之島村莊',1,33230,-114670,249975,-1704,54066,60),
('新說話之島村莊',1,33230,-115485,249475,-1672,10222,60),
('新說話之島村莊',1,33230,-114838,248852,-1720,46811,60),
('新說話之島村莊',1,33230,-115159,249600,-1696,24937,60),
('新說話之島村莊',1,33230,-114112,248698,-1816,28936,60),
('新說話之島村莊',1,33230,-116626,249725,-1840,10181,60),
('新說話之島村莊',1,33230,-116952,249100,-1912,46388,60),
('新說話之島村莊',1,33230,-116463,248475,-1880,28031,60),
('新說話之島村莊',1,33230,-115648,249600,-1664,6753,60),
('新說話之島村莊',1,33230,-116131,249300,-1736,17510,60),
('新說話之島村莊',1,33230,-115322,250225,-1704,23976,60),
('新說話之島村莊',1,33230,-116952,248850,-1912,35107,60),
('新說話之島村莊',1,33230,-116789,248350,-1936,9648,60),
('新說話之島村莊',1,33230,-114833,249225,-1688,6735,60),
('新說話之島村莊',1,33231,-116463,249725,-1768,28486,60),
('新說話之島村莊',1,33231,-115974,249725,-1688,63611,60),
('新說話之島村莊',1,33231,-116626,248600,-1896,57144,60),
('新說話之島村莊',1,33231,-116300,249600,-1744,64865,60),
('新說話之島村莊',1,33231,-114670,249100,-1728,45911,60),
('新說話之島村莊',1,33231,-114833,250225,-1720,51268,60),
('新說話之島村莊',1,33231,-115648,249225,-1696,51721,60),
('新說話之島村莊',1,33232,-113520,255104,-1496,51488,60),
('新說話之島村莊',1,33234,-114271,250920,-1744,53553,60),
('新說話之島村莊',1,33235,-113664,255584,-1496,56420,60),
('新說話之島村莊',1,33236,-113440,255952,-1496,5188,60),
('新說話之島村莊',1,33237,-113424,256240,-1496,32256,60),
('新說話之島村莊',1,33237,-114717,249834,-1696,65472,60),
('新說話之島村莊',1,33238,-119839,246364,-968,843,60),
('新說話之島村莊',1,33238,-114160,257038,-1136,47939,60),
('新說話之島村莊',1,33240,-113706,255890,-1504,20037,60),
('新說話之島村莊',1,33241,-114526,258953,-1192,26753,60),
('新說話之島村莊',1,33242,-113780,259243,-1192,46708,60),
('新說話之島村莊',1,33245,-113920,257216,-1136,51804,60),
('新說話之島村莊',1,33246,-114857,259760,-1192,40081,60),
('新說話之島村莊',1,33247,-114112,259088,-1192,31988,60),
('新說話之島村莊',1,33249,-116400,256048,-1464,46836,60),
('新說話之島村莊',1,33250,-115808,253856,-1504,60284,60),
('新說話之島村莊',1,33251,-115744,253856,-1504,32884,60),
('新說話之島村莊',1,33252,-115744,254464,-1504,11840,60),
('新說話之島村莊',1,33268,-114160,254545,-1528,59067,60),
('新說話之島村莊',1,33269,-114208,254416,-1528,60080,60),
('新說話之島村莊',1,33270,-119756,246332,-1232,19327,60),
('新說話之島村莊',1,33271,-114544,254512,-1528,32767,60),
('新說話之島村莊',1,33272,-114160,254400,-1520,35532,60),
('新說話之島村莊',1,33273,-114208,254352,-1528,12068,60),
('新說話之島村莊',1,33275,-114112,254832,-1528,38024,60),
('新說話之島村莊',1,33276,-114608,254832,-1528,61740,60),
('新說話之島村莊',1,33277,-114624,254912,-1528,28452,60),
('新說話之島村莊',1,33280,-116733,255740,-1424,47726,60),
('新說話之島村莊',1,33281,-115200,252832,-1512,26124,60),
('新說話之島村莊',1,33282,-116160,253536,-1504,9272,60),
('新說話之島村莊',1,33284,-113509,254960,-1496,37605,60),
('新說話之島村莊',1,33285,-113627,253669,-1496,57534,60),
('新說話之島村莊',1,33287,-113792,252688,-1536,19244,60),
('新說話之島村莊',1,33372,-113719,244582,-7952,31000,60),
('新說話之島村莊',1,33372,-113732,244550,-7960,31000,60),
('新說話之島村莊',1,33372,-113728,244829,-7960,31000,60),
('新說話之島村莊',1,33372,-113744,244516,-7968,31000,60),
('新說話之島村莊',1,33372,-113721,244788,-7952,31000,60),
('新說話之島村莊',1,33372,-113728,244872,-7968,31000,60),
('新說話之島村莊',1,33454,-114547,254264,-1528,38688,60),
('新說話之島村莊',1,33464,-110758,253461,-1736,10250,60),
('新說話之島村莊',1,33477,-114711,243564,-7944,16000,60),
('新說話之島村莊',1,33480,-114809,243578,-7952,16000,60),
('新說話之島村莊',1,33481,-114845,243591,-7960,16000,60),
('新說話之島村莊',1,33482,-114869,243608,-7968,16000,60),
('新說話之島村莊',1,33483,-114612,243580,-7952,16000,60),
('新說話之島村莊',1,33484,-114577,243593,-7960,16000,60),
('新說話之島村莊',1,33485,-114541,243597,-7968,16000,60),
('新說話之島村莊',1,33486,-114602,243798,-7968,21592,60),
('新說話之島村莊',1,33487,-114632,243825,-7968,54537,60),
('新說話之島村莊',1,33530,-114383,253554,-1536,41219,60),
('新說話之島村莊',1,33553,-117705,255802,-1304,62000,60),
('新說話之島村莊',1,33570,-111590,249480,-2368,61479,60),
('新說話之島村莊',1,33570,-113404,249823,-1816,0,60),
('新說話之島村莊',1,33574,-115069,249621,-1696,0,60),
('新說話之島村莊',1,33576,-115399,244881,-7968,45878,60),
('新說話之島村莊',1,33577,-115438,244946,-7968,44680,60),
('新說話之島村莊',1,33578,-116647,255737,-1424,48287,60),
('新說話之島村莊',1,33580,-114771,252666,-1544,0,60),
('新說話之島村莊',1,33581,-114259,253612,-1528,53451,60),
('新說話之島村莊',1,33587,-114685,252350,-1560,15879,60);

-- 「新說話之島村莊」加入新的傳送(尚未加入全價/半價收費的對話)
REPLACE INTO `teleport` (`Description`, `id`, `loc_x`, `loc_y`, `loc_z`, `price`) VALUES
('新說話之島村莊',3297200,-114711,243911,-7968,0),
('新說話之島村莊',3300400,-114371,260183,-1192,0),
('新說話之島村莊',3000600,-80684,149770,-3040,0),
('新說話之島村莊',3000601,11167,16012,-4584,0),
('新說話之島村莊',3000602,115357,-178212,-928,0),
('新說話之島村莊',3000603,44734,49210,-3056,0),
('新說話之島村莊',3000604,-44124,-113390,-240,0),
('新說話之島村莊',3000605,-117001,46589,360,0),
('新說話之島村莊',3000606,-14593,123936,-3120,0),
('新說話之島村莊',3000610,-149406,255247,-80,0),
('新說話之島村莊',3312300,-107881,248658,-3224,0),
('新說話之島村莊',3312301,-119592,246398,-1232,0),
('新說話之島村莊',3312302,-114986,226633,-2864,0);

UPDATE `npcaidata` SET `targetable` = 0 WHERE `npcId` IN (32966,32970,33000,33002,33007,33016,33018,33020,33022,33025,33027,33101,33105,33106,33107,33108,33109,33110,33111,33112,33113,33114,33115,33116,33120,33121,33122,33125,33203,33206,33207,33208,33217,33218,33220,33221,33223,33224,33225,33226,33227,33228,33230,33231,33232,33234,33235,33236,33237,33238,33280,33281,33282,33284,33285,33287,33372,33553,33570,33574,33576,33577);
UPDATE `npcaidata` SET `showName` = 0 WHERE `npcId` IN (32966,32970,33000,33002,33007,33016,33018,33020,33022,33025,33027,33101,33105,33106,33107,33108,33109,33110,33111,33112,33113,33114,33115,33116,33120,33121,33122,33125,33203,33206,33207,33208,33217,33218,33220,33221,33223,33224,33225,33226,33227,33228,33230,33231,33232,33234,33235,33236,33237,33238,33280,33281,33282,33284,33285,33287,33372,33553,33570,33574,33576,33577);