Set Names utf8;
/************ Made in Taiwan ************/

REPLACE INTO `auto_announcements` VALUES
(1,900000,9000000,36000,'突然變成無法移動的狀態時，請先點選畫面左上角自己的名字或血條，再按鍵盤的「Esc」取消目標。','false'),
(2,1800000,9000000,36000,'掉入地獄或是卡點的的玩家，請輸入「/脫逃」的自救指令 - 需5分鐘。','false'),
(3,2700000,9000000,36000,'叫喊買賣時，請至交易頻道發言，勿使用一般頻道影響他人。','false'),
(4,3600000,9000000,36000,'請玩家遵守官網公告之遊戲管理規章相關內容，並配合GM進行遊戲。','false'),
(5,4500000,9000000,36000,'玩家可以使用「/GM」來查詢目前正在線上服務的GM名單。','false'),
(6,5400000,9000000,36000,'請玩家注意個人商店設定金額，視窗右下顯示金額即為販售獲利之金額。','false'),
(7,6300000,9000000,36000,'請大家發揮良好遊戲道德，互相尊重禮讓，共同打造天堂II優良文化。','false'),
(8,7200000,9000000,36000,'提醒您慎重保管個人帳號、密碼；養成良好的網路使用環境，以確保你的帳號資料安全。','false'),
(9,8100000,9000000,36000,'過度沉溺遊戲易造成身體及精神狀況不佳，請適度的休息，確保您的健康。','false'),
(10,9000000,9000000,36000,'不論是在進行交易或是買賣物品的時候，請多加確認數量及所要交易的角色名稱，以避免交易錯誤造成您不必要的損失。','false');

Update `npc`, `raidboss_spawnlist` SET `raidboss_spawnlist`.`currentHp`=`npc`.`hp`*10,`raidboss_spawnlist`.`currentMp`=`npc`.`mp`*10 WHERE `npc`.`type`='L2RaidBoss' AND `npc`.`id`=`raidboss_spawnlist`.`boss_id`;

REPLACE INTO `teleport` VALUES
('Gludin -> TI Village',9,-111988,257240,-1376,9400,0,57),
('Airship dock -> Talking Island',12119,-111988,257240,-1376,0,0,57);

DELETE FROM `spawnlist` WHERE `npc_templateid` IN (30484,30487);
INSERT INTO `spawnlist` (location,count,npc_templateid,locx,locy,locz,randomx,randomy,heading,respawn_delay,loc_id,periodOfDay) VALUES
('dion05_npc2021_02',1,30484,17627,114750,-11688,0,0,16384,60,0,0),
('dion05_npc2021_03',1,30487,17821,114750,-11688,0,0,16384,60,0,0);
REPLACE INTO `teleport` VALUES
('Cruma Tower 2nd floor -> Cruma Tower 1st floor',24,17728,114750,-11688,0,0,57);

REPLACE INTO `merchant_shopids` VALUES (10016, 'gm');
REPLACE INTO `merchant_buylists` (`item_id`,`price`,`shop_id`,`order`) VALUES
(19730, 0, 10016, 1),
(19731, 0, 10016, 2),
(19732, 0, 10016, 3),
(19733, 0, 10016, 4),
(19734, 0, 10016, 5),
(19735, 0, 10016, 6),
(19736, 0, 10016, 7),
(19737, 0, 10016, 8),
(19738, 0, 10016, 9),
(19739, 0, 10016, 10),
(19740, 0, 10016, 11),
(17754, 0, 10016, 12),
(19741, 0, 10016, 13),
(19742, 0, 10016, 14),
(19743, 0, 10016, 15),
(19744, 0, 10016, 16),
(19745, 0, 10016, 17),
(19442, 0, 10016, 18),
(19522, 0, 10016, 19),
(19523, 0, 10016, 20),
(19524, 0, 10016, 21),
(19525, 0, 10016, 22),
(19526, 0, 10016, 23),
(19527, 0, 10016, 24),
(19528, 0, 10016, 25),
(19529, 0, 10016, 26),
(19530, 0, 10016, 27),
(19531, 0, 10016, 28),
(19532, 0, 10016, 29),
(18550, 0, 10016, 30),
(19533, 0, 10016, 31),
(19534, 0, 10016, 32),
(19535, 0, 10016, 33),
(19536, 0, 10016, 34),
(19537, 0, 10016, 35),
(17320, 0, 10016, 36);

REPLACE INTO `merchant_shopids` VALUES (10017, 'gm');
REPLACE INTO `merchant_buylists` (`item_id`,`price`,`shop_id`,`order`) VALUES
(19762, 0, 10017, 1),
(19763, 0, 10017, 2),
(19764, 0, 10017, 3),
(19765, 0, 10017, 4),
(19766, 0, 10017, 5),
(19767, 0, 10017, 6),
(19768, 0, 10017, 7),
(19769, 0, 10017, 8),
(19770, 0, 10017, 9),
(19771, 0, 10017, 10),
(19772, 0, 10017, 11),
(17754, 0, 10017, 12),
(19773, 0, 10017, 13),
(19774, 0, 10017, 14),
(19775, 0, 10017, 15),
(19776, 0, 10017, 16),
(19777, 0, 10017, 17),
(19442, 0, 10017, 18),
(19554, 0, 10017, 19),
(19555, 0, 10017, 20),
(19556, 0, 10017, 21),
(19557, 0, 10017, 22),
(19558, 0, 10017, 23),
(19559, 0, 10017, 24),
(19560, 0, 10017, 25),
(19561, 0, 10017, 26),
(19562, 0, 10017, 27),
(19563, 0, 10017, 28),
(19564, 0, 10017, 29),
(18550, 0, 10017, 30),
(19565, 0, 10017, 31),
(19566, 0, 10017, 32),
(19567, 0, 10017, 33),
(19568, 0, 10017, 34),
(19569, 0, 10017, 35),
(17412, 0, 10017, 36);

REPLACE INTO `merchant_shopids` VALUES (10018, 'gm');
REPLACE INTO `merchant_buylists` (`item_id`,`price`,`shop_id`,`order`) VALUES
(19778, 0, 10018, 1),
(19779, 0, 10018, 2),
(19780, 0, 10018, 3),
(19781, 0, 10018, 4),
(19782, 0, 10018, 5),
(19783, 0, 10018, 6),
(19784, 0, 10018, 7),
(19785, 0, 10018, 8),
(19786, 0, 10018, 9),
(19787, 0, 10018, 10),
(19788, 0, 10018, 11),
(17754, 0, 10018, 12),
(19789, 0, 10018, 13),
(19790, 0, 10018, 14),
(19791, 0, 10018, 15),
(19792, 0, 10018, 16),
(19793, 0, 10018, 17),
(19442, 0, 10018, 18),
(19570, 0, 10018, 19),
(19571, 0, 10018, 20),
(19572, 0, 10018, 21),
(19573, 0, 10018, 22),
(19574, 0, 10018, 23),
(19575, 0, 10018, 24),
(19576, 0, 10018, 25),
(19577, 0, 10018, 26),
(19578, 0, 10018, 27),
(19579, 0, 10018, 28),
(19580, 0, 10018, 29),
(18550, 0, 10018, 30),
(19581, 0, 10018, 31),
(19582, 0, 10018, 32),
(19583, 0, 10018, 33),
(19584, 0, 10018, 34),
(19585, 0, 10018, 35),
(17446, 0, 10018, 36);

REPLACE INTO `merchant_shopids` VALUES (10019, 'gm');
REPLACE INTO `merchant_buylists` (`item_id`,`price`,`shop_id`,`order`) VALUES
(33717, 0, 10019, 1),
(33718, 0, 10019, 2),
(33719, 0, 10019, 3),
(33720, 0, 10019, 4),
(33721, 0, 10019, 5),
(33722, 0, 10019, 6),
(33723, 0, 10019, 7),
(33724, 0, 10019, 8),
(33725, 0, 10019, 9),
(33726, 0, 10019, 10),
(33727, 0, 10019, 11),
(33728, 0, 10019, 12),
(33729, 0, 10019, 13),
(33730, 0, 10019, 14),
(33731, 0, 10019, 15),
(33732, 0, 10019, 16),
(33733, 0, 10019, 17),
(33734, 0, 10019, 18),
(33735, 0, 10019, 19),
(33736, 0, 10019, 20),
(33737, 0, 10019, 21),
(33738, 0, 10019, 22),
(33739, 0, 10019, 23),
(33740, 0, 10019, 24),
(33741, 0, 10019, 25),
(33742, 0, 10019, 26),
(33743, 0, 10019, 27),
(33744, 0, 10019, 28),
(33745, 0, 10019, 29),
(33746, 0, 10019, 30),
(33747, 0, 10019, 31),
(33760, 0, 10019, 32),
(33761, 0, 10019, 33),
(33762, 0, 10019, 34),
(33763, 0, 10019, 35),
(33765, 0, 10019, 36);

REPLACE INTO `merchant_shopids` VALUES (10020, 'gm');
REPLACE INTO `merchant_buylists` (`item_id`,`price`,`shop_id`,`order`) VALUES
(17755, 0, 10020, 1),
(17756, 0, 10020, 2),
(17759, 0, 10020, 3),
(17760, 0, 10020, 4),
(17763, 0, 10020, 5),
(17764, 0, 10020, 6),
(17767, 0, 10020, 7),
(17768, 0, 10020, 8),
(17771, 0, 10020, 9),
(17772, 0, 10020, 10),
(17775, 0, 10020, 11),
(17776, 0, 10020, 12),
(17779, 0, 10020, 13),
(17780, 0, 10020, 14),
(17783, 0, 10020, 15),
(17784, 0, 10020, 16),
(17787, 0, 10020, 17),
(17788, 0, 10020, 18),
(17791, 0, 10020, 19),
(17792, 0, 10020, 20),
(17795, 0, 10020, 21),
(17796, 0, 10020, 22),
(17799, 0, 10020, 23),
(17800, 0, 10020, 24),
(17803, 0, 10020, 25),
(17804, 0, 10020, 26),
(17807, 0, 10020, 27),
(17808, 0, 10020, 28),
(17811, 0, 10020, 29),
(17812, 0, 10020, 30),
(17815, 0, 10020, 31),
(17816, 0, 10020, 32);

REPLACE INTO `merchant_shopids` VALUES (10021, 'gm');
REPLACE INTO `merchant_buylists` (`item_id`,`price`,`shop_id`,`order`) VALUES
(19451, 0, 10021, 1),
(19452, 0, 10021, 2),
(19453, 0, 10021, 3),
(19454, 0, 10021, 4),
(19455, 0, 10021, 5),
(19456, 0, 10021, 6),
(19457, 0, 10021, 7),
(19458, 0, 10021, 8),
(19459, 0, 10021, 9),
(19460, 0, 10021, 10),
(19461, 0, 10021, 11),
(19462, 0, 10021, 12),
(19463, 0, 10021, 13),
(19464, 0, 10021, 14);

REPLACE INTO `merchant_shopids` VALUES (10022, 'gm');
REPLACE INTO `merchant_buylists` (`item_id`,`price`,`shop_id`,`order`) VALUES
(17321, 0, 10022, 1),
(17322, 0, 10022, 2),
(17323, 0, 10022, 3),
(19470, 0, 10022, 4),
(19471, 0, 10022, 5),
(19472, 0, 10022, 6),
(17355, 0, 10022, 7),
(17356, 0, 10022, 8),
(17357, 0, 10022, 9),
(19473, 0, 10022, 10),
(19474, 0, 10022, 11),
(19475, 0, 10022, 12),
(17413, 0, 10022, 13),
(17414, 0, 10022, 14),
(17415, 0, 10022, 15),
(19476, 0, 10022, 16),
(19477, 0, 10022, 17),
(19478, 0, 10022, 18),
(17447, 0, 10022, 19),
(17448, 0, 10022, 20),
(17449, 0, 10022, 21),
(19479, 0, 10022, 22),
(19480, 0, 10022, 23),
(19481, 0, 10022, 24),
(17481, 0, 10022, 25),
(17482, 0, 10022, 26),
(17483, 0, 10022, 27),
(30307, 0, 10022, 28),
(30308, 0, 10022, 29),
(30309, 0, 10022, 30);

REPLACE INTO `merchant_shopids` VALUES (10023, 'gm');
REPLACE INTO `merchant_buylists` (`item_id`,`price`,`shop_id`,`order`) VALUES
(30392, 0, 10023, 1),
(30393, 0, 10023, 2),
(30394, 0, 10023, 3),
(30395, 0, 10023, 4),
(30396, 0, 10023, 5),
(30397, 0, 10023, 6),
(30398, 0, 10023, 7),
(30399, 0, 10023, 8),
(30400, 0, 10023, 9),
(30401, 0, 10023, 10),
(30402, 0, 10023, 11),
(30403, 0, 10023, 12),
(30404, 0, 10023, 13),
(30405, 0, 10023, 14);

REPLACE INTO `merchant_shopids` VALUES (10024, 'gm');
REPLACE INTO `merchant_buylists` (`item_id`,`price`,`shop_id`,`order`) VALUES
(19938, 0, 10024, 1),
(19939, 0, 10024, 2),
(19940, 0, 10024, 3),
(19941, 0, 10024, 4),
(19942, 0, 10024, 5),
(19943, 0, 10024, 6),
(19944, 0, 10024, 7),
(19945, 0, 10024, 8),
(19946, 0, 10024, 9),
(19947, 0, 10024, 10),
(19948, 0, 10024, 11),
(19949, 0, 10024, 12),
(19950, 0, 10024, 13),
(19951, 0, 10024, 14),
(19952, 0, 10024, 15),
(19953, 0, 10024, 16),
(19954, 0, 10024, 17),
(19955, 0, 10024, 18),
(19956, 0, 10024, 19),
(19957, 0, 10024, 20),
(19958, 0, 10024, 21),
(19959, 0, 10024, 22),
(19960, 0, 10024, 23),
(19961, 0, 10024, 24),
(19962, 0, 10024, 25),
(19963, 0, 10024, 26),
(19964, 0, 10024, 27),
(19965, 0, 10024, 28),
(19966, 0, 10024, 29),
(19967, 0, 10024, 30),
(19968, 0, 10024, 31),
(19969, 0, 10024, 32),
(19970, 0, 10024, 33),
(19971, 0, 10024, 34),
(19972, 0, 10024, 35),
(19973, 0, 10024, 36),
(19974, 0, 10024, 37),
(19975, 0, 10024, 38),
(19976, 0, 10024, 39),
(19977, 0, 10024, 40),
(19978, 0, 10024, 41),
(19979, 0, 10024, 42);

REPLACE INTO `merchant_shopids` VALUES (10025, 'gm');
REPLACE INTO `merchant_buylists` (`item_id`,`price`,`shop_id`,`order`) VALUES
(30022, 0, 10025, 1),
(30023, 0, 10025, 2),
(30024, 0, 10025, 3),
(30025, 0, 10025, 4),
(30026, 0, 10025, 5),
(30027, 0, 10025, 6),
(30028, 0, 10025, 7),
(30029, 0, 10025, 8),
(30030, 0, 10025, 9),
(30031, 0, 10025, 10),
(30032, 0, 10025, 11),
(30033, 0, 10025, 12),
(30034, 0, 10025, 13),
(30035, 0, 10025, 14),
(30036, 0, 10025, 15),
(30037, 0, 10025, 16),
(30038, 0, 10025, 17),
(30039, 0, 10025, 18),
(30040, 0, 10025, 19),
(30041, 0, 10025, 20),
(30042, 0, 10025, 21),
(30043, 0, 10025, 22),
(30044, 0, 10025, 23),
(30045, 0, 10025, 24),
(30046, 0, 10025, 25),
(30047, 0, 10025, 26),
(30048, 0, 10025, 27),
(30049, 0, 10025, 28),
(30050, 0, 10025, 29),
(30051, 0, 10025, 30),
(30052, 0, 10025, 31),
(30053, 0, 10025, 32),
(30054, 0, 10025, 33),
(30055, 0, 10025, 34),
(30056, 0, 10025, 35),
(30057, 0, 10025, 36),
(30058, 0, 10025, 37),
(30059, 0, 10025, 38),
(30060, 0, 10025, 39),
(30061, 0, 10025, 40),
(30062, 0, 10025, 41),
(30063, 0, 10025, 42);

REPLACE INTO `merchant_shopids` VALUES (10026, 'gm');
REPLACE INTO `merchant_buylists` (`item_id`,`price`,`shop_id`,`order`) VALUES
(30106, 0, 10026, 1),
(30107, 0, 10026, 2),
(30108, 0, 10026, 3),
(30109, 0, 10026, 4),
(30110, 0, 10026, 5),
(30111, 0, 10026, 6),
(30112, 0, 10026, 7),
(30113, 0, 10026, 8),
(30114, 0, 10026, 9),
(30115, 0, 10026, 10),
(30116, 0, 10026, 11),
(30117, 0, 10026, 12),
(30118, 0, 10026, 13),
(30119, 0, 10026, 14),
(30120, 0, 10026, 15),
(30121, 0, 10026, 16),
(30122, 0, 10026, 17),
(30123, 0, 10026, 18),
(30124, 0, 10026, 19),
(30125, 0, 10026, 20),
(30126, 0, 10026, 21),
(30127, 0, 10026, 22),
(30128, 0, 10026, 23),
(30129, 0, 10026, 24),
(30130, 0, 10026, 25),
(30131, 0, 10026, 26),
(30132, 0, 10026, 27),
(30133, 0, 10026, 28),
(30134, 0, 10026, 29),
(30135, 0, 10026, 30),
(30136, 0, 10026, 31),
(30137, 0, 10026, 32),
(30138, 0, 10026, 33),
(30139, 0, 10026, 34),
(30140, 0, 10026, 35),
(30141, 0, 10026, 36),
(30142, 0, 10026, 37),
(30143, 0, 10026, 38),
(30144, 0, 10026, 39),
(30145, 0, 10026, 40),
(30146, 0, 10026, 41),
(30147, 0, 10026, 42);

REPLACE INTO `merchant_shopids` VALUES (10027, 'gm');
REPLACE INTO `merchant_buylists` (`item_id`,`price`,`shop_id`,`order`) VALUES
(30190, 0, 10027, 1),
(30191, 0, 10027, 2),
(30192, 0, 10027, 3),
(30193, 0, 10027, 4),
(30194, 0, 10027, 5),
(30195, 0, 10027, 6),
(30196, 0, 10027, 7),
(30197, 0, 10027, 8),
(30198, 0, 10027, 9),
(30199, 0, 10027, 10),
(30200, 0, 10027, 11),
(30201, 0, 10027, 12),
(30202, 0, 10027, 13),
(30203, 0, 10027, 14),
(30204, 0, 10027, 15),
(30205, 0, 10027, 16),
(30206, 0, 10027, 17),
(30207, 0, 10027, 18),
(30208, 0, 10027, 19),
(30209, 0, 10027, 20),
(30210, 0, 10027, 21),
(30211, 0, 10027, 22),
(30212, 0, 10027, 23),
(30213, 0, 10027, 24),
(30214, 0, 10027, 25),
(30215, 0, 10027, 26),
(30216, 0, 10027, 27),
(30217, 0, 10027, 28),
(30218, 0, 10027, 29),
(30219, 0, 10027, 30),
(30220, 0, 10027, 31),
(30221, 0, 10027, 32),
(30222, 0, 10027, 33),
(30223, 0, 10027, 34),
(30224, 0, 10027, 35),
(30225, 0, 10027, 36),
(30226, 0, 10027, 37),
(30227, 0, 10027, 38),
(30228, 0, 10027, 39),
(30229, 0, 10027, 40),
(30230, 0, 10027, 41),
(30231, 0, 10027, 42);

REPLACE INTO `merchant_shopids` VALUES (10028, 'gm');
REPLACE INTO `merchant_buylists` (`item_id`,`price`,`shop_id`,`order`) VALUES
(17754, 0, 10028, 1),
(19441, 0, 10028, 2),
(19442, 0, 10028, 3),
(18550, 0, 10028, 4),
(19443, 0, 10028, 5),
(17526, 0, 10028, 6),
(17527, 0, 10028, 7),
(19447, 0, 10028, 8),
(19448, 0, 10028, 9),
(17371, 0, 10028, 10),
(19440, 0, 10028, 11),
(18563, 0, 10028, 12),
(18564, 0, 10028, 13),
(18565, 0, 10028, 14),
(18566, 0, 10028, 15),
(18568, 0, 10028, 16),
(18569, 0, 10028, 17),
(18570, 0, 10028, 18),
(18571, 0, 10028, 19),
(18573, 0, 10028, 20),
(18574, 0, 10028, 21),
(18575, 0, 10028, 22),
(18576, 0, 10028, 23),
(19166, 0, 10028, 24),
(19167, 0, 10028, 25),
(19168, 0, 10028, 26),
(8599,  0, 10028, 27),
(22425, 0, 10028, 28),
(22426, 0, 10028, 29),
(22427, 0, 10028, 30),
(33478, 0, 10028, 31),
(22428, 0, 10028, 32),
(22429, 0, 10028, 33),
(22430, 0, 10028, 34),
(33479, 0, 10028, 35),
(17697, 0, 10028, 36),
(17698, 0, 10028, 37),
(17699, 0, 10028, 38),
(17700, 0, 10028, 39),
(17701, 0, 10028, 40),
(17702, 0, 10028, 41);

REPLACE INTO `merchant_shopids` VALUES (10029, 'gm');
REPLACE INTO `merchant_buylists` (`item_id`,`price`,`shop_id`,`order`) VALUES
(19124, 0, 10029, 1),
(19125, 0, 10029, 2),
(19126, 0, 10029, 3),
(19127, 0, 10029, 4),
(19128, 0, 10029, 5),
(19129, 0, 10029, 6),
(19130, 0, 10029, 7),
(19131, 0, 10029, 8),
(19132, 0, 10029, 9),
(19133, 0, 10029, 10),
(19134, 0, 10029, 11),
(19135, 0, 10029, 12),
(19136, 0, 10029, 13),
(19137, 0, 10029, 14),
(19138, 0, 10029, 15),
(19139, 0, 10029, 16),
(19140, 0, 10029, 17),
(19141, 0, 10029, 18),
(19142, 0, 10029, 19),
(19143, 0, 10029, 20),
(19144, 0, 10029, 21),
(19145, 0, 10029, 22),
(19146, 0, 10029, 23),
(19147, 0, 10029, 24),
(19148, 0, 10029, 25),
(19149, 0, 10029, 26),
(19150, 0, 10029, 27),
(19151, 0, 10029, 28),
(19154, 0, 10029, 31),
(19155, 0, 10029, 32),
(19156, 0, 10029, 33),
(19157, 0, 10029, 34),
(19158, 0, 10029, 35),
(19159, 0, 10029, 36),
(19160, 0, 10029, 37),
(19161, 0, 10029, 38),
(19162, 0, 10029, 39),
(19163, 0, 10029, 40),
(19164, 0, 10029, 41),
(19165, 0, 10029, 42);

REPLACE INTO `merchant_shopids` VALUES (10030, 'gm');
REPLACE INTO `merchant_buylists` (`item_id`,`price`,`shop_id`,`order`) VALUES
(19714, 0, 10030, 1),
(19715, 0, 10030, 2),
(19716, 0, 10030, 3),
(19717, 0, 10030, 4),
(19718, 0, 10030, 5),
(19719, 0, 10030, 6),
(19720, 0, 10030, 7),
(19721, 0, 10030, 8),
(19722, 0, 10030, 9),
(19723, 0, 10030, 10),
(19724, 0, 10030, 11),
(17754, 0, 10030, 12),
(19725, 0, 10030, 13),
(19726, 0, 10030, 14),
(19727, 0, 10030, 15),
(19728, 0, 10030, 16),
(19729, 0, 10030, 17),
(19442, 0, 10030, 18),
(19922, 0, 10030, 19),
(19923, 0, 10030, 20),
(19924, 0, 10030, 21),
(19925, 0, 10030, 22),
(19926, 0, 10030, 23),
(19927, 0, 10030, 24),
(19928, 0, 10030, 25),
(19929, 0, 10030, 26),
(19930, 0, 10030, 27),
(19931, 0, 10030, 28),
(19932, 0, 10030, 29),
(18550, 0, 10030, 30),
(19933, 0, 10030, 31),
(19934, 0, 10030, 32),
(19935, 0, 10030, 33),
(19936, 0, 10030, 34),
(19937, 0, 10030, 35),
(17480, 0, 10030, 36);

REPLACE INTO `merchant_shopids` VALUES (10031, 'gm');
REPLACE INTO `merchant_buylists` (`item_id`,`price`,`shop_id`,`order`) VALUES
(19746, 0, 10031, 1),
(19747, 0, 10031, 2),
(19748, 0, 10031, 3),
(19749, 0, 10031, 4),
(19750, 0, 10031, 5),
(19751, 0, 10031, 6),
(19752, 0, 10031, 7),
(19753, 0, 10031, 8),
(19754, 0, 10031, 9),
(19755, 0, 10031, 10),
(19756, 0, 10031, 11),
(17754, 0, 10031, 12),
(19757, 0, 10031, 13),
(19758, 0, 10031, 14),
(19759, 0, 10031, 15),
(19760, 0, 10031, 16),
(19761, 0, 10031, 17),
(19442, 0, 10031, 18),
(19538, 0, 10031, 19),
(19539, 0, 10031, 20),
(19540, 0, 10031, 21),
(19541, 0, 10031, 22),
(19542, 0, 10031, 23),
(19543, 0, 10031, 24),
(19544, 0, 10031, 25),
(19545, 0, 10031, 26),
(19546, 0, 10031, 27),
(19547, 0, 10031, 28),
(19548, 0, 10031, 29),
(18550, 0, 10031, 30),
(19549, 0, 10031, 31),
(19550, 0, 10031, 32),
(19551, 0, 10031, 33),
(19552, 0, 10031, 34),
(19553, 0, 10031, 35),
(17354, 0, 10031, 36);

REPLACE INTO `merchant_shopids` VALUES (10032, 'gm');
REPLACE INTO `merchant_buylists` (`item_id`,`price`,`shop_id`,`order`) VALUES
(30310, 0, 10032, 1),
(30311, 0, 10032, 2),
(30312, 0, 10032, 3),
(30313, 0, 10032, 4),
(30314, 0, 10032, 5),
(30315, 0, 10032, 6),
(30316, 0, 10032, 7),
(30317, 0, 10032, 8),
(22611, 0, 10032, 9),
(22390, 0, 10032, 10),
(22480, 0, 10032, 11);

REPLACE INTO `merchant_shopids` VALUES (10033, 'gm');
REPLACE INTO `merchant_buylists` (`item_id`,`price`,`shop_id`,`order`) VALUES
(22650, 0, 10033, 1),
(22651, 0, 10033, 2),
(22652, 0, 10033, 3),
(22653, 0, 10033, 4),
(22654, 0, 10033, 5),
(22655, 0, 10033, 6),
(22656, 0, 10033, 7),
(22657, 0, 10033, 8),
(22658, 0, 10033, 9),
(22659, 0, 10033, 10),
(22660, 0, 10033, 11),
(22661, 0, 10033, 12),
(22662, 0, 10033, 13),
(22663, 0, 10033, 14),
(22664, 0, 10033, 15),
(22665, 0, 10033, 16),
(22711, 0, 10033, 17),
(22712, 0, 10033, 18),
(22713, 0, 10033, 19),
(22714, 0, 10033, 20),
(22715, 0, 10033, 21),
(22716, 0, 10033, 22),
(22717, 0, 10033, 23),
(22718, 0, 10033, 24),
(22719, 0, 10033, 25),
(22720, 0, 10033, 26),
(22721, 0, 10033, 27),
(22722, 0, 10033, 28),
(22723, 0, 10033, 29),
(22724, 0, 10033, 30),
(22725, 0, 10033, 31),
(22726, 0, 10033, 32);

REPLACE INTO `merchant_shopids` VALUES (10034, 'gm');
REPLACE INTO `merchant_buylists` (`item_id`,`price`,`shop_id`,`order`) VALUES
(17290, 0, 10034, 1),
(17291, 0, 10034, 2),
(17292, 0, 10034, 3),
(17293, 0, 10034, 4),
(17294, 0, 10034, 5),
(17295, 0, 10034, 6),
(17296, 0, 10034, 7),
(17297, 0, 10034, 8),
(17298, 0, 10034, 9),
(17299, 0, 10034, 10),
(17300, 0, 10034, 11),
(17301, 0, 10034, 12),
(17302, 0, 10034, 13),
(17303, 0, 10034, 14),
(17324, 0, 10034, 15),
(17325, 0, 10034, 16),
(17326, 0, 10034, 17),
(17327, 0, 10034, 18),
(17328, 0, 10034, 19),
(17329, 0, 10034, 20),
(17330, 0, 10034, 21),
(17331, 0, 10034, 22),
(17332, 0, 10034, 23),
(17333, 0, 10034, 24),
(17334, 0, 10034, 25),
(17335, 0, 10034, 26),
(17336, 0, 10034, 27),
(17337, 0, 10034, 28),
(17382, 0, 10034, 29),
(17383, 0, 10034, 30),
(17384, 0, 10034, 31),
(17385, 0, 10034, 32),
(17386, 0, 10034, 33),
(17387, 0, 10034, 34),
(17388, 0, 10034, 35),
(17389, 0, 10034, 36),
(17390, 0, 10034, 37),
(17391, 0, 10034, 38),
(17392, 0, 10034, 39),
(17393, 0, 10034, 40),
(17394, 0, 10034, 41),
(17395, 0, 10034, 42),
(17416, 0, 10034, 43),
(17417, 0, 10034, 44),
(17418, 0, 10034, 45),
(17419, 0, 10034, 46),
(17420, 0, 10034, 47),
(17421, 0, 10034, 48),
(17422, 0, 10034, 49),
(17423, 0, 10034, 50),
(17424, 0, 10034, 51),
(17425, 0, 10034, 52),
(17426, 0, 10034, 53),
(17427, 0, 10034, 54),
(17428, 0, 10034, 55),
(17429, 0, 10034, 56),
(17450, 0, 10034, 57),
(17451, 0, 10034, 58),
(17452, 0, 10034, 59),
(17453, 0, 10034, 60),
(17454, 0, 10034, 61),
(17455, 0, 10034, 62),
(17456, 0, 10034, 63),
(17457, 0, 10034, 64),
(17458, 0, 10034, 65),
(17459, 0, 10034, 66),
(17460, 0, 10034, 67),
(17461, 0, 10034, 68),
(17462, 0, 10034, 69),
(17463, 0, 10034, 70);

REPLACE INTO `merchant_shopids` VALUES (10035, 'gm');
REPLACE INTO `merchant_buylists` (`item_id`,`price`,`shop_id`,`order`) VALUES
(17304, 0, 10035, 1),
(17305, 0, 10035, 2),
(17306, 0, 10035, 3),
(17307, 0, 10035, 4),
(17308, 0, 10035, 5),
(17309, 0, 10035, 6),
(17310, 0, 10035, 7),
(17311, 0, 10035, 8),
(17312, 0, 10035, 9),
(17313, 0, 10035, 10),
(17314, 0, 10035, 11),
(17315, 0, 10035, 12),
(17316, 0, 10035, 13),
(17317, 0, 10035, 14),
(17318, 0, 10035, 15),
(17319, 0, 10035, 16),
(17338, 0, 10035, 17),
(17339, 0, 10035, 18),
(17340, 0, 10035, 19),
(17341, 0, 10035, 20),
(17342, 0, 10035, 21),
(17343, 0, 10035, 22),
(17344, 0, 10035, 23),
(17345, 0, 10035, 24),
(17346, 0, 10035, 25),
(17347, 0, 10035, 26),
(17348, 0, 10035, 27),
(17349, 0, 10035, 28),
(17350, 0, 10035, 29),
(17351, 0, 10035, 30),
(17352, 0, 10035, 31),
(17353, 0, 10035, 32),
(17396, 0, 10035, 33),
(17397, 0, 10035, 34),
(17398, 0, 10035, 35),
(17399, 0, 10035, 36),
(17400, 0, 10035, 37),
(17401, 0, 10035, 38),
(17402, 0, 10035, 39),
(17403, 0, 10035, 40),
(17404, 0, 10035, 41),
(17405, 0, 10035, 42),
(17406, 0, 10035, 43),
(17407, 0, 10035, 44),
(17408, 0, 10035, 45),
(17409, 0, 10035, 46),
(17410, 0, 10035, 47),
(17411, 0, 10035, 48),
(17430, 0, 10035, 49),
(17431, 0, 10035, 50),
(17432, 0, 10035, 51),
(17433, 0, 10035, 52),
(17434, 0, 10035, 53),
(17435, 0, 10035, 54),
(17436, 0, 10035, 55),
(17437, 0, 10035, 56),
(17438, 0, 10035, 57),
(17439, 0, 10035, 58),
(17440, 0, 10035, 59),
(17441, 0, 10035, 60),
(17442, 0, 10035, 61),
(17443, 0, 10035, 62),
(17444, 0, 10035, 63),
(17445, 0, 10035, 64),
(17464, 0, 10035, 65),
(17465, 0, 10035, 66),
(17466, 0, 10035, 67),
(17467, 0, 10035, 68),
(17468, 0, 10035, 69),
(17469, 0, 10035, 70),
(17470, 0, 10035, 71),
(17471, 0, 10035, 72),
(17472, 0, 10035, 73),
(17473, 0, 10035, 74),
(17474, 0, 10035, 75),
(17475, 0, 10035, 76),
(17476, 0, 10035, 77),
(17477, 0, 10035, 78),
(17478, 0, 10035, 79),
(17479, 0, 10035, 80);

REPLACE INTO `merchant_shopids` VALUES (10036, 'gm');
REPLACE INTO `merchant_buylists` (`item_id`,`price`,`shop_id`,`order`) VALUES
(18578, 0, 10036, 1),
(18579, 0, 10036, 2),
(18580, 0, 10036, 3),
(18581, 0, 10036, 4),
(18582, 0, 10036, 5),
(18583, 0, 10036, 6),
(18584, 0, 10036, 7),
(18585, 0, 10036, 8),
(18586, 0, 10036, 9),
(18587, 0, 10036, 10),
(18588, 0, 10036, 11),
(18589, 0, 10036, 12),
(18590, 0, 10036, 13),
(18591, 0, 10036, 14),
(18592, 0, 10036, 15),
(18593, 0, 10036, 16),
(18594, 0, 10036, 17),
(18595, 0, 10036, 18),
(18596, 0, 10036, 19),
(18597, 0, 10036, 20),
(18598, 0, 10036, 21),
(18599, 0, 10036, 22),
(18600, 0, 10036, 23),
(18601, 0, 10036, 24),
(18602, 0, 10036, 25),
(18603, 0, 10036, 26),
(18604, 0, 10036, 27),
(18605, 0, 10036, 28),
(18606, 0, 10036, 29),
(18607, 0, 10036, 30),
(18608, 0, 10036, 31),
(18609, 0, 10036, 32),
(18610, 0, 10036, 33),
(18611, 0, 10036, 34),
(18612, 0, 10036, 35),
(18613, 0, 10036, 36),
(18614, 0, 10036, 37),
(18615, 0, 10036, 38),
(18616, 0, 10036, 39),
(18617, 0, 10036, 40),
(18618, 0, 10036, 41),
(18619, 0, 10036, 42);

REPLACE INTO `merchant_shopids` VALUES (10037, 'gm');
REPLACE INTO `merchant_buylists` (`item_id`,`price`,`shop_id`,`order`) VALUES
(18704, 0, 10037, 1),
(18705, 0, 10037, 2),
(18706, 0, 10037, 3),
(18707, 0, 10037, 4),
(18708, 0, 10037, 5),
(18709, 0, 10037, 6),
(18710, 0, 10037, 7),
(18711, 0, 10037, 8),
(18712, 0, 10037, 9),
(18713, 0, 10037, 10),
(18714, 0, 10037, 11),
(18715, 0, 10037, 12),
(18716, 0, 10037, 13),
(18717, 0, 10037, 14),
(18718, 0, 10037, 15),
(18719, 0, 10037, 16),
(18720, 0, 10037, 17),
(18721, 0, 10037, 18),
(18722, 0, 10037, 19),
(18723, 0, 10037, 20),
(18724, 0, 10037, 21),
(18725, 0, 10037, 22),
(18726, 0, 10037, 23),
(18727, 0, 10037, 24),
(18728, 0, 10037, 25),
(18729, 0, 10037, 26),
(18730, 0, 10037, 27),
(18731, 0, 10037, 28),
(18732, 0, 10037, 29),
(18733, 0, 10037, 30),
(18734, 0, 10037, 31),
(18735, 0, 10037, 32),
(18736, 0, 10037, 33),
(18737, 0, 10037, 34),
(18738, 0, 10037, 35),
(18739, 0, 10037, 36),
(18740, 0, 10037, 37),
(18741, 0, 10037, 38),
(18742, 0, 10037, 39),
(18743, 0, 10037, 40),
(18744, 0, 10037, 41),
(18745, 0, 10037, 42);

REPLACE INTO `merchant_shopids` VALUES (10038, 'gm');
REPLACE INTO `merchant_buylists` (`item_id`,`price`,`shop_id`,`order`) VALUES
(18830, 0, 10038, 1),
(18831, 0, 10038, 2),
(18832, 0, 10038, 3),
(18833, 0, 10038, 4),
(18834, 0, 10038, 5),
(18835, 0, 10038, 6),
(18836, 0, 10038, 7),
(18837, 0, 10038, 8),
(18838, 0, 10038, 9),
(18839, 0, 10038, 10),
(18840, 0, 10038, 11),
(18841, 0, 10038, 12),
(18842, 0, 10038, 13),
(18843, 0, 10038, 14),
(18844, 0, 10038, 15),
(18845, 0, 10038, 16),
(18846, 0, 10038, 17),
(18847, 0, 10038, 18),
(18848, 0, 10038, 19),
(18849, 0, 10038, 20),
(18850, 0, 10038, 21),
(18851, 0, 10038, 22),
(18852, 0, 10038, 23),
(18853, 0, 10038, 24),
(18854, 0, 10038, 25),
(18855, 0, 10038, 26),
(18856, 0, 10038, 27),
(18857, 0, 10038, 28),
(18858, 0, 10038, 29),
(18859, 0, 10038, 30),
(18860, 0, 10038, 31),
(18861, 0, 10038, 32),
(18862, 0, 10038, 33),
(18863, 0, 10038, 34),
(18864, 0, 10038, 35),
(18865, 0, 10038, 36),
(18866, 0, 10038, 37),
(18867, 0, 10038, 38),
(18868, 0, 10038, 39),
(18869, 0, 10038, 40),
(18870, 0, 10038, 41),
(18871, 0, 10038, 42);

REPLACE INTO `merchant_shopids` VALUES (10039, 'gm');
REPLACE INTO `merchant_buylists` (`item_id`,`price`,`shop_id`,`order`) VALUES
(18956, 0, 10039, 1),
(18957, 0, 10039, 2),
(18958, 0, 10039, 3),
(18959, 0, 10039, 4),
(18960, 0, 10039, 5),
(18961, 0, 10039, 6),
(18962, 0, 10039, 7),
(18963, 0, 10039, 8),
(18964, 0, 10039, 9),
(18965, 0, 10039, 10),
(18966, 0, 10039, 11),
(18967, 0, 10039, 12),
(18968, 0, 10039, 13),
(18969, 0, 10039, 14),
(18970, 0, 10039, 15),
(18971, 0, 10039, 16),
(18972, 0, 10039, 17),
(18973, 0, 10039, 18),
(18974, 0, 10039, 19),
(18975, 0, 10039, 20),
(18976, 0, 10039, 21),
(18977, 0, 10039, 22),
(18978, 0, 10039, 23),
(18979, 0, 10039, 24),
(18980, 0, 10039, 25),
(18981, 0, 10039, 26),
(18982, 0, 10039, 27),
(18983, 0, 10039, 28),
(18984, 0, 10039, 29),
(18985, 0, 10039, 30),
(18986, 0, 10039, 31),
(18987, 0, 10039, 32),
(18988, 0, 10039, 33),
(18989, 0, 10039, 34),
(18990, 0, 10039, 35),
(18991, 0, 10039, 36),
(18992, 0, 10039, 37),
(18993, 0, 10039, 38),
(18994, 0, 10039, 39),
(18995, 0, 10039, 40),
(18996, 0, 10039, 41),
(18997, 0, 10039, 42);

REPLACE INTO `merchant_shopids` VALUES (10040, 'gm');
REPLACE INTO `merchant_buylists` (`item_id`,`price`,`shop_id`,`order`) VALUES
(19082, 0, 10040, 1),
(19083, 0, 10040, 2),
(19084, 0, 10040, 3),
(19085, 0, 10040, 4),
(19086, 0, 10040, 5),
(19087, 0, 10040, 6),
(19088, 0, 10040, 7),
(19089, 0, 10040, 8),
(19090, 0, 10040, 9),
(19091, 0, 10040, 10),
(19092, 0, 10040, 11),
(19093, 0, 10040, 12),
(19094, 0, 10040, 13),
(19095, 0, 10040, 14),
(19096, 0, 10040, 15),
(19097, 0, 10040, 16),
(19098, 0, 10040, 17),
(19099, 0, 10040, 18),
(19100, 0, 10040, 19),
(19101, 0, 10040, 20),
(19102, 0, 10040, 21),
(19103, 0, 10040, 22),
(19104, 0, 10040, 23),
(19105, 0, 10040, 24),
(19106, 0, 10040, 25),
(19107, 0, 10040, 26),
(19108, 0, 10040, 27),
(19109, 0, 10040, 28),
(19110, 0, 10040, 29),
(19111, 0, 10040, 30),
(19112, 0, 10040, 31),
(19113, 0, 10040, 32),
(19114, 0, 10040, 33),
(19115, 0, 10040, 34),
(19116, 0, 10040, 35),
(19117, 0, 10040, 36),
(19118, 0, 10040, 37),
(19119, 0, 10040, 38),
(19120, 0, 10040, 39),
(19121, 0, 10040, 40),
(19122, 0, 10040, 41),
(19123, 0, 10040, 42);

REPLACE INTO `merchant_shopids` VALUES (10041, 'gm');
REPLACE INTO `merchant_buylists` (`item_id`,`price`,`shop_id`,`order`) VALUES
(35095, 0, 10041, 1),
(35096, 0, 10041, 2),
(35097, 0, 10041, 3),
(35098, 0, 10041, 4),
(35099, 0, 10041, 5),
(35100, 0, 10041, 6),
(35101, 0, 10041, 7),
(35102, 0, 10041, 8),
(35103, 0, 10041, 9),
(35104, 0, 10041, 10),
(35105, 0, 10041, 11),
(35106, 0, 10041, 12),
(35107, 0, 10041, 13),
(35108, 0, 10041, 14),
(35109, 0, 10041, 15),
(35110, 0, 10041, 16),
(35111, 0, 10041, 17),
(35112, 0, 10041, 18),
(35113, 0, 10041, 19),
(35114, 0, 10041, 20),
(35115, 0, 10041, 21),
(35116, 0, 10041, 22),
(35117, 0, 10041, 23),
(35118, 0, 10041, 24),
(35119, 0, 10041, 25),
(35120, 0, 10041, 26),
(35121, 0, 10041, 27),
(35122, 0, 10041, 28),
(35123, 0, 10041, 29),
(35124, 0, 10041, 30),
(35125, 0, 10041, 31),
(35126, 0, 10041, 32),
(35127, 0, 10041, 33),
(35128, 0, 10041, 34),
(35129, 0, 10041, 35),
(35130, 0, 10041, 36),
(35131, 0, 10041, 37),
(35132, 0, 10041, 38),
(35133, 0, 10041, 39),
(35134, 0, 10041, 40),
(35135, 0, 10041, 41),
(35136, 0, 10041, 42),
(35137, 0, 10041, 43),
(35138, 0, 10041, 44),
(35139, 0, 10041, 45),
(35140, 0, 10041, 46),
(35141, 0, 10041, 47),
(35142, 0, 10041, 48),
(35143, 0, 10041, 49),
(35144, 0, 10041, 50),
(35145, 0, 10041, 51),
(35146, 0, 10041, 52),
(35147, 0, 10041, 53),
(35148, 0, 10041, 54),
(35149, 0, 10041, 55),
(35150, 0, 10041, 56),
(35151, 0, 10041, 57),
(35152, 0, 10041, 58),
(35153, 0, 10041, 59),
(35154, 0, 10041, 60),
(35155, 0, 10041, 61),
(35156, 0, 10041, 62),
(35157, 0, 10041, 63),
(35158, 0, 10041, 64),
(35159, 0, 10041, 65),
(35160, 0, 10041, 66),
(35161, 0, 10041, 67),
(35162, 0, 10041, 68),
(35163, 0, 10041, 69),
(35164, 0, 10041, 70),
(35165, 0, 10041, 71),
(35166, 0, 10041, 72),
(35167, 0, 10041, 73),
(35168, 0, 10041, 74),
(35169, 0, 10041, 75),
(35170, 0, 10041, 76),
(35171, 0, 10041, 77),
(35172, 0, 10041, 78),
(35173, 0, 10041, 79),
(35174, 0, 10041, 80),
(35175, 0, 10041, 81),
(35176, 0, 10041, 82),
(35177, 0, 10041, 83),
(35178, 0, 10041, 84),
(35179, 0, 10041, 85),
(35180, 0, 10041, 86),
(35181, 0, 10041, 87),
(35182, 0, 10041, 88),
(35183, 0, 10041, 89),
(35184, 0, 10041, 90),
(35185, 0, 10041, 91),
(35186, 0, 10041, 92),
(35187, 0, 10041, 93),
(35188, 0, 10041, 94),
(35189, 0, 10041, 95),
(35190, 0, 10041, 96),
(35191, 0, 10041, 97),
(35192, 0, 10041, 98);

REPLACE INTO `merchant_shopids` VALUES (10042, 'gm');
REPLACE INTO `merchant_buylists` (`item_id`,`price`,`shop_id`,`order`) VALUES
(35193, 0, 10042, 1),
(35194, 0, 10042, 2),
(35195, 0, 10042, 3),
(35196, 0, 10042, 4),
(35197, 0, 10042, 5),
(35198, 0, 10042, 6),
(35199, 0, 10042, 7),
(35200, 0, 10042, 8),
(35201, 0, 10042, 9),
(35202, 0, 10042, 10),
(35203, 0, 10042, 11),
(35204, 0, 10042, 12),
(35205, 0, 10042, 13),
(35206, 0, 10042, 14),
(35207, 0, 10042, 15),
(35208, 0, 10042, 16),
(35209, 0, 10042, 17),
(35210, 0, 10042, 18),
(35211, 0, 10042, 19),
(35212, 0, 10042, 20),
(35213, 0, 10042, 21),
(35214, 0, 10042, 22),
(35215, 0, 10042, 23),
(35216, 0, 10042, 24),
(35217, 0, 10042, 25),
(35218, 0, 10042, 26),
(35219, 0, 10042, 27),
(35220, 0, 10042, 28),
(35221, 0, 10042, 29),
(35222, 0, 10042, 30),
(35223, 0, 10042, 31),
(35224, 0, 10042, 32),
(35225, 0, 10042, 33),
(35226, 0, 10042, 34),
(35227, 0, 10042, 35),
(35228, 0, 10042, 36),
(35229, 0, 10042, 37),
(35230, 0, 10042, 38),
(35231, 0, 10042, 39),
(35232, 0, 10042, 40),
(35233, 0, 10042, 41),
(35234, 0, 10042, 42),
(35235, 0, 10042, 43),
(35236, 0, 10042, 44),
(35237, 0, 10042, 45),
(35238, 0, 10042, 46),
(35239, 0, 10042, 47),
(35240, 0, 10042, 48),
(35241, 0, 10042, 49),
(35242, 0, 10042, 50),
(35243, 0, 10042, 51),
(35244, 0, 10042, 52),
(35245, 0, 10042, 53),
(35246, 0, 10042, 54),
(35247, 0, 10042, 55),
(35248, 0, 10042, 56),
(35249, 0, 10042, 57),
(35250, 0, 10042, 58),
(35251, 0, 10042, 59),
(35252, 0, 10042, 60),
(35253, 0, 10042, 61),
(35254, 0, 10042, 62),
(35255, 0, 10042, 63),
(35256, 0, 10042, 64),
(35257, 0, 10042, 65),
(35258, 0, 10042, 66),
(35259, 0, 10042, 67),
(35260, 0, 10042, 68),
(35261, 0, 10042, 69),
(35262, 0, 10042, 70),
(35263, 0, 10042, 71),
(35264, 0, 10042, 72),
(35265, 0, 10042, 73),
(35266, 0, 10042, 74),
(35267, 0, 10042, 75),
(35268, 0, 10042, 76),
(35269, 0, 10042, 77),
(35270, 0, 10042, 78),
(35271, 0, 10042, 79),
(35272, 0, 10042, 80),
(35273, 0, 10042, 81),
(35274, 0, 10042, 82),
(35275, 0, 10042, 83),
(35276, 0, 10042, 84),
(35277, 0, 10042, 85),
(35278, 0, 10042, 86),
(35279, 0, 10042, 87),
(35280, 0, 10042, 88),
(35281, 0, 10042, 89),
(35282, 0, 10042, 90),
(35283, 0, 10041, 91),
(35284, 0, 10041, 92),
(35285, 0, 10041, 93),
(35286, 0, 10041, 94),
(35287, 0, 10041, 95),
(35288, 0, 10041, 96),
(35289, 0, 10041, 97),
(35290, 0, 10041, 98);

REPLACE INTO `merchant_shopids` VALUES (10043, 'gm');
REPLACE INTO `merchant_buylists` (`item_id`,`price`,`shop_id`,`order`) VALUES
(35063, 0, 10043, 1),
(35064, 0, 10043, 2),
(35065, 0, 10043, 3),
(35066, 0, 10043, 4),
(35067, 0, 10043, 5),
(35069, 0, 10043, 6),
(35070, 0, 10043, 7),
(35071, 0, 10043, 8),
(35072, 0, 10043, 9),
(35073, 0, 10043, 10),
(35074, 0, 10043, 11),
(35075, 0, 10043, 12),
(35076, 0, 10043, 13),
(35077, 0, 10043, 14),
(35078, 0, 10043, 15),
(35002, 0, 10043, 16),
(35003, 0, 10043, 17),
(35004, 0, 10043, 18),
(35005, 0, 10043, 19),
(35006, 0, 10043, 20),
(35008, 0, 10043, 21),
(35009, 0, 10043, 22),
(35010, 0, 10043, 23),
(35011, 0, 10043, 24),
(35012, 0, 10043, 25),
(35013, 0, 10043, 26),
(35014, 0, 10043, 27),
(35015, 0, 10043, 28),
(35016, 0, 10043, 29),
(35017, 0, 10043, 30),
(35018, 0, 10043, 31),
(35019, 0, 10043, 32),
(35020, 0, 10043, 33),
(35021, 0, 10043, 34),
(35022, 0, 10043, 35),
(35023, 0, 10043, 36),
(35024, 0, 10043, 37),
(35025, 0, 10043, 38),
(35026, 0, 10043, 39),
(35027, 0, 10043, 40),
(35028, 0, 10043, 41),
(35029, 0, 10043, 42),
(35030, 0, 10043, 43),
(35031, 0, 10043, 44),
(35032, 0, 10043, 45);

REPLACE INTO `merchant_shopids` VALUES (10044, 'gm');
REPLACE INTO `merchant_buylists` (`item_id`,`price`,`shop_id`,`order`) VALUES
(35079, 0, 10044, 1),
(35080, 0, 10044, 2),
(35081, 0, 10044, 3),
(35082, 0, 10044, 4),
(35083, 0, 10044, 5),
(35085, 0, 10044, 6),
(35086, 0, 10044, 7),
(35087, 0, 10044, 8),
(35088, 0, 10044, 9),
(35089, 0, 10044, 10),
(35090, 0, 10044, 11),
(35091, 0, 10044, 12),
(35092, 0, 10044, 13),
(35093, 0, 10044, 14),
(35094, 0, 10044, 15),
(35033, 0, 10044, 16),
(35034, 0, 10044, 17),
(35035, 0, 10044, 18),
(35036, 0, 10044, 19),
(35037, 0, 10044, 20),
(35038, 0, 10044, 21),
(35039, 0, 10044, 22),
(35040, 0, 10044, 23),
(35041, 0, 10044, 24),
(35042, 0, 10044, 25),
(35043, 0, 10044, 26),
(35044, 0, 10044, 27),
(35045, 0, 10044, 28),
(35046, 0, 10044, 29),
(35047, 0, 10044, 30),
(35048, 0, 10044, 31),
(35049, 0, 10044, 32),
(35050, 0, 10044, 33),
(35051, 0, 10044, 34),
(35052, 0, 10044, 35),
(35053, 0, 10044, 36),
(35054, 0, 10044, 37),
(35055, 0, 10044, 38),
(35056, 0, 10044, 39),
(35057, 0, 10044, 40),
(35058, 0, 10044, 41),
(35059, 0, 10044, 42),
(35060, 0, 10044, 43),
(35061, 0, 10044, 44),
(35062, 0, 10044, 45);

REPLACE INTO `merchant_shopids` VALUES (10045, 'gm');
REPLACE INTO `merchant_buylists` (`item_id`,`price`,`shop_id`,`order`) VALUES
(17623, 0, 10045, 1),
(34859, 0, 10045, 2),
(34860, 0, 10045, 3),
(34998, 0, 10045, 4),
(34999, 0, 10045, 5),
(35000, 0, 10045, 6),
(35001, 0, 10045, 7),
(35293, 0, 10045, 8),
(35294, 0, 10045, 9),
(35570, 0, 10045, 10),
(36254, 0, 10045, 11),
(36255, 0, 10045, 12),
(36257, 0, 10045, 13),
(36279, 0, 10045, 14),
(36280, 0, 10045, 15),
(36281, 0, 10045, 16),
(22791, 0, 10045, 17),
(22792, 0, 10045, 18),
(22793, 0, 10045, 19),
(22794, 0, 10045, 20),
(22775, 0, 10045, 21),
(22776, 0, 10045, 22),
(22777, 0, 10045, 23),
(22778, 0, 10045, 24),
(22807, 0, 10045, 25),
(22808, 0, 10045, 26),
(22809, 0, 10045, 27),
(22810, 0, 10045, 28),
(22811, 0, 10045, 29),
(22812, 0, 10045, 30),
(22813, 0, 10045, 31),
(22814, 0, 10045, 32),
(22815, 0, 10045, 33),
(22816, 0, 10045, 34),
(22817, 0, 10045, 35),
(22818, 0, 10045, 36),
(22819, 0, 10045, 37),
(22820, 0, 10045, 38),
(22821, 0, 10045, 39),
(22822, 0, 10045, 40),
(22823, 0, 10045, 41),
(22824, 0, 10045, 42),
(22825, 0, 10045, 43),
(22826, 0, 10045, 44),
(22827, 0, 10045, 45),
(22828, 0, 10045, 46),
(22829, 0, 10045, 47),
(22830, 0, 10045, 48),
(22831, 0, 10045, 49),
(22832, 0, 10045, 50),
(22833, 0, 10045, 51),
(22834, 0, 10045, 52);

REPLACE INTO `merchant_shopids` VALUES (10046, 'gm');
REPLACE INTO `merchant_buylists` (`item_id`,`price`,`shop_id`,`order`) VALUES
(17372, 0, 10046, 1),
(33650, 0, 10046, 2),
(22361, 0, 10046, 3),
(22362, 0, 10046, 4),
(35678, 0, 10046, 5),
(35679, 0, 10046, 6),
(35680, 0, 10046, 7),
(35681, 0, 10046, 8),
(35682, 0, 10046, 9),
(35683, 0, 10046, 10),
(35684, 0, 10046, 11),
(35685, 0, 10046, 12),
(35686, 0, 10046, 13),
(35687, 0, 10046, 14),
(35688, 0, 10046, 15),
(35689, 0, 10046, 16),
(35690, 0, 10046, 17),
(35691, 0, 10046, 18),
(35692, 0, 10046, 19),
(36207, 0, 10046, 20),
(36208, 0, 10046, 21),
(36209, 0, 10046, 22),
(36210, 0, 10046, 23),
(36211, 0, 10046, 24),
(36212, 0, 10046, 25),
(36213, 0, 10046, 26),
(36214, 0, 10046, 27),
(36215, 0, 10046, 28),
(36216, 0, 10046, 29),
(36217, 0, 10046, 30),
(36218, 0, 10046, 31),
(36219, 0, 10046, 32),
(36220, 0, 10046, 33);

REPLACE INTO `merchant_shopids` VALUES (10047, 'gm');
REPLACE INTO `merchant_buylists` (`item_id`,`price`,`shop_id`,`order`) VALUES
(30372, 0, 10047, 1),
(30373, 0, 10047, 2),
(34925, 0, 10047, 3),
(34926, 0, 10047, 4),
(34996, 0, 10047, 5),
(34997, 0, 10047, 6);

REPLACE INTO `merchant_shopids` VALUES (10048, 'gm');
REPLACE INTO `merchant_buylists` (`item_id`,`price`,`shop_id`,`order`) VALUES
(32608, 0, 10048, 1),
(32609, 0, 10048, 2),
(32610, 0, 10048, 3),
(32611, 0, 10048, 4),
(32612, 0, 10048, 5),
(32613, 0, 10048, 6),
(32614, 0, 10048, 7),
(32615, 0, 10048, 8),
(32616, 0, 10048, 9),
(32617, 0, 10048, 10),
(32618, 0, 10048, 11),
(32619, 0, 10048, 12),
(34623, 0, 10048, 13),
(34624, 0, 10048, 14),
(34625, 0, 10048, 15),
(34626, 0, 10048, 16),
(33509, 0, 10048, 17),
(35291, 0, 10048, 18);

REPLACE INTO `merchant_shopids` VALUES (10049, 'gm');
REPLACE INTO `merchant_buylists` (`item_id`,`price`,`shop_id`,`order`) VALUES
(22366, 0, 10049, 1),
(22368, 0, 10049, 2),
(22376, 0, 10049, 3),
(22378, 0, 10049, 4),
(22388, 0, 10049, 5),
(22390, 0, 10049, 6),
(22392, 0, 10049, 7),
(33480, 0, 10049, 8),
(33649, 0, 10049, 9),
(34759, 0, 10049, 10),
(35748, 0, 10049, 11);


REPLACE INTO `merchant_shopids` VALUES (10050, 'gm');
REPLACE INTO `merchant_buylists` (`item_id`,`price`,`shop_id`,`order`) VALUES
(22886, 0, 10050, 1),
(19449, 0, 10050, 2),
(33510, 0, 10050, 3),
(32289, 0, 10050, 4),
(32290, 0, 10050, 5),
(32291, 0, 10050, 6),
(17358, 0, 10050, 7),
(17359, 0, 10050, 8),
(17360, 0, 10050, 9),
(17361, 0, 10050, 10),
(17362, 0, 10050, 11),
(17363, 0, 10050, 12),
(17364, 0, 10050, 13),
(17365, 0, 10050, 14),
(17366, 0, 10050, 15),
(17367, 0, 10050, 16),
(17368, 0, 10050, 17),
(17369, 0, 10050, 18),
(17370, 0, 10050, 19);

REPLACE INTO `merchant_shopids` VALUES (10051, 'gm');
REPLACE INTO `merchant_buylists` (`item_id`,`price`,`shop_id`,`order`) VALUES
(30357, 0, 10051, 1),
(30358, 0, 10051, 2),
(30359, 0, 10051, 3),
(30360, 0, 10051, 4),
(30361, 0, 10051, 5),
(30362, 0, 10051, 6),
(35675, 0, 10051, 7),
(35676, 0, 10051, 8),
(35677, 0, 10051, 9),
(33475, 0, 10051, 10);

REPLACE INTO `merchant_shopids` VALUES (10052, 'gm');
REPLACE INTO `merchant_buylists` (`item_id`,`price`,`shop_id`,`order`) VALUES
(32249, 0, 10052, 1),
(32250, 0, 10052, 2),
(32251, 0, 10052, 3),
(32252, 0, 10052, 4),
(32253, 0, 10052, 5),
(32254, 0, 10052, 6),
(32255, 0, 10052, 7),
(32256, 0, 10052, 8),
(32257, 0, 10052, 9),
(32258, 0, 10052, 10),
(32259, 0, 10052, 11),
(32260, 0, 10052, 12),
(32261, 0, 10052, 13),
(32262, 0, 10052, 14);

REPLACE INTO `merchant_shopids` VALUES (10053, 'gm');
REPLACE INTO `merchant_buylists` (`item_id`,`price`,`shop_id`,`order`) VALUES
(18551, 0, 10053, 1),
(18552, 0, 10053, 2),
(18553, 0, 10053, 3),
(18554, 0, 10053, 4),
(18555, 0, 10053, 5),
(18556, 0, 10053, 6),
(18557, 0, 10053, 7),
(18558, 0, 10053, 8),
(18559, 0, 10053, 9),
(19502, 0, 10053, 10),
(19503, 0, 10053, 11),
(19504, 0, 10053, 12),
(19505, 0, 10053, 13),
(19506, 0, 10053, 14),
(19507, 0, 10053, 15),
(18560, 0, 10053, 16),
(18561, 0, 10053, 17),
(18562, 0, 10053, 18);

REPLACE INTO `merchant_shopids` VALUES (10054, 'gm');
REPLACE INTO `merchant_buylists` (`item_id`,`price`,`shop_id`,`order`) VALUES
(34905, 0, 10054, 1),
(34906, 0, 10054, 2),
(34907, 0, 10054, 3),
(34908, 0, 10054, 4),
(35670, 0, 10054, 5),
(35671, 0, 10054, 6);

REPLACE INTO `merchant_shopids` VALUES (10055, 'gm');
REPLACE INTO `merchant_buylists` (`item_id`,`price`,`shop_id`,`order`) VALUES
(34065, 0, 10055, 1),
(35705, 0, 10055, 2),
(35706, 0, 10055, 3),
(35707, 0, 10055, 4);

REPLACE INTO `merchant_shopids` VALUES (10056, 'gm');
REPLACE INTO `merchant_buylists` (`item_id`,`price`,`shop_id`,`order`) VALUES
(22356, 0, 10056, 1),
(22364, 0, 10056, 2),
(22384, 0, 10056, 3),
(22743, 0, 10056, 4),
(22887, 0, 10056, 5),
(33507, 0, 10056, 6),
(33642, 0, 10056, 7),
(34600, 0, 10056, 8),
(34601, 0, 10056, 9),
(36258, 0, 10056, 10),
(36259, 0, 10056, 11),
(36260, 0, 10056, 12),
(36261, 0, 10056, 13);

REPLACE INTO `merchant_shopids` VALUES (10057, 'gm');
REPLACE INTO `merchant_buylists` (`item_id`,`price`,`shop_id`,`order`) VALUES
(17380, 0, 10057, 1),
(22394, 0, 10057, 2),
(22395, 0, 10057, 3),
(22396, 0, 10057, 4),
(22397, 0, 10057, 5),
(22398, 0, 10057, 6),
(22399, 0, 10057, 7),
(22400, 0, 10057, 8),
(33797, 0, 10057, 9),
(34595, 0, 10057, 10),
(34596, 0, 10057, 11),
(34597, 0, 10057, 12),
(34598, 0, 10057, 13),
(34750, 0, 10057, 14),
(34869, 0, 10057, 15),
(34935, 0, 10057, 16),
(34936, 0, 10057, 17),
(34937, 0, 10057, 18),
(34938, 0, 10057, 19),
(34939, 0, 10057, 20);

REPLACE INTO `merchant_shopids` VALUES (9909, 'gm');
REPLACE INTO `merchant_buylists` (`item_id`,`price`,`shop_id`,`order`) VALUES
(21892, 0, 9909, 30),
(21893, 0, 9909, 31),
(21894, 0, 9909, 32);

REPLACE INTO `merchant_shopids` VALUES (10090, 'gm');
REPLACE INTO `merchant_buylists` (`item_id`,`price`,`shop_id`,`order`) VALUES
(5808,  0, 10090, 1),
(6394,  0, 10090, 2),
(6834,  0, 10090, 3),
(6835,  0, 10090, 4),
(6836,  0, 10090, 5),
(6837,  0, 10090, 6),
(6838,  0, 10090, 7),
(6839,  0, 10090, 8),
(6840,  0, 10090, 9),
(6841,  0, 10090, 10),
(6842,  0, 10090, 11),
(6843,  0, 10090, 12),
(6844,  0, 10090, 13),
(6845,  0, 10090, 14),
(6846,  0, 10090, 15),
(7060,  0, 10090, 16),
(7680,  0, 10090, 17),
(7681,  0, 10090, 18),
(7682,  0, 10090, 19),
(7683,  0, 10090, 20),
(7694,  0, 10090, 21),
(7695,  0, 10090, 22),
(7696,  0, 10090, 23),
(7836,  0, 10090, 24),
(7837,  0, 10090, 25),
(7839,  0, 10090, 26),
(8177,  0, 10090, 27),
(8178,  0, 10090, 28),
(8179,  0, 10090, 29),
(8180,  0, 10090, 30),
(8181,  0, 10090, 31),
(8182,  0, 10090, 32),
(8183,  0, 10090, 33),
(8184,  0, 10090, 34),
(8185,  0, 10090, 35),
(8186,  0, 10090, 36),
(8188,  0, 10090, 37),
(8189,  0, 10090, 38),
(8557,  0, 10090, 39),
(8558,  0, 10090, 40),
(8560,  0, 10090, 41),
(8561,  0, 10090, 42),
(8562,  0, 10090, 43),
(8563,  0, 10090, 44),
(8564,  0, 10090, 45),
(8565,  0, 10090, 46),
(8567,  0, 10090, 47),
(8568,  0, 10090, 48),
(8569,  0, 10090, 49),
(8660,  0, 10090, 50),
(8661,  0, 10090, 51),
(8910,  0, 10090, 52),
(8911,  0, 10090, 53),
(8913,  0, 10090, 54),
(8914,  0, 10090, 55),
(8915,  0, 10090, 56),
(8916,  0, 10090, 57),
(8917,  0, 10090, 58),
(8918,  0, 10090, 59),
(8920,  0, 10090, 60),
(8921,  0, 10090, 61),
(8922,  0, 10090, 62),
(8923,  0, 10090, 63),
(8936,  0, 10090, 64),
(9208,  0, 10090, 65),
(9391,  0, 10090, 66),
(9392,  0, 10090, 67),
(9393,  0, 10090, 68),
(9394,  0, 10090, 69),
(9395,  0, 10090, 70),
(9396,  0, 10090, 71),
(9397,  0, 10090, 72),
(9398,  0, 10090, 73),
(9399,  0, 10090, 74),
(9400,  0, 10090, 75),
(9401,  0, 10090, 76),
(9402,  0, 10090, 77),
(9403,  0, 10090, 78),
(9404,  0, 10090, 79),
(9405,  0, 10090, 80),
(9406,  0, 10090, 81),
(9407,  0, 10090, 82),
(9408,  0, 10090, 83),
(9409,  0, 10090, 84),
(9410,  0, 10090, 85),
(9411,  0, 10090, 86),
(9412,  0, 10090, 87),
(9413,  0, 10090, 88),
(9414,  0, 10090, 89),
(9415,  0, 10090, 90),
(9889,  0, 10090, 91),
(10169, 0, 10090, 92),
(10175, 0, 10090, 93),
(10240, 0, 10090, 94),
(10241, 0, 10090, 95),
(10242, 0, 10090, 96),
(10243, 0, 10090, 97),
(10244, 0, 10090, 98),
(10245, 0, 10090, 99),
(10246, 0, 10090, 100),
(10247, 0, 10090, 101),
(10248, 0, 10090, 102),
(10249, 0, 10090, 103),
(10251, 0, 10090, 104),
(10623, 0, 10090, 105),
(12372, 0, 10090, 106),
(12373, 0, 10090, 107),
(12781, 0, 10090, 108),
(12785, 0, 10090, 109),
(12786, 0, 10090, 110),
(12788, 0, 10090, 111),
(12790, 0, 10090, 112),
(13234, 0, 10090, 113),
(13235, 0, 10090, 114),
(13236, 0, 10090, 115),
(13237, 0, 10090, 116),
(13238, 0, 10090, 117),
(13472, 0, 10090, 118),
(13473, 0, 10090, 119),
(13474, 0, 10090, 120),
(13475, 0, 10090, 121),
(13476, 0, 10090, 122),
(13477, 0, 10090, 123),
(13478, 0, 10090, 124),
(13479, 0, 10090, 125),
(13480, 0, 10090, 126),
(13481, 0, 10090, 127),
(13482, 0, 10090, 128),
(13483, 0, 10090, 129),
(13484, 0, 10090, 130),
(13485, 0, 10090, 131),
(13486, 0, 10090, 132),
(13487, 0, 10090, 133),
(13488, 0, 10090, 134),
(13489, 0, 10090, 135),
(13490, 0, 10090, 136),
(13491, 0, 10090, 137),
(13492, 0, 10090, 138),
(13493, 0, 10090, 139),
(13494, 0, 10090, 140),
(13495, 0, 10090, 141),
(13496, 0, 10090, 142),
(13497, 0, 10090, 143),
(13498, 0, 10090, 144),
(13499, 0, 10090, 145),
(13500, 0, 10090, 146),
(13501, 0, 10090, 147),
(13502, 0, 10090, 148),
(13503, 0, 10090, 149),
(13504, 0, 10090, 150),
(13505, 0, 10090, 151),
(13506, 0, 10090, 152),
(13507, 0, 10090, 153),
(13508, 0, 10090, 154),
(13509, 0, 10090, 155),
(13510, 0, 10090, 156),
(13511, 0, 10090, 157),
(13512, 0, 10090, 158),
(13513, 0, 10090, 159),
(13514, 0, 10090, 160),
(13515, 0, 10090, 161);

REPLACE INTO `merchant_shopids` VALUES (10091, 'gm');
REPLACE INTO `merchant_buylists` (`item_id`,`price`,`shop_id`,`order`) VALUES
(13516, 0, 10091, 1),
(13517, 0, 10091, 2),
(13518, 0, 10091, 3),
(13519, 0, 10091, 4),
(13520, 0, 10091, 5),
(13521, 0, 10091, 6),
(13522, 0, 10091, 7),
(13523, 0, 10091, 8),
(14611, 0, 10091, 9),
(14749, 0, 10091, 10),
(14750, 0, 10091, 11),
(14751, 0, 10091, 12),
(14772, 0, 10091, 13),
(14798, 0, 10091, 14),
(14799, 0, 10091, 15),
(14800, 0, 10091, 16),
(14962, 0, 10091, 17),
(14963, 0, 10091, 18),
(14964, 0, 10091, 19),
(14965, 0, 10091, 20),
(15221, 0, 10091, 21),
(15441, 0, 10091, 22),
(15448, 0, 10091, 23),
(15449, 0, 10091, 24),
(15450, 0, 10091, 25),
(15451, 0, 10091, 26),
(15452, 0, 10091, 27),
(15453, 0, 10091, 28),
(16098, 0, 10091, 29),
(16099, 0, 10091, 30),
(16100, 0, 10091, 31),
(16101, 0, 10091, 32),
(16102, 0, 10091, 33),
(16103, 0, 10091, 34),
(16104, 0, 10091, 35),
(16105, 0, 10091, 36),
(16106, 0, 10091, 37),
(16107, 0, 10091, 38),
(16108, 0, 10091, 39),
(16109, 0, 10091, 40),
(17170, 0, 10091, 41),
(17171, 0, 10091, 42),
(17172, 0, 10091, 43),
(17755, 0, 10091, 44),
(17756, 0, 10091, 45),
(17759, 0, 10091, 46),
(17760, 0, 10091, 47),
(17763, 0, 10091, 48),
(17764, 0, 10091, 49),
(17767, 0, 10091, 50),
(17768, 0, 10091, 51),
(17771, 0, 10091, 52),
(17772, 0, 10091, 53),
(17775, 0, 10091, 54),
(17776, 0, 10091, 55),
(17779, 0, 10091, 56),
(17780, 0, 10091, 57),
(17783, 0, 10091, 58),
(17784, 0, 10091, 59),
(17787, 0, 10091, 60),
(17788, 0, 10091, 61),
(17791, 0, 10091, 62),
(17792, 0, 10091, 63),
(17795, 0, 10091, 64),
(17796, 0, 10091, 65),
(17799, 0, 10091, 66),
(17800, 0, 10091, 67),
(17803, 0, 10091, 68),
(17804, 0, 10091, 69),
(17807, 0, 10091, 70),
(17808, 0, 10091, 71),
(17811, 0, 10091, 72),
(17812, 0, 10091, 73),
(17815, 0, 10091, 74),
(17816, 0, 10091, 75),
(20016, 0, 10091, 76),
(20017, 0, 10091, 77),
(20020, 0, 10091, 78),
(20021, 0, 10091, 79),
(20022, 0, 10091, 80),
(20023, 0, 10091, 81),
(20024, 0, 10091, 82),
(20031, 0, 10091, 83),
(20032, 0, 10091, 84),
(20275, 0, 10091, 85),
(20276, 0, 10091, 86),
(20321, 0, 10091, 87),
(20322, 0, 10091, 88),
(20323, 0, 10091, 89),
(20324, 0, 10091, 90),
(20401, 0, 10091, 91),
(20499, 0, 10091, 92),
(20500, 0, 10091, 93),
(20501, 0, 10091, 94),
(20569, 0, 10091, 95),
(20626, 0, 10091, 96),
(20634, 0, 10091, 97),
(20666, 0, 10091, 98),
(20668, 0, 10091, 99),
(20670, 0, 10091, 100),
(20672, 0, 10091, 101),
(20674, 0, 10091, 102),
(20676, 0, 10091, 103),
(20678, 0, 10091, 104),
(20723, 0, 10091, 105),
(20725, 0, 10091, 106),
(20789, 0, 10091, 107),
(20790, 0, 10091, 108),
(20791, 0, 10091, 109),
(20792, 0, 10091, 110),
(20793, 0, 10091, 111),
(20897, 0, 10091, 112),
(20922, 0, 10091, 113),
(20935, 0, 10091, 114),
(20936, 0, 10091, 115),
(20937, 0, 10091, 116),
(20942, 0, 10091, 117),
(20944, 0, 10091, 118),
(20973, 0, 10091, 119),
(20974, 0, 10091, 120),
(20975, 0, 10091, 121),
(20981, 0, 10091, 122),
(21012, 0, 10091, 123),
(21013, 0, 10091, 124),
(21014, 0, 10091, 125),
(21043, 0, 10091, 126),
(21044, 0, 10091, 127),
(21090, 0, 10091, 128),
(21108, 0, 10091, 129),
(21112, 0, 10091, 130),
(21114, 0, 10091, 131),
(21116, 0, 10091, 132),
(21118, 0, 10091, 133),
(21120, 0, 10091, 134),
(21122, 0, 10091, 135),
(21124, 0, 10091, 136),
(21126, 0, 10091, 137),
(21162, 0, 10091, 138),
(21433, 0, 10091, 139),
(21755, 0, 10091, 140),
(21756, 0, 10091, 141),
(21757, 0, 10091, 142),
(21758, 0, 10091, 143),
(21892, 0, 10091, 144),
(21893, 0, 10091, 145),
(21894, 0, 10091, 146),
(22184, 0, 10091, 147),
(22189, 0, 10091, 148),
(22190, 0, 10091, 149),
(22256, 0, 10091, 150),
(22257, 0, 10091, 151),
(22258, 0, 10091, 152),
(22259, 0, 10091, 153),
(22262, 0, 10091, 154),
(22368, 0, 10091, 155),
(22376, 0, 10091, 156),
(22378, 0, 10091, 157),
(22392, 0, 10091, 158),
(33480, 0, 10091, 159),
(33649, 0, 10091, 160),
(34759, 0, 10091, 161),
(35748, 0, 10091, 162);

REPLACE INTO `merchant_shopids` VALUES (10092, 'gm');
REPLACE INTO `merchant_buylists` (`item_id`,`price`,`shop_id`,`order`) VALUES
(9605 , 0, 10092, 1),
(9606 , 0, 10092, 2),
(9607 , 0, 10092, 3),
(9608 , 0, 10092, 4),
(9609 , 0, 10092, 5),
(9610 , 0, 10092, 6),
(9611 , 0, 10092, 7),
(9612 , 0, 10092, 8),
(9613 , 0, 10092, 9),
(9614 , 0, 10092, 10),
(9615 , 0, 10092, 11),
(9909 , 0, 10092, 12),
(10018, 0, 10092, 13),
(10139, 0, 10092, 14),
(10320, 0, 10092, 15),
(10326, 0, 10092, 16),
(10606, 0, 10092, 17),
(10659, 0, 10092, 18),
(13024, 0, 10092, 19),
(13025, 0, 10092, 20),
(13026, 0, 10092, 21),
(13543, 0, 10092, 22),
(13544, 0, 10092, 23),
(13545, 0, 10092, 24),
(13756, 0, 10092, 25),
(14027, 0, 10092, 26),
(14675, 0, 10092, 27),
(14776, 0, 10092, 28),
(15220, 0, 10092, 29),
(15351, 0, 10092, 30),
(17004, 0, 10092, 31),
(17203, 0, 10092, 32),
(17204, 0, 10092, 33),
(17205, 0, 10092, 34),
(17269, 0, 10092, 35),
(17270, 0, 10092, 36),
(17271, 0, 10092, 37),
(17380, 0, 10092, 38),
(20006, 0, 10092, 39),
(20007, 0, 10092, 40),
(20008, 0, 10092, 41),
(20012, 0, 10092, 42),
(20063, 0, 10092, 43),
(20064, 0, 10092, 44),
(20065, 0, 10092, 45),
(20212, 0, 10092, 46),
(20213, 0, 10092, 47),
(20221, 0, 10092, 48),
(20222, 0, 10092, 49),
(20223, 0, 10092, 50),
(20230, 0, 10092, 51),
(20236, 0, 10092, 52),
(20245, 0, 10092, 53),
(20246, 0, 10092, 54),
(20247, 0, 10092, 55),
(20252, 0, 10092, 56),
(20253, 0, 10092, 57),
(20297, 0, 10092, 58),
(20299, 0, 10092, 59),
(20301, 0, 10092, 60),
(20303, 0, 10092, 61),
(20307, 0, 10092, 62),
(20309, 0, 10092, 63),
(20310, 0, 10092, 64),
(20312, 0, 10092, 65),
(20495, 0, 10092, 66),
(20591, 0, 10092, 67),
(20654, 0, 10092, 68),
(20656, 0, 10092, 69),
(20658, 0, 10092, 70),
(20660, 0, 10092, 71),
(20662, 0, 10092, 72),
(20664, 0, 10092, 73),
(20726, 0, 10092, 74),
(20732, 0, 10092, 75),
(20733, 0, 10092, 76),
(20775, 0, 10092, 77),
(20776, 0, 10092, 78),
(20778, 0, 10092, 79),
(20779, 0, 10092, 80),
(20781, 0, 10092, 81),
(20782, 0, 10092, 82),
(20783, 0, 10092, 83),
(20784, 0, 10092, 84),
(20818, 0, 10092, 85),
(20822, 0, 10092, 86),
(20826, 0, 10092, 87),
(20830, 0, 10092, 88),
(20834, 0, 10092, 89),
(20838, 0, 10092, 90),
(20940, 0, 10092, 91),
(20968, 0, 10092, 92),
(20970, 0, 10092, 93),
(21047, 0, 10092, 94),
(21048, 0, 10092, 95),
(21050, 0, 10092, 96),
(21052, 0, 10092, 97),
(21054, 0, 10092, 98),
(21056, 0, 10092, 99),
(21058, 0, 10092, 100),
(21060, 0, 10092, 101),
(21062, 0, 10092, 102),
(21152, 0, 10092, 103),
(21165, 0, 10092, 104),
(21335, 0, 10092, 105),
(21347, 0, 10092, 106),
(21359, 0, 10092, 107),
(21709, 0, 10092, 108),
(21728, 0, 10092, 109),
(21729, 0, 10092, 110),
(22200, 0, 10092, 111),
(22394, 0, 10092, 112),
(22395, 0, 10092, 113),
(22396, 0, 10092, 114),
(22397, 0, 10092, 115),
(22398, 0, 10092, 116),
(22399, 0, 10092, 117),
(22400, 0, 10092, 118),
(33797, 0, 10092, 119),
(34595, 0, 10092, 120),
(34596, 0, 10092, 121),
(34597, 0, 10092, 122),
(34598, 0, 10092, 123),
(34750, 0, 10092, 124),
(34869, 0, 10092, 125),
(34935, 0, 10092, 126),
(34936, 0, 10092, 127),
(34937, 0, 10092, 128),
(34938, 0, 10092, 129),
(34939, 0, 10092, 130);

REPLACE INTO `merchant_shopids` VALUES (10093, 'gm');
REPLACE INTO `merchant_buylists` (`item_id`,`price`,`shop_id`,`order`) VALUES
(9897,  0, 10093, 1),
(10131, 0, 10093, 2),
(10132, 0, 10093, 3),
(10133, 0, 10093, 4),
(10134, 0, 10093, 5),
(10135, 0, 10093, 6),
(10136, 0, 10093, 7),
(10137, 0, 10093, 8),
(10138, 0, 10093, 9),
(10142, 0, 10093, 10),
(10151, 0, 10093, 11),
(10274, 0, 10093, 12),
(12800, 0, 10093, 13),
(12814, 0, 10093, 14),
(13800, 0, 10093, 15),
(13801, 0, 10093, 16),
(14056, 0, 10093, 17),
(14057, 0, 10093, 18),
(14058, 0, 10093, 19),
(20029, 0, 10093, 20),
(20396, 0, 10093, 21),
(20502, 0, 10093, 22),
(20867, 0, 10093, 23),
(21088, 0, 10093, 24),
(21148, 0, 10093, 25),
(21149, 0, 10093, 26),
(21180, 0, 10093, 27),
(21181, 0, 10093, 28),
(21182, 0, 10093, 29),
(21183, 0, 10093, 30),
(21184, 0, 10093, 31),
(21185, 0, 10093, 32),
(21186, 0, 10093, 33),
(21187, 0, 10093, 34),
(21188, 0, 10093, 35),
(21189, 0, 10093, 36),
(21190, 0, 10093, 37),
(21191, 0, 10093, 38),
(21371, 0, 10093, 39),
(22193, 0, 10093, 40),
(22356, 0, 10093, 41),
(22364, 0, 10093, 42),
(22384, 0, 10093, 43),
(22743, 0, 10093, 44),
(22887, 0, 10093, 45),
(33507, 0, 10093, 46),
(33642, 0, 10093, 47),
(34600, 0, 10093, 48),
(34601, 0, 10093, 49),
(36258, 0, 10093, 50),
(36259, 0, 10093, 51),
(36260, 0, 10093, 52),
(36261, 0, 10093, 53);

-- 更新可接受免費輔助魔法的最低等級
UPDATE `helper_buff_list` SET `lower_level` = 1 WHERE lower_level = 6;

-- 「精靈村莊」刪除舊的 NPC
DELETE FROM `spawnlist` WHERE `npc_templateid` IN (30146,30147,30148,30149,30150,30151,30152,30153,30154,30155,30156,30157,30158,30216,30217,30218,30219,30220,30221,30222,30223,30284,30285,30361,30362,30363,30370,30400,30414,30599,30991,31031,31358,31359,31563,31688,31769,31780,31781,31848,32478,32529,32783,35230);
-- 「精靈村莊」加入新的 NPC
REPLACE INTO `npc` (`id`, `idTemplate`, `name`, `title`, `class`, `collision_radius`, `collision_height`, `level`, `type`, `attackrange`, `hp`, `mp`, `hpreg`, `mpreg`, `exp`, `sp`, `patk`, `pdef`, `matk`, `mdef`, `atkspd`, `critical`, `matkspd`, `rhand`, `walkspd`, `runspd`, `basestats`) VALUES
(30146,30146,'30146','','',28,40,85,'L2Teleporter',40,6680,2486,10,5,1000,100,1200,400,900,300,329,4,210,0,50,120,1);
REPLACE INTO `npcaidata` (`npcId`, `agroRange`, `aiType`) VALUES
(30146,1000,'balanced');
REPLACE INTO `npc_elementals` VALUES
(30146,0,0,20,20,20,20,20,20);
REPLACE INTO `spawnlist` (`location`, `count`, `npc_templateid`, `locx`, `locy`, `locz`, `heading`, `respawn_delay`) VALUES
('精靈村莊',1,30146,45173,48889,-3056,0,60);
-- 「精靈村莊」加入新的傳送(尚未加入全價/半價收費的對話)
REPLACE INTO `teleport` (`Description`, `id`, `loc_x`, `loc_y`, `loc_z`, `price`) VALUES
('精靈村莊',3014600,-14593,123936,-3120,0),
('精靈村莊',3014601,115357,-178212,-928,0),
('精靈村莊',3014602,-111988,257240,-1376,0),
('精靈村莊',3014603,-44124,-113390,-240,0),
('精靈村莊',3014604,-117001,46589,360,0),
('精靈村莊',3014605,21362,51122,-3688,0),
('精靈村莊',3014606,29294,74968,-3776,0),
('精靈村莊',3014607,-10612,75881,-3592,0);


-- 「黑暗精靈村莊」刪除舊的 NPC
DELETE FROM `spawnlist` WHERE `npc_templateid` IN (30129,30130,30131,30132,30133,30134,30135,30136,30137,30138,30139,30140,30141,30143,30144,30145,30224,30305,30307,30346,30347,30348,30349,30350,30351,30352,30353,30354,30355,30356,30357,30358,30359,30360,30600,31031,31034,31360,31361,31564,31688,31770,31777,31778,31779,32478,32783,35231);
-- 「黑暗精靈村莊」加入新的 NPC
REPLACE INTO `npc` (`id`, `idTemplate`, `name`, `title`, `class`, `collision_radius`, `collision_height`, `level`, `type`, `attackrange`, `hp`, `mp`, `hpreg`, `mpreg`, `exp`, `sp`, `patk`, `pdef`, `matk`, `mdef`, `atkspd`, `critical`, `matkspd`, `rhand`, `walkspd`, `runspd`, `basestats`) VALUES
(30134,30134,'30134','','',28,40,85,'L2Teleporter',40,4228,2038,10,5,1000,100,1200,400,900,300,299,4,398,0,1,120,1);
REPLACE INTO `npcaidata` (`npcId`, `agroRange`, `aiType`) VALUES
(30134,1000,'balanced');
REPLACE INTO `npc_elementals` VALUES
(30134,0,0,20,20,20,20,20,20);
REPLACE INTO `spawnlist` (`location`, `count`, `npc_templateid`, `locx`, `locy`, `locz`, `heading`, `respawn_delay`) VALUES
('黑暗精靈村莊',1,30134,11171,15932,-4584,0,60);
-- 「黑暗精靈村莊」加入新的傳送(尚未加入全價/半價收費的對話)
REPLACE INTO `teleport` (`Description`, `id`, `loc_x`, `loc_y`, `loc_z`, `price`) VALUES
('黑暗精靈村莊',3013400,-14593,123936,-3120,0),
('黑暗精靈村莊',3013401,115357,-178212,-928,0),
('黑暗精靈村莊',3013402,-111988,257240,-1376,0),
('黑暗精靈村莊',3013403,-44124,-113390,-240,0),
('黑暗精靈村莊',3013404,-117001,46589,360,0),
('黑暗精靈村莊',3013405,-15826,30477,-3616,0),
('黑暗精靈村莊',3013406,-61095,75104,-3352,0),
('黑暗精靈村莊',3013407,-10612,75881,-3592,0);


-- 「矮人村莊」刪除舊的 NPC
DELETE FROM `spawnlist` WHERE `npc_templateid` IN (30516,30517,30518,30519,30520,30521,30522,30523,30524,30525,30526,30527,30528,30529,30530,30531,30532,30533,30534,30535,30536,30537,30538,30539,30540,30541,30542,30543,30544,30545,30546,30547,30548,30550,30553,30554,30555,30601,30650,30651,30671,31031,31035,31362,31363,31566,31688,31772,31782,31783,32478,32486,32783,35644);
-- 「矮人村莊」加入新的 NPC
REPLACE INTO `npc` (`id`, `idTemplate`, `name`, `title`, `class`, `collision_radius`, `collision_height`, `level`, `type`, `attackrange`, `hp`, `mp`, `hpreg`, `mpreg`, `exp`, `sp`, `patk`, `pdef`, `matk`, `mdef`, `atkspd`, `critical`, `matkspd`, `rhand`, `walkspd`, `runspd`, `basestats`) VALUES
(30540,30540,'30540','','',28,40,85,'L2Teleporter',40,4228,2038,10,5,1000,100,1200,400,900,300,299,4,398,0,1,120,1);
REPLACE INTO `npcaidata` (`npcId`, `agroRange`, `aiType`) VALUES
(30540,1000,'balanced');
REPLACE INTO `npc_elementals` VALUES
(30540,0,0,20,20,20,20,20,20);
REPLACE INTO `spawnlist` (`location`, `count`, `npc_templateid`, `locx`, `locy`, `locz`, `heading`, `respawn_delay`) VALUES
('矮人村莊',1,30540,115441,-178117,-928,0,60);
-- 「矮人村莊」加入新的傳送(尚未加入全價/半價收費的對話)
REPLACE INTO `teleport` (`Description`, `id`, `loc_x`, `loc_y`, `loc_z`, `price`) VALUES
('矮人村莊',3054000,-14593,123936,-3120,0),
('矮人村莊',3054001,87126,-143520,-1288,0),
('矮人村莊',3054002,11167,16012,-4584,0),
('矮人村莊',3054003,-111988,257240,-1376,0),
('矮人村莊',3054004,44734,49210,-3056,0),
('矮人村莊',3054005,-44124,-113390,-240,0),
('矮人村莊',3054006,-117001,46589,360,0),
('矮人村莊',3054007,139714,-177456,-1536,0),
('矮人村莊',3054008,169008,-208272,-3496,0),
('矮人村莊',3054009,136910,-205082,-3664,0),
('矮人村莊',3054010,171946,-173352,3440,0),
('矮人村莊',3054011,178591,-184615,-360,0);

-- 「半獸人村莊」刪除舊的 NPC
DELETE FROM `spawnlist` WHERE `npc_templateid` IN (30558,30559,30560,30561,30562,30563,30564,30565,30566,30567,30568,30569,30570,30571,30572,30573,30575,30576,30577,30578,30579,30580,30581,30582,30583,30584,30585,30587,30602,31031,31364,31365,31424,31565,31688,31771,31784,31785,31786,32478,32783,35645);
-- 「半獸人村莊」加入新的 NPC
REPLACE INTO `npc` (`id`, `idTemplate`, `name`, `title`, `class`, `collision_radius`, `collision_height`, `level`, `type`, `attackrange`, `hp`, `mp`, `hpreg`, `mpreg`, `exp`, `sp`, `patk`, `pdef`, `matk`, `mdef`, `atkspd`, `critical`, `matkspd`, `rhand`, `walkspd`, `runspd`, `basestats`) VALUES
(30576,30576,'30576','','',28,40,85,'L2Teleporter',40,4228,2038,10,5,1000,100,1200,400,900,300,299,4,398,0,1,120,1);
REPLACE INTO `npcaidata` (`npcId`, `agroRange`, `aiType`) VALUES
(30576,1000,'balanced');
REPLACE INTO `npc_elementals` VALUES
(30576,0,0,20,20,20,20,20,20);
REPLACE INTO `spawnlist` (`location`, `count`, `npc_templateid`, `locx`, `locy`, `locz`, `heading`, `respawn_delay`) VALUES
('半獸人村莊',1,30576,-43964,-113389,-232,0,60);
-- 「半獸人村莊」加入新的傳送(尚未加入全價/半價收費的對話)
REPLACE INTO `teleport` (`Description`, `id`, `loc_x`, `loc_y`, `loc_z`, `price`) VALUES
('半獸人村莊',3057600,-14593,123936,-3120,0),
('半獸人村莊',3057601,87126,-143520,-1288,0),
('半獸人村莊',3057602,11167,16012,-4584,0),
('半獸人村莊',3057603,115357,-178212,-928,0),
('半獸人村莊',3057604,-111988,257240,-1376,0),
('半獸人村莊',3057605,44734,49210,-3056,0),
('半獸人村莊',3057606,-117001,46589,360,0),
('半獸人村莊',3057607,-4190,-80040,-2696,0),
('半獸人村莊',3057608,-10983,-117484,-2464,0),
('半獸人村莊',3057609,9340,-112509,-2536,0),
('半獸人村莊',3057610,8652,-139941,-1144,0);

-- 「闇天使村莊」刪除舊的 NPC
DELETE FROM `spawnlist` WHERE `npc_templateid` IN (31688,31690,32133,32134,32135,32136,32137,32138,32139,32140,32141,32142,32143,32144,32145,32146,32147,32148,32149,32150,32151,32152,32153,32154,32155,32156,32157,32158,32159,32160,32161,32162,32163,32164,32165,32166,32167,32170,32171,32172,32173,32174,32175,32176,32177,32178,32179,32180,32335,32337,32338,32339,32340,32348,32469,32478,32783,36456);
-- 「闇天使村莊」加入新的 NPC
REPLACE INTO `npc` (`id`, `idTemplate`, `name`, `title`, `class`, `collision_radius`, `collision_height`, `level`, `type`, `attackrange`, `hp`, `mp`, `hpreg`, `mpreg`, `exp`, `sp`, `patk`, `pdef`, `matk`, `mdef`, `atkspd`, `critical`, `matkspd`, `rhand`, `walkspd`, `runspd`, `basestats`) VALUES
(32163,32163,'32163','','',28,40,85,'L2Teleporter',40,4228,2038,10,5,1000,100,1200,400,900,300,299,4,398,0,1,120,1);
REPLACE INTO `npcaidata` (`npcId`, `agroRange`, `aiType`) VALUES
(32163,1000,'balanced');
REPLACE INTO `npc_elementals` VALUES
(32163,0,0,20,20,20,20,20,20);
REPLACE INTO `spawnlist` (`location`, `count`, `npc_templateid`, `locx`, `locy`, `locz`, `heading`, `respawn_delay`) VALUES
('闇天使村莊',1,32163,-116882,46565,360,0,60);
-- 「闇天使村莊」加入新的傳送(尚未加入全價/半價收費的對話)
REPLACE INTO `teleport` (`Description`, `id`, `loc_x`, `loc_y`, `loc_z`, `price`) VALUES
('闇天使村莊',3216300,-14593,123936,-3120,0),
('闇天使村莊',3216301,146783,25808,-2008,0),
('闇天使村莊',3216302,-111988,257240,-1376,0),
('闇天使村莊',3216303,11167,16012,-4584,0),
('闇天使村莊',3216304,44734,49210,-3056,0),
('闇天使村莊',3216305,115357,-178212,-928,0),
('闇天使村莊',3216306,-44124,-113390,-240,0),
('闇天使村莊',3216307,-122410,73205,-2872,0),
('闇天使村莊',3216308,-95540,52150,-2024,0),
('闇天使村莊',3216309,-85928,37095,-2048,0),
('闇天使村莊',3216310,-73983,51956,-3680,0);

-- 「新說話之島村莊」刪除舊的 NPC
DELETE FROM `spawnlist` WHERE `npc_templateid` IN (18342,20006,20016,20056,20092,20093,20095,20096,20097,20098,20099,20100,20101,20102,20103,20104,20106,20107,20108,20109,20110,20112,20113,20114,20115,20117,20118,20120,20121,20130,20131,20132,20326,20342,20343,20361,20362,20378,20404,20432,20442,20450,20461,20462,20481,20544,20545,25372,27003,27004,27005,27016,27102,27117,30001,30002,30003,30004,30005,30006,30008,30009,30017,30019,30026,30027,30028,30029,30031,30032,30033,30035,30036,30039,30040,30041,30042,30043,30044,30045,30046,30047,30048,30049,30050,30051,30054,30055,30283,30311,30312,30368,30405,30406,30407,30408,30427,30429,30497,30598,30635,30667,30733,31031,31032,31356,31357,31413,31562,31688,31690,31775,31776,32478,35103);
-- 「新說話之島村莊」加入新的 NPC
REPLACE INTO `npc` (`id`, `idTemplate`, `name`, `title`, `class`, `collision_radius`, `collision_height`, `level`, `type`, `attackrange`, `hp`, `mp`, `hpreg`, `mpreg`, `exp`, `sp`, `patk`, `pdef`, `matk`, `mdef`, `atkspd`, `critical`, `matkspd`, `rhand`, `walkspd`, `runspd`, `basestats`) VALUES
(32972,32972,'32972','','',8.7,26.5,85,'L2NpcWalker',40,7324,2797,10,5,1000,100,1200,400,900,300,299,4,398,0,50,120,1),
(33004,33004,'33004','','',12,25,85,'L2Teleporter',40,7324,2797,10,5,1000,100,1200,400,900,300,299,4,398,0,35,120,1),
(8440,8440,'8440','','',20,30,85,'L2Npc',40,68,60,10,5,1000,100,1200,400,900,300,299,4,398,0,50,100,1),
(30005,30005,'30005','','',8,17,85,'L2Warehouse',40,4228,2038,10,5,1000,100,1200,400,900,300,299,4,398,0,50,120,1),
(30006,30006,'30006','','',8,25,85,'L2Teleporter',40,4228,2038,10,5,1000,100,1200,400,900,300,299,4,398,0,50,120,1),
(32138,32138,'32138','','',18,28,85,'L2Npc',40,4228,2038,10,5,1000,100,1200,400,900,300,299,4,398,0,20,120,1),
(32469,32469,'32469','','',17,25,85,'L2Npc',40,4228,2038,10,5,1000,100,1200,400,900,300,299,4,398,0,20,160,1),
(32966,32966,'32966','','',15,17.5,85,'L2Npc',40,7324,2797,10,5,1000,100,1200,400,900,300,299,4,398,0,20,50,1),
(32970,32970,'32970','','',14.5,18,85,'L2FriendlyMob',40,7324,2797,10,5,1000,100,1200,400,900,300,299,4,398,0,30,120,1),
(32974,32974,'32974','','',12,27,85,'L2Npc',40,7324,2797,10,5,1000,100,1200,400,900,300,299,4,398,0,50,120,1),
(32975,32975,'32975','','',10,29.35,85,'L2NpcWalker',40,7324,2797,10,5,1000,100,1200,400,900,300,299,4,398,0,50,120,1),
(32980,32980,'32980','','',8,24,85,'L2Npc',40,7324,2797,10,5,1000,100,1200,400,900,300,299,4,398,0,50,100,1),
(32981,32981,'32981','','',8,23,85,'L2Npc',40,7324,2797,10,5,1000,100,1200,400,900,300,299,4,398,0,38,100,1),
(33000,33000,'33000','','',8,24,85,'L2Npc',40,7324,2797,10,5,1000,100,1200,400,900,300,299,4,398,0,50,160,1),
(33002,33002,'33002','','',8,24,85,'L2Npc',40,7324,2797,10,5,1000,100,1200,400,900,300,299,4,398,0,50,160,1),
(33007,33007,'33007','','',12,25,85,'L2Npc',40,7324,2797,10,5,1000,100,1200,400,900,300,299,4,398,0,35,120,1),
(33018,33018,'33018','','',12,25,85,'L2Npc',40,7324,2797,10,5,1000,100,1200,400,900,300,299,4,398,0,35,120,1),
(33020,33020,'33020','','',8,18.5,85,'L2Npc',40,7324,2797,10,5,1000,100,1200,400,900,300,299,4,398,0,50,50,1),
(33022,33022,'33022','','',12,25,85,'L2Npc',40,7324,2797,10,5,1000,100,1200,400,900,300,299,4,398,0,35,120,1),
(33023,33023,'33023','','',9,22,85,'L2Npc',40,7324,2797,10,5,1000,100,1200,400,900,300,299,4,398,0,50,50,1),
(33025,33025,'33025','','',7,18,85,'L2NpcWalker',40,7324,2797,10,5,1000,100,1200,400,900,300,299,4,398,0,50,100,1),
(33027,33027,'33027','','',9,22.25,85,'L2NpcWalker',40,7324,2797,10,5,1000,100,1200,400,900,300,299,4,398,15304,50,150,1),
(33101,33101,'33101','','',9,17.3,85,'L2NpcWalker',40,7324,2797,10,5,1000,100,1200,400,900,300,299,4,398,0,6,21,1),
(33105,33105,'33105','','',17,43.5,85,'L2NpcWalker',40,7324,2797,10,5,1000,100,1200,400,900,300,299,4,398,0,40,120,1),
(60018,33105,'33105','','',17,43.5,85,'L2NpcWalker',40,7324,2797,10,5,1000,100,1200,400,900,300,299,4,398,0,40,120,1),
(60019,33105,'33105','','',17,43.5,85,'L2NpcWalker',40,7324,2797,10,5,1000,100,1200,400,900,300,299,4,398,0,40,120,1),
(60020,33105,'33105','','',17,43.5,85,'L2NpcWalker',40,7324,2797,10,5,1000,100,1200,400,900,300,299,4,398,0,40,120,1),
(33106,33106,'33106','','',12,25,85,'L2NpcWalker',40,7324,2797,10,5,1000,100,1200,400,900,300,299,4,398,0,35,120,1),
(60021,33106,'33106','','',12,25,85,'L2NpcWalker',40,7324,2797,10,5,1000,100,1200,400,900,300,299,4,398,0,35,120,1),
(60022,33106,'33106','','',12,25,85,'L2NpcWalker',40,7324,2797,10,5,1000,100,1200,400,900,300,299,4,398,0,35,120,1),
(60023,33106,'33106','','',12,25,85,'L2NpcWalker',40,7324,2797,10,5,1000,100,1200,400,900,300,299,4,398,0,35,120,1),
(60024,33106,'33106','','',12,25,85,'L2NpcWalker',40,7324,2797,10,5,1000,100,1200,400,900,300,299,4,398,0,35,120,1),
(60025,33106,'33106','','',12,25,85,'L2NpcWalker',40,7324,2797,10,5,1000,100,1200,400,900,300,299,4,398,0,35,120,1),
(33107,33107,'33107','','',8,18.5,85,'L2Npc',40,7324,2797,10,5,1000,100,1200,400,900,300,299,4,398,0,50,50,1),
(33108,33108,'33108','','',8,23,85,'L2Npc',40,7324,2797,10,5,1000,100,1200,400,900,300,299,4,398,0,30,50,1),
(33109,33109,'33109','','',8,20.5,85,'L2NpcWalker',40,7324,2797,10,5,1000,100,1200,400,900,300,299,4,398,0,40,120,1),
(33110,33110,'33110','','',10,24,85,'L2NpcWalker',40,7324,2797,10,5,1000,100,1200,400,900,300,299,4,398,0,50,120,1),
(33111,33111,'33111','','',8,23,85,'L2NpcWalker',40,7324,2797,10,5,1000,100,1200,400,900,300,299,4,398,15304,50,130,1),
(33112,33112,'33112','','',8,23.5,85,'L2NpcWalker',40,7324,2797,10,5,1000,100,1200,400,900,300,299,4,398,0,50,100,1),
(33113,33113,'33113','','',17,43.5,85,'L2Npc',40,7324,2797,10,5,1000,100,1200,400,900,300,299,4,398,0,40,170,1),
(33114,33114,'33114','','',6.5,17.7,85,'L2NpcWalker',40,7324,2797,10,5,1000,100,1200,400,900,300,299,4,398,0,50,120,1),
(33115,33115,'33115','','',8,24.5,85,'L2Npc',40,7324,2797,10,5,1000,100,1200,400,900,300,299,4,398,0,64,100,1),
(33116,33116,'33116','','',8,18.5,85,'L2NpcWalker',40,7324,2797,10,5,1000,100,1200,400,900,300,299,4,398,32772,50,100,1),
(33120,33120,'33120','','',8,21.5,85,'L2NpcWalker',40,7324,2797,10,5,1000,100,1200,400,900,300,299,4,398,0,60,100,1),
(33121,33121,'33121','','',8,25,85,'L2NpcWalker',40,7324,2797,10,5,1000,100,1200,400,900,300,299,4,398,0,63,100,1),
(33122,33122,'33122','','',15,17.5,85,'L2Npc',40,7324,2797,10,5,1000,100,1200,400,900,300,299,4,398,0,20,120,1),
(33123,33123,'33123','','',8,22.5,85,'L2Teleporter',40,7324,2797,10,5,1000,100,1200,400,900,300,299,4,398,0,50,50,1),
(33124,33124,'33124','','',8,17.5,85,'L2NpcWalker',40,7324,2797,10,5,1000,100,1200,400,900,300,299,4,398,0,20,50,1),
(33125,33125,'33125','','',8,17.5,85,'L2NpcWalker',40,7324,2797,10,5,1000,100,1200,400,900,300,299,4,398,0,50,50,1),
(33194,33194,'33194','','',10,24,85,'L2Teleporter',40,7324,2797,10,5,1000,100,1200,400,900,300,299,4,398,0,70,100,1),
(33201,33201,'33201','','',12,25,85,'L2Npc',40,7324,2797,10,5,1000,100,1200,400,900,300,299,4,398,0,35,120,1),
(33203,33203,'33203','','',4.5,7.5,85,'L2NpcWalker',40,7324,2797,10,5,1000,100,1200,400,900,300,299,4,398,0,40,120,1),
(60011,33203,'33203','','',4.5,7.5,85,'L2NpcWalker',40,7324,2797,10,5,1000,100,1200,400,900,300,299,4,398,0,40,120,1),
(60012,33203,'33203','','',4.5,7.5,85,'L2NpcWalker',40,7324,2797,10,5,1000,100,1200,400,900,300,299,4,398,0,40,120,1),
(60013,33203,'33203','','',4.5,7.5,85,'L2NpcWalker',40,7324,2797,10,5,1000,100,1200,400,900,300,299,4,398,0,40,120,1),
(60014,33203,'33203','','',4.5,7.5,85,'L2NpcWalker',40,7324,2797,10,5,1000,100,1200,400,900,300,299,4,398,0,40,120,1),
(60015,33203,'33203','','',4.5,7.5,85,'L2NpcWalker',40,7324,2797,10,5,1000,100,1200,400,900,300,299,4,398,0,40,120,1),
(60016,33203,'33203','','',4.5,7.5,85,'L2NpcWalker',40,7324,2797,10,5,1000,100,1200,400,900,300,299,4,398,0,40,120,1),
(60017,33203,'33203','','',4.5,7.5,85,'L2NpcWalker',40,7324,2797,10,5,1000,100,1200,400,900,300,299,4,398,0,40,120,1),
(33206,33206,'33206','','',11,22.25,85,'L2NpcWalker',40,7324,2797,10,5,1000,100,1200,400,900,300,299,4,398,0,28,160,1),
(33207,33207,'33207','','',7,24,85,'L2NpcWalker',40,7324,2797,10,5,1000,100,1200,400,900,300,299,4,398,0,50,100,1),
(33208,33208,'33208','','',9,23,85,'L2NpcWalker',40,7324,2797,10,5,1000,100,1200,400,900,300,299,4,398,0,47,120,1),
(33217,33217,'33217','','',5,12.3,85,'L2NpcWalker',40,7324,2797,10,5,1000,100,1200,400,900,300,299,4,398,0,24,70,1),
(60000,33217,'33217','','',5,12.3,85,'L2NpcWalker',40,7324,2797,10,5,1000,100,1200,400,900,300,299,4,398,0,24,70,1),
(60001,33217,'33217','','',5,12.3,85,'L2NpcWalker',40,7324,2797,10,5,1000,100,1200,400,900,300,299,4,398,0,24,70,1),
(60002,33217,'33217','','',5,12.3,85,'L2NpcWalker',40,7324,2797,10,5,1000,100,1200,400,900,300,299,4,398,0,24,70,1),
(60003,33217,'33217','','',5,12.3,85,'L2NpcWalker',40,7324,2797,10,5,1000,100,1200,400,900,300,299,4,398,0,24,70,1),
(60004,33217,'33217','','',5,12.3,85,'L2NpcWalker',40,7324,2797,10,5,1000,100,1200,400,900,300,299,4,398,0,24,70,1),
(33218,33218,'33218','','',13,25,85,'L2NpcWalker',40,7324,2797,10,5,1000,100,1200,400,900,300,299,4,398,0,50,100,1),
(33220,33220,'33220','','',8,23,85,'L2NpcWalker',40,7324,2797,10,5,1000,100,1200,400,900,300,299,4,398,15304,50,100,1),
(33221,33221,'33221','','',8,21.5,85,'L2Npc',40,7324,2797,10,5,1000,100,1200,400,900,300,299,4,398,0,60,100,1),
(33223,33223,'33223','','',6,24.5,85,'L2NpcWalker',40,7324,2797,10,5,1000,100,1200,400,900,300,299,4,398,0,50,100,1),
(33224,33224,'33224','','',5,12.3,85,'L2NpcWalker',40,7324,2797,10,5,1000,100,1200,400,900,300,299,4,398,15304,26,70,1),
(60005,33224,'33224','','',5,12.3,85,'L2NpcWalker',40,7324,2797,10,5,1000,100,1200,400,900,300,299,4,398,15304,26,70,1),
(60006,33224,'33224','','',5,12.3,85,'L2NpcWalker',40,7324,2797,10,5,1000,100,1200,400,900,300,299,4,398,15304,26,70,1),
(60007,33224,'33224','','',5,12.3,85,'L2NpcWalker',40,7324,2797,10,5,1000,100,1200,400,900,300,299,4,398,0,26,70,1),
(60008,33224,'33224','','',5,12.3,85,'L2NpcWalker',40,7324,2797,10,5,1000,100,1200,400,900,300,299,4,398,15304,26,70,1),
(60009,33224,'33224','','',5,12.3,85,'L2NpcWalker',40,7324,2797,10,5,1000,100,1200,400,900,300,299,4,398,0,26,70,1),
(60010,33224,'33224','','',5,12.3,85,'L2NpcWalker',40,7324,2797,10,5,1000,100,1200,400,900,300,299,4,398,15304,26,70,1),
(33225,33225,'33225','','',8,22.5,85,'L2Npc',40,7324,2797,10,5,1000,100,1200,400,900,300,299,4,398,0,50,80,1),
(33226,33226,'33226','','',7,16.5,85,'L2Npc',40,7324,2797,10,5,1000,100,1200,400,900,300,299,4,398,32773,50,100,1),
(33227,33227,'33227','','',8,17.5,85,'L2Npc',40,7324,2797,10,5,1000,100,1200,400,900,300,299,4,398,0,50,100,1),
(33228,33228,'33228','','',8,17,85,'L2Npc',40,7324,2797,10,5,1000,100,1200,400,900,300,299,4,398,0,50,100,1),
(33230,33230,'33230','','',14.5,18,85,'L2FriendlyMob',40,7324,2797,10,5,1000,100,1200,400,900,300,299,4,398,0,30,120,1),
(33231,33231,'33231','','',14.5,18,85,'L2FriendlyMob',40,7324,2797,10,5,1000,100,1200,400,900,300,299,4,398,0,30,120,1),
(33232,33232,'33232','','',7,17.5,85,'L2Npc',40,7324,2797,10,5,1000,100,1200,400,900,300,299,4,398,0,50,100,1),
(33234,33234,'33234','','',8,24.5,85,'L2NpcWalker',40,7324,2797,10,5,1000,100,1200,400,900,300,299,4,398,0,50,100,1),
(33235,33235,'33235','','',8,23,85,'L2Npc',40,7324,2797,10,5,1000,100,1200,400,900,300,299,4,398,0,50,100,1),
(33236,33236,'33236','','',8,21.5,85,'L2Npc',40,7324,2797,10,5,1000,100,1200,400,900,300,299,4,398,0,60,100,1),
(33237,33237,'33237','','',8,25,85,'L2Npc',40,7324,2797,10,5,1000,100,1200,400,900,300,299,4,398,0,63,100,1),
(33238,33238,'33238','','',9,17.3,85,'L2NpcWalker',40,7324,2797,10,5,1000,100,1200,400,900,300,299,4,398,0,9,50,1),
(33240,33240,'33240','','',8,24.5,85,'L2Npc',40,7324,2797,10,5,1000,100,1200,400,900,300,299,4,398,0,30,100,1),
(33241,33241,'33241','','',8,17.5,85,'L2NpcWalker',40,7324,2797,10,5,1000,100,1200,400,900,300,299,4,398,0,20,100,1),
(33242,33242,'33242','','',8,23,85,'L2NpcWalker',40,7324,2797,10,5,1000,100,1200,400,900,300,299,4,398,0,30,100,1),
(33245,33245,'33245','','',9,23.5,85,'L2Npc',40,7324,2797,10,5,1000,100,1200,400,900,300,299,4,398,0,28,160,1),
(33246,33246,'33246','','',6,24.5,85,'L2NpcWalker',40,7324,2797,10,5,1000,100,1200,400,900,300,299,4,398,0,50,100,1),
(33247,33247,'33247','','',8,21.5,85,'L2Npc',40,7324,2797,10,5,1000,100,1200,400,900,300,299,4,398,0,60,100,1),
(33249,33249,'33249','','',8,18.5,85,'L2Npc',40,7324,2797,10,5,1000,100,1200,400,900,300,299,4,398,0,50,100,1),
(33250,33250,'33250','','',8,23,85,'L2Npc',40,7324,2797,10,5,1000,100,1200,400,900,300,299,4,398,0,30,100,1),
(33251,33251,'33251','','',8,22.5,85,'L2Npc',40,7324,2797,10,5,1000,100,1200,400,900,300,299,4,398,0,30,80,1),
(33252,33252,'33252','','',8,17.5,85,'L2Npc',40,7324,2797,10,5,1000,100,1200,400,900,300,299,4,398,0,20,100,1),
(33268,33268,'33268','','',9.5,22.5,85,'L2Npc',40,7324,2797,10,5,1000,100,1200,400,900,300,299,4,398,0,50,100,1),
(33269,33269,'33269','','',8,17.5,85,'L2Npc',40,7324,2797,10,5,1000,100,1200,400,900,300,299,4,398,0,50,100,1),
(33270,33270,'33270','','',7,18,85,'L2Npc',40,7324,2797,10,5,1000,100,1200,400,900,300,299,4,398,0,50,100,1),
(33271,33271,'33271','','',9.5,22.5,85,'L2NpcWalker',40,7324,2797,10,5,1000,100,1200,400,900,300,299,4,398,32770,50,100,1),
(33272,33272,'33272','','',6.5,17.7,85,'L2Npc',40,7324,2797,10,5,1000,100,1200,400,900,300,299,4,398,0,50,120,1),
(33273,33273,'33273','','',8,24.5,85,'L2Npc',40,7324,2797,10,5,1000,100,1200,400,900,300,299,4,398,0,64,100,1),
(33275,33275,'33275','','',10,23.75,85,'L2Npc',40,7324,2797,10,5,1000,100,1200,400,900,300,299,4,398,9442,30,160,1),
(33276,33276,'33276','','',7,18,85,'L2Npc',40,7324,2797,10,5,1000,100,1200,400,900,300,299,4,398,0,50,100,1),
(33277,33277,'33277','','',8,23,85,'L2Npc',40,7324,2797,10,5,1000,100,1200,400,900,300,299,4,398,0,50,100,1),
(33280,33280,'33280','','',8,22.5,85,'L2NpcWalker',40,7324,2797,10,5,1000,100,1200,400,900,300,299,4,398,0,50,100,1),
(33281,33281,'33281','','',9.5,22.5,85,'L2Npc',40,7324,2797,10,5,1000,100,1200,400,900,300,299,4,398,0,50,100,1),
(33282,33282,'33282','','',8,22,85,'L2Npc',40,7324,2797,10,5,1000,100,1200,400,900,300,299,4,398,0,50,100,1),
(33284,33284,'33284','','',0.01,17,85,'L2NpcWalker',40,7324,2797,10,5,1000,100,1200,400,900,300,299,4,398,0,60,50,1),
(33285,33285,'33285','','',8,23,85,'L2NpcWalker',40,7324,2797,10,5,1000,100,1200,400,900,300,299,4,398,135,50,100,1),
(33287,33287,'33287','','',8,23,85,'L2Npc',40,7324,2797,10,5,1000,100,1200,400,900,300,299,4,398,0,40,100,1),
(33372,33372,'33372','','',13,22.5,85,'L2Npc',40,7324,2797,10,5,1000,100,1200,400,900,300,299,4,398,0,60,160,1),
(33454,33454,'33454','','',8,23,85,'L2Npc',40,7324,2797,10,5,1000,100,1200,400,900,300,299,4,398,0,38,120,1),
(33464,33464,'33464','','',12,25,85,'L2Npc',40,7324,2797,10,5,1000,100,1200,400,900,300,299,4,398,0,35,120,1),
(33477,33477,'33477','','',13,25,85,'L2Npc',40,7324,2797,10,5,1000,100,1200,400,900,300,299,4,398,9646,28,120,1),
(33480,33480,'33480','','',13,25,85,'L2Npc',40,7324,2797,10,5,1000,100,1200,400,900,300,299,4,398,9646,39,120,1),
(33481,33481,'33481','','',13,25,85,'L2Npc',40,7324,2797,10,5,1000,100,1200,400,900,300,299,4,398,9646,39,120,1),
(33482,33482,'33482','','',13,25,85,'L2Npc',40,7324,2797,10,5,1000,100,1200,400,900,300,299,4,398,9646,39,120,1),
(33483,33483,'33483','','',13,25,85,'L2Npc',40,7324,2797,10,5,1000,100,1200,400,900,300,299,4,398,9646,39,120,1),
(33484,33484,'33484','','',13,25,85,'L2Npc',40,7324,2797,10,5,1000,100,1200,400,900,300,299,4,398,9646,39,120,1),
(33485,33485,'33485','','',13,25,85,'L2Npc',40,7324,2797,10,5,1000,100,1200,400,900,300,299,4,398,9646,39,120,1),
(33486,33486,'33486','','',13,25,85,'L2NpcWalker',40,7324,2797,10,5,1000,100,1200,400,900,300,299,4,398,9646,39,120,1),
(33487,33487,'33487','','',13,22.5,85,'L2NpcWalker',40,7324,2797,10,5,1000,100,1200,400,900,300,299,4,398,9644,60,120,1),
(33530,33530,'33530','','',8,21.5,85,'L2Merchant',40,7324,2797,10,5,1000,100,1200,400,900,300,299,4,398,0,60,120,1),
(33553,33553,'33553','','',0.1,0.1,85,'L2Npc',40,7324,2797,10,5,1000,100,1200,400,900,300,299,4,398,0,1,50,1),
(33570,33570,'33570','','',8,23,85,'L2NpcWalker',40,7324,2797,10,5,1000,100,1200,400,900,300,299,4,398,0,50,120,1),
(33574,33574,'33574','','',7,18,85,'L2Npc',40,7324,2797,10,5,1000,100,1200,400,900,300,299,4,398,0,50,100,1),
(33576,33576,'33576','','',8,25.3,85,'L2NpcWalker',40,7324,2797,10,5,1000,100,1200,400,900,300,299,4,398,15304,50,160,1),
(33577,33577,'33577','','',13,25,85,'L2NpcWalker',40,7324,2797,10,5,1000,100,1200,400,900,300,299,4,398,15304,50,80,1),
(33578,33578,'33578','','',10,13,85,'L2NpcWalker',40,7324,2797,10,5,1000,100,1200,400,900,300,299,4,398,0,20,20,1),
(33580,33580,'33580','','',13,11.5,85,'L2TownPet',40,7324,2797,10,5,1000,100,1200,400,900,300,299,4,398,0,24,100,1),
(33581,33581,'33581','','',8,17.5,85,'L2NpcWalker',40,68,60,10,5,1000,100,1200,400,900,300,299,4,398,0,20,120,1),
(30283,30283,'30283','','',7,16.5,85,'L2Npc',40,4228,2038,10,5,1000,100,1200,400,900,300,299,4,398,89,50,120,1),
(30001,30001,'30001','','',10,24,85,'L2Merchant',40,4228,2038,10,5,1000,100,1200,400,900,300,299,4,398,0,50,120,1),
(30002,30002,'30002','','',8,25,85,'L2Merchant',40,4228,2038,10,5,1000,100,1200,400,900,300,299,4,398,0,50,120,1),
(30004,30004,'30004','','',8,24.5,85,'L2Merchant',40,4228,2038,10,5,1000,100,1200,400,900,300,299,4,398,0,50,120,1),
(30149,30149,'30149','','',6,24.5,85,'L2Merchant',40,4228,2038,10,5,1000,100,1200,400,900,300,299,4,398,0,50,120,1),
(31563,31563,'31563','','',8,23,85,'L2Fisherman',40,4228,2038,10,5,1000,100,1200,400,900,300,299,4,398,7560,50,120,1),
(32166,32166,'32166','','',13,25,85,'L2Merchant',40,4228,2038,10,5,1000,100,1200,400,900,300,299,4,398,0,28,120,1),
(33274,33274,'33274','','',7,17.5,85,'L2Npc',40,7324,2797,10,5,1000,100,1200,400,900,300,299,4,398,0,50,100,1),
(33579,33579,'33579','','',8,25,85,'L2PetManager',40,7324,2797,10,5,1000,100,1200,400,900,300,299,4,398,0,63,20,1),
(33587,33587,'33587','','',8,23,85,'L2Merchant',40,7324,2797,10,5,1000,100,1200,400,900,300,299,4,398,0,50,120,1),
(32648,32648,'32648','','',5,12.5,85,'L2Teleporter',40,5691,2537,10,5,1000,100,1200,400,900,300,299,4,398,0,75,120,1),
(30565,30565,'30565','','',8,26,85,'L2VillageMasterOrc',40,4228,2038,10,5,1000,100,1200,400,900,300,299,4,398,0,50,120,1),
(30767,30767,'30767','','',8,22,85,'L2Auctioneer',40,4228,2038,10,5,1000,100,1200,400,900,300,299,4,398,0,50,120,1),
(32144,32144,'32144','','',12,23,85,'L2Trainer',40,4228,2038,10,5,1000,100,1200,400,900,300,299,4,398,9644,24,120,1),
(32146,32146,'32146','','',13,25,85,'L2VillageMasterKamael',40,4228,2038,10,5,1000,100,1200,400,900,300,299,4,398,9645,28,120,1),
(32147,32147,'32147','','',7,21.2,85,'L2VillageMasterMystic',40,4228,2038,10,5,1000,100,1200,400,900,300,299,4,398,0,50,120,1),
(32148,32148,'32148','','',7,22.5,85,'L2Trainer',40,4228,2038,10,5,1000,100,1200,400,900,300,299,4,398,0,50,120,1),
(32150,32150,'32150','','',8,26,85,'L2VillageMasterOrc',40,4228,2038,10,5,1000,100,1200,400,900,300,299,4,398,0,50,120,1),
(32151,32151,'32151','','',8,28.5,85,'L2Trainer',40,4228,2038,10,5,1000,100,1200,400,900,300,299,4,398,0,50,120,1),
(32153,32153,'32153','','',8,22.5,85,'L2VillageMasterPriest',40,4228,2038,10,5,1000,100,1200,400,900,300,299,4,398,0,50,120,1),
(32156,32156,'32156','','',8,23,85,'L2Trainer',40,4228,2038,10,5,1000,100,1200,400,900,300,299,4,398,0,50,120,1),
(32157,32157,'32157','','',8,16.5,85,'L2VillageMasterDwarf',40,4228,2038,10,5,1000,100,1200,400,900,300,299,4,398,0,50,120,1),
(32159,32159,'32159','','',7,16.5,85,'L2Trainer',40,4228,2038,10,5,1000,100,1200,400,900,300,299,4,398,0,50,120,1),
(32160,32160,'32160','','',8,22,85,'L2VillageMasterDElf',40,4228,2038,10,5,1000,100,1200,400,900,300,299,4,398,0,50,120,1),
(32161,32161,'32161','','',8,23,85,'L2Trainer',40,4228,2038,10,5,1000,100,1200,400,900,300,299,4,398,0,50,120,1),
(33359,33359,'33359','','',10,20,85,'L2Npc',40,7324,2797,10,5,1000,100,1200,400,900,300,299,4,398,0,50,160,1),
(33490,33490,'33490','','',8,23,85,'L2Npc',40,7324,2797,10,5,1000,100,1200,400,900,300,299,4,398,0,50,120,1),
(33491,33491,'33491','','',8,22.5,85,'L2Npc',40,7324,2797,10,5,1000,100,1200,400,900,300,299,4,398,0,30,120,1),
(33685,33685,'33685','','',8,23,85,'L2Npc',40,14612,3567,10,5,1000,100,1200,400,900,300,299,4,398,0,40,120,1),
(31688,31688,'31688','','',8,23.5,85,'L2OlympiadManager',40,4228,2038,10,5,1000,100,1200,400,900,300,299,4,398,70,50,120,1),
(31690,31690,'31690','','',24,69,85,'L2OlympiadManager',40,4228,2038,10,5,1000,100,1200,400,900,300,299,4,398,0,50,120,1),
(32478,32478,'32478','','',10,23.5,85,'L2Npc',40,4228,2038,10,5,1000,100,1200,400,900,300,299,4,398,0,50,60,1),
(19218,19218,'19218','','',10,7,85,'L2Npc',40,309,49,10,5,1000,100,1200,400,900,300,279,4,334,0,50,120,1),
(33024,33024,'33024','','',112,59,85,'L2Npc',40,7324,2797,10,5,1000,100,1200,400,900,300,299,4,398,0,1,50,1),
(33026,33026,'33026','','',8,23,85,'L2NpcWalker',40,7324,2797,10,5,1000,100,1200,400,900,300,299,4,398,0,50,100,1),
(33202,33202,'33202','','',20,40,85,'L2Npc',40,7324,2797,10,5,1000,100,1200,400,900,300,299,4,398,0,41,170,1),
(33229,33229,'33229','','',8,23,85,'L2NpcWalker',40,7324,2797,10,5,1000,100,1200,400,900,300,299,4,398,0,50,100,1),
(32977,32977,'32977','','',8.2,18.5,85,'L2Npc',40,7324,2797,10,5,1000,100,1200,400,900,300,299,4,398,0,50,120,1),
(33180,33180,'33180','','',40,82,85,'L2Teleporter',40,7324,2797,10,5,1000,100,1200,400,900,300,299,4,398,0,1,1,1),
(33199,33199,'33199','','',7,18.5,85,'L2NpcWalker',40,7324,2797,10,5,1000,100,1200,400,900,300,299,4,398,0,50,100,1),
(33200,33200,'33200','','',20,40,85,'L2Npc',40,7324,2797,10,5,1000,100,1200,400,900,300,299,4,398,0,41,290,1),
(33448,33448,'33448','','',8,23.5,85,'L2Npc',40,7324,2797,10,5,1000,100,1200,400,900,300,299,4,398,133,50,120,1),
(32976,32976,'32976','','',9.5,23,85,'L2Npc',40,7324,2797,10,5,1000,100,1200,400,900,300,299,4,398,0,50,120,1),
(33197,33197,'33197','','',40,82,85,'L2Teleporter',40,7324,2797,10,5,1000,100,1200,400,900,300,299,4,398,0,1,1,1),
(27457,27457,'27457','','',9,22,1,'L2ChronoMonster',40,91,67,10,5,0,0,0,40,0,30,279,0,334,0,50,100,1),
(33219,33219,'33219','','',7,23,85,'L2NpcWalker',40,7324,2797,10,5,1000,100,1200,400,900,300,299,4,398,15280,50,100,1),
(33286,33286,'33286','','',8,24,85,'L2NpcWalker',40,7324,2797,10,5,1000,100,1200,400,900,300,299,4,398,0,50,100,1),
(33571,33571,'33571','','',6,16.3,85,'L2NpcWalker',40,7324,2797,10,5,1000,100,1200,400,900,300,299,4,398,0,80,100,1),
(33572,33572,'33572','','',8,23,85,'L2NpcWalker',40,7324,2797,10,5,1000,100,1200,400,900,300,299,4,398,0,50,100,1),
(33573,33573,'33573','','',8,21.5,85,'L2NpcWalker',40,7324,2797,10,5,1000,100,1200,400,900,300,299,4,398,0,64,100,1),
(33575,33575,'33575','','',8,25,85,'L2NpcWalker',40,7324,2797,10,5,1000,100,1200,400,900,300,299,4,398,15304,63,100,1),
(19152,19152,'19152','','',8,24,85,'L2Npc',40,258,133,10,5,1000,100,1200,400,900,300,279,4,334,129,50,100,1),
(19153,19153,'19153','','',12,25,85,'L2Npc',40,258,133,10,5,1000,100,1200,400,900,300,279,4,334,0,35,120,1),
(19154,19154,'19154','','',17,43.5,85,'L2Npc',40,447,204,10,5,1000,100,1200,400,900,300,279,4,334,0,40,120,1),
(32961,32961,'32961','','',20,21.5,85,'L2Npc',40,7324,2797,10,5,1000,100,1200,400,900,300,299,4,398,0,50,50,1),
(32962,32962,'32962','','',20,22.4,85,'L2Npc',40,7324,2797,10,5,1000,100,1200,400,900,300,299,4,398,0,50,50,1),
(32963,32963,'32963','','',20,24,85,'L2Npc',40,7324,2797,10,5,1000,100,1200,400,900,300,299,4,398,0,50,50,1),
(32964,32964,'32964','','',20,25,85,'L2Npc',40,7324,2797,10,5,1000,100,1200,400,900,300,299,4,398,0,50,50,1),
(32978,32978,'32978','','',11,23,85,'L2Npc',40,7324,2797,10,5,1000,100,1200,400,900,300,299,4,398,0,50,120,1),
(33181,33181,'33181','','',40,82,85,'L2Teleporter',40,7324,2797,10,5,1000,100,1200,400,900,300,299,4,398,0,1,1,1),
(33182,33182,'33182','','',40,82,85,'L2Teleporter',40,7324,2797,10,5,1000,100,1200,400,900,300,299,4,398,0,1,1,1),
(33183,33183,'33183','','',40,82,85,'L2Teleporter',40,7324,2797,10,5,1000,100,1200,400,900,300,299,4,398,0,1,1,1),
(33185,33185,'33185','','',40,82,85,'L2Teleporter',40,7324,2797,10,5,1000,100,1200,400,900,300,299,4,398,0,1,1,1),
(33186,33186,'33186','','',40,82,85,'L2Teleporter',40,7324,2797,10,5,1000,100,1200,400,900,300,299,4,398,0,1,1,1),
(33187,33187,'33187','','',40,82,85,'L2Teleporter',40,7324,2797,10,5,1000,100,1200,400,900,300,299,4,398,0,1,1,1),
(33188,33188,'33188','','',40,82,85,'L2Teleporter',40,7324,2797,10,5,1000,100,1200,400,900,300,299,4,398,0,1,1,1),
(33189,33189,'33189','','',40,82,85,'L2Teleporter',40,7324,2797,10,5,1000,100,1200,400,900,300,299,4,398,0,1,1,1),
(33190,33190,'33190','','',40,82,85,'L2Teleporter',40,7324,2797,10,5,1000,100,1200,400,900,300,299,4,398,0,1,1,1),
(33191,33191,'33191','','',40,82,85,'L2Teleporter',40,7324,2797,10,5,1000,100,1200,400,900,300,299,4,398,0,1,1,1),
(33192,33192,'33192','','',40,82,85,'L2Teleporter',40,7324,2797,10,5,1000,100,1200,400,900,300,299,4,398,0,1,1,1),
(33344,33344,'33344','','',11,22.25,85,'L2Teleporter',40,7324,2797,10,5,1000,100,1200,400,900,300,299,4,398,9646,28,120,1),
(33397,33397,'33397','','',18,50,85,'L2Npc',40,7324,2797,10,5,1000,100,1200,400,900,300,299,4,398,0,1,50,1),
(33398,33398,'33398','','',18,50,85,'L2Npc',40,7324,2797,10,5,1000,100,1200,400,900,300,299,4,398,0,1,50,1),
(33399,33399,'33399','','',18,50,85,'L2Npc',40,7324,2797,10,5,1000,100,1200,400,900,300,299,4,398,0,1,50,1),
(33400,33400,'33400','','',18,50,85,'L2Npc',40,7324,2797,10,5,1000,100,1200,400,900,300,299,4,398,0,1,50,1),
(33401,33401,'33401','','',18,50,85,'L2Npc',40,7324,2797,10,5,1000,100,1200,400,900,300,299,4,398,0,1,50,1),
(33402,33402,'33402','','',18,50,85,'L2Npc',40,7324,2797,10,5,1000,100,1200,400,900,300,299,4,398,0,1,50,1),
(33403,33403,'33403','','',18,50,85,'L2Npc',40,7324,2797,10,5,1000,100,1200,400,900,300,299,4,398,0,1,50,1),
(33404,33404,'33404','','',18,50,85,'L2Npc',40,7324,2797,10,5,1000,100,1200,400,900,300,299,4,398,0,1,50,1),
(33449,33449,'33449','','',8,23.5,85,'L2Npc',40,7324,2797,10,5,1000,100,1200,400,900,300,299,4,398,0,36,120,1),
(33450,33450,'33450','','',8,23,85,'L2Npc',40,7324,2797,10,5,1000,100,1200,400,900,300,299,4,398,0,40,120,1),
(33451,33451,'33451','','',9.5,22.4,85,'L2Npc',40,7324,2797,10,5,1000,100,1200,400,900,300,299,4,398,0,64,120,1),
(33452,33452,'33452','','',8,25,85,'L2Npc',40,7324,2797,10,5,1000,100,1200,400,900,300,299,4,398,0,63,120,1),
(33453,33453,'33453','','',8,21.5,85,'L2Npc',40,7324,2797,10,5,1000,100,1200,400,900,300,299,4,398,0,64,120,1),
(33488,33488,'33488','','',13,25,85,'L2Npc',40,7324,2797,10,5,1000,100,1200,400,900,300,299,4,398,9646,28,120,1),
(33492,33492,'33492','','',13,25,85,'L2Npc',40,7324,2797,10,5,1000,100,1200,400,900,300,299,4,398,9646,28,120,1),
(33549,33549,'33549','','',18,50,85,'L2Npc',40,7324,2797,10,5,1000,100,1200,400,900,300,299,4,398,0,1,50,1),
(33563,33563,'33563','','',13,23.5,85,'L2Npc',40,14612,3567,10,5,1000,100,1200,400,900,300,299,4,398,0,60,120,1),
(33586,33586,'33586','','',1,40,85,'L2Npc',40,7324,2797,10,5,1000,100,1200,400,900,300,299,4,398,0,1,50,1);

-- NPC基本能力值*2(因為玩家的基本能力值也是*2)
Update `npc` SET `str`= `str` * 2;
Update `npc` SET `con`= `con` * 2;
-- Update `npc` SET `dex`= `dex` * 2;
Update `npc` SET `int`= `int` * 2;
-- Update `npc` SET `wit`= `wit` * 2;
Update `npc` SET `men`= `men` * 2;
UPDATE `npc` set `str` = 149 where `str` > 149;
UPDATE `npc` set `con` = 149 where `con` > 149;
-- UPDATE `npc` set `dex` = 149 where `dex` > 149;
UPDATE `npc` set `int` = 149 where `int` > 149;
-- UPDATE `npc` set `wit` = 149 where `wit` > 149;
UPDATE `npc` set `men` = 149 where `men` > 149;

REPLACE INTO `npcaidata` (`npcId`, `agroRange`, `aiType`) VALUES
(32972,1000,'balanced'),
(8440,1000,'balanced'),
(30005,1000,'balanced'),
(30006,1000,'balanced'),
(32138,1000,'balanced'),
(32469,1000,'balanced'),
(32966,1000,'balanced'),
(32970,1000,'balanced'),
(32974,1000,'balanced'),
(32975,1000,'balanced'),
(32980,1000,'balanced'),
(32981,1000,'balanced'),
(33000,1000,'balanced'),
(33002,1000,'balanced'),
(33004,1000,'balanced'),
(33007,1000,'corpse'),
(33018,1000,'corpse'),
(33020,1000,'balanced'),
(33022,1000,'balanced'),
(33023,1000,'balanced'),
(33025,1000,'balanced'),
(33027,1000,'balanced'),
(33101,1000,'balanced'),
(33105,1000,'balanced'),
(60018,1000,'balanced'),
(60019,1000,'balanced'),
(60020,1000,'balanced'),
(33106,1000,'balanced'),
(60021,1000,'balanced'),
(60022,1000,'balanced'),
(60023,1000,'balanced'),
(60024,1000,'balanced'),
(60025,1000,'balanced'),
(33107,1000,'balanced'),
(33108,1000,'balanced'),
(33109,1000,'balanced'),
(33110,1000,'balanced'),
(33111,1000,'balanced'),
(33112,1000,'balanced'),
(33113,1000,'balanced'),
(33114,1000,'balanced'),
(33115,1000,'balanced'),
(33116,1000,'balanced'),
(33120,1000,'balanced'),
(33121,1000,'balanced'),
(33122,1000,'balanced'),
(33123,1000,'balanced'),
(33124,1000,'balanced'),
(33125,1000,'balanced'),
(33194,1000,'balanced'),
(33201,1000,'corpse'),
(33203,1000,'balanced'),
(60011,1000,'balanced'),
(60012,1000,'balanced'),
(60013,1000,'balanced'),
(60014,1000,'balanced'),
(60015,1000,'balanced'),
(60016,1000,'balanced'),
(60017,1000,'balanced'),
(33206,1000,'balanced'),
(33207,1000,'balanced'),
(33208,1000,'balanced'),
(33217,1000,'balanced'),
(60000,1000,'balanced'),
(60001,1000,'balanced'),
(60002,1000,'balanced'),
(60003,1000,'balanced'),
(60004,1000,'balanced'),
(33218,1000,'balanced'),
(33220,1000,'balanced'),
(33221,1000,'balanced'),
(33223,1000,'balanced'),
(33224,1000,'balanced'),
(60005,1000,'balanced'),
(60006,1000,'balanced'),
(60007,1000,'balanced'),
(60008,1000,'balanced'),
(60009,1000,'balanced'),
(60010,1000,'balanced'),
(33225,1000,'balanced'),
(33226,1000,'balanced'),
(33227,1000,'balanced'),
(33228,1000,'balanced'),
(33230,1000,'balanced'),
(33231,1000,'balanced'),
(33232,1000,'balanced'),
(33234,1000,'balanced'),
(33235,1000,'balanced'),
(33236,1000,'balanced'),
(33237,1000,'balanced'),
(33238,1000,'balanced'),
(33240,1000,'balanced'),
(33241,1000,'balanced'),
(33242,1000,'balanced'),
(33245,1000,'balanced'),
(33246,1000,'balanced'),
(33247,1000,'balanced'),
(33249,1000,'balanced'),
(33250,1000,'balanced'),
(33251,1000,'balanced'),
(33252,1000,'balanced'),
(33268,1000,'balanced'),
(33269,1000,'balanced'),
(33270,1000,'balanced'),
(33271,1000,'balanced'),
(33272,1000,'balanced'),
(33273,1000,'balanced'),
(33275,1000,'balanced'),
(33276,1000,'balanced'),
(33277,1000,'balanced'),
(33280,1000,'balanced'),
(33281,1000,'balanced'),
(33282,1000,'balanced'),
(33284,1000,'balanced'),
(33285,1000,'balanced'),
(33287,1000,'balanced'),
(33372,1000,'balanced'),
(33454,1000,'balanced'),
(33464,1000,'balanced'),
(33477,1000,'balanced'),
(33480,1000,'balanced'),
(33481,1000,'balanced'),
(33482,1000,'balanced'),
(33483,1000,'balanced'),
(33484,1000,'balanced'),
(33485,1000,'balanced'),
(33486,1000,'balanced'),
(33487,1000,'balanced'),
(33530,1000,'balanced'),
(33553,1000,'balanced'),
(33570,1000,'balanced'),
(33574,1000,'balanced'),
(33576,1000,'balanced'),
(33577,1000,'balanced'),
(33578,1000,'balanced'),
(33580,1000,'balanced'),
(33581,1000,'balanced'),
(30001,1000,'balanced'),
(30002,1000,'balanced'),
(30004,1000,'balanced'),
(30149,1000,'balanced'),
(30283,1000,'balanced'),
(31563,1000,'balanced'),
(32166,1000,'balanced'),
(33274,1000,'balanced'),
(33579,1000,'balanced'),
(33587,1000,'balanced'),
(32648,1000,'balanced'),
(30565,1000,'balanced'),
(30767,1000,'balanced'),
(32144,1000,'balanced'),
(32146,1000,'balanced'),
(32147,1000,'balanced'),
(32148,1000,'balanced'),
(32150,1000,'balanced'),
(32151,1000,'balanced'),
(32153,1000,'balanced'),
(32156,1000,'balanced'),
(32157,1000,'balanced'),
(32159,1000,'balanced'),
(32160,1000,'balanced'),
(32161,1000,'balanced'),
(33359,1000,'balanced'),
(33490,1000,'balanced'),
(33491,1000,'balanced'),
(33685,1000,'balanced'),
(31688,1000,'balanced'),
(31690,1000,'balanced'),
(32478,1000,'balanced'),
(19218,1000,'balanced'),
(33024,1000,'balanced'),
(33026,1000,'balanced'),
(33202,1000,'balanced'),
(33229,1000,'balanced'),
(32977,1000,'balanced'),
(33180,1000,'balanced'),
(33199,1000,'balanced'),
(33200,1000,'balanced'),
(33448,1000,'balanced'),
(32976,1000,'balanced'),
(33197,1000,'balanced'),
(27457,0,'corpse'),
(33219,1000,'corpse'),
(33286,1000,'corpse'),
(33571,1000,'corpse'),
(33572,1000,'corpse'),
(33573,1000,'corpse'),
(33575,1000,'corpse'),
(19152,1000,'balanced'),
(19153,1000,'balanced'),
(19154,1000,'balanced'),
(32961,1000,'balanced'),
(32962,1000,'balanced'),
(32963,1000,'balanced'),
(32964,1000,'balanced'),
(32978,1000,'balanced'),
(33181,1000,'balanced'),
(33182,1000,'balanced'),
(33183,1000,'balanced'),
(33185,1000,'balanced'),
(33186,1000,'balanced'),
(33187,1000,'balanced'),
(33188,1000,'balanced'),
(33189,1000,'balanced'),
(33190,1000,'balanced'),
(33191,1000,'balanced'),
(33192,1000,'balanced'),
(33344,1000,'balanced'),
(33397,1000,'balanced'),
(33398,1000,'balanced'),
(33399,1000,'balanced'),
(33400,1000,'balanced'),
(33401,1000,'balanced'),
(33402,1000,'balanced'),
(33403,1000,'balanced'),
(33404,1000,'balanced'),
(33449,1000,'balanced'),
(33450,1000,'balanced'),
(33451,1000,'balanced'),
(33452,1000,'balanced'),
(33453,1000,'balanced'),
(33488,1000,'balanced'),
(33492,1000,'balanced'),
(33549,1000,'balanced'),
(33563,1000,'balanced'),
(33586,1000,'balanced');

REPLACE INTO `npc_elementals` VALUES
(32972,0,0,20,20,20,20,20,20),
(8440,0,0,20,20,20,20,20,20),
(30005,0,0,20,20,20,20,20,20),
(30006,0,0,20,20,20,20,20,20),
(32138,0,0,20,20,20,20,20,20),
(32469,0,0,20,20,20,20,20,20),
(32966,0,0,20,20,20,20,20,20),
(32970,0,0,20,20,20,20,20,20),
(32974,0,0,20,20,20,20,20,20),
(32975,0,0,20,20,20,20,20,20),
(32980,0,0,20,20,20,20,20,20),
(32981,0,0,20,20,20,20,20,20),
(33000,0,0,20,20,20,20,20,20),
(33002,0,0,20,20,20,20,20,20),
(33004,0,0,20,20,20,20,20,20),
(33007,0,0,20,20,20,20,20,20),
(33018,0,0,20,20,20,20,20,20),
(33020,0,0,20,20,20,20,20,20),
(33022,0,0,20,20,20,20,20,20),
(33023,0,0,20,20,20,20,20,20),
(33025,0,0,20,20,20,20,20,20),
(33027,0,0,20,20,20,20,20,20),
(33101,0,0,20,20,20,20,20,20),
(33105,0,0,20,20,20,20,20,20),
(60018,0,0,20,20,20,20,20,20),
(60019,0,0,20,20,20,20,20,20),
(60020,0,0,20,20,20,20,20,20),
(33106,0,0,20,20,20,20,20,20),
(60021,0,0,20,20,20,20,20,20),
(60022,0,0,20,20,20,20,20,20),
(60023,0,0,20,20,20,20,20,20),
(60024,0,0,20,20,20,20,20,20),
(60025,0,0,20,20,20,20,20,20),
(33107,0,0,20,20,20,20,20,20),
(33108,0,0,20,20,20,20,20,20),
(33109,0,0,20,20,20,20,20,20),
(33110,0,0,20,20,20,20,20,20),
(33111,0,0,20,20,20,20,20,20),
(33112,0,0,20,20,20,20,20,20),
(33113,0,0,20,20,20,20,20,20),
(33114,0,0,20,20,20,20,20,20),
(33115,0,0,20,20,20,20,20,20),
(33116,0,0,20,20,20,20,20,20),
(33120,0,0,20,20,20,20,20,20),
(33121,0,0,20,20,20,20,20,20),
(33122,0,0,20,20,20,20,20,20),
(33123,0,0,20,20,20,20,20,20),
(33124,0,0,20,20,20,20,20,20),
(33125,0,0,20,20,20,20,20,20),
(33194,0,0,20,20,20,20,20,20),
(33201,0,0,20,20,20,20,20,20),
(33203,0,0,20,20,20,20,20,20),
(60011,0,0,20,20,20,20,20,20),
(60012,0,0,20,20,20,20,20,20),
(60013,0,0,20,20,20,20,20,20),
(60014,0,0,20,20,20,20,20,20),
(60015,0,0,20,20,20,20,20,20),
(60016,0,0,20,20,20,20,20,20),
(60017,0,0,20,20,20,20,20,20),
(33206,0,0,20,20,20,20,20,20),
(33207,0,0,20,20,20,20,20,20),
(33208,0,0,20,20,20,20,20,20),
(33217,0,0,20,20,20,20,20,20),
(60000,0,0,20,20,20,20,20,20),
(60001,0,0,20,20,20,20,20,20),
(60002,0,0,20,20,20,20,20,20),
(60003,0,0,20,20,20,20,20,20),
(60004,0,0,20,20,20,20,20,20),
(33218,0,0,20,20,20,20,20,20),
(33220,0,0,20,20,20,20,20,20),
(33221,0,0,20,20,20,20,20,20),
(33223,0,0,20,20,20,20,20,20),
(33224,0,0,20,20,20,20,20,20),
(60005,0,0,20,20,20,20,20,20),
(60006,0,0,20,20,20,20,20,20),
(60007,0,0,20,20,20,20,20,20),
(60008,0,0,20,20,20,20,20,20),
(60009,0,0,20,20,20,20,20,20),
(60010,0,0,20,20,20,20,20,20),
(33225,0,0,20,20,20,20,20,20),
(33226,0,0,20,20,20,20,20,20),
(33227,0,0,20,20,20,20,20,20),
(33228,0,0,20,20,20,20,20,20),
(33230,0,0,20,20,20,20,20,20),
(33231,0,0,20,20,20,20,20,20),
(33232,0,0,20,20,20,20,20,20),
(33234,0,0,20,20,20,20,20,20),
(33235,0,0,20,20,20,20,20,20),
(33236,0,0,20,20,20,20,20,20),
(33237,0,0,20,20,20,20,20,20),
(33238,0,0,20,20,20,20,20,20),
(33240,0,0,20,20,20,20,20,20),
(33241,0,0,20,20,20,20,20,20),
(33242,0,0,20,20,20,20,20,20),
(33245,0,0,20,20,20,20,20,20),
(33246,0,0,20,20,20,20,20,20),
(33247,0,0,20,20,20,20,20,20),
(33249,0,0,20,20,20,20,20,20),
(33250,0,0,20,20,20,20,20,20),
(33251,0,0,20,20,20,20,20,20),
(33252,0,0,20,20,20,20,20,20),
(33268,0,0,20,20,20,20,20,20),
(33269,0,0,20,20,20,20,20,20),
(33270,0,0,20,20,20,20,20,20),
(33271,0,0,20,20,20,20,20,20),
(33272,0,0,20,20,20,20,20,20),
(33273,0,0,20,20,20,20,20,20),
(33275,0,0,20,20,20,20,20,20),
(33276,0,0,20,20,20,20,20,20),
(33277,0,0,20,20,20,20,20,20),
(33280,0,0,20,20,20,20,20,20),
(33281,0,0,20,20,20,20,20,20),
(33282,0,0,20,20,20,20,20,20),
(33284,0,0,20,20,20,20,20,20),
(33285,0,0,20,20,20,20,20,20),
(33287,0,0,20,20,20,20,20,20),
(33372,0,0,20,20,20,20,20,20),
(33454,0,0,20,20,20,20,20,20),
(33464,0,0,20,20,20,20,20,20),
(33477,0,0,20,20,20,20,20,20),
(33480,0,0,20,20,20,20,20,20),
(33481,0,0,20,20,20,20,20,20),
(33482,0,0,20,20,20,20,20,20),
(33483,0,0,20,20,20,20,20,20),
(33484,0,0,20,20,20,20,20,20),
(33485,0,0,20,20,20,20,20,20),
(33486,0,0,20,20,20,20,20,20),
(33487,0,0,20,20,20,20,20,20),
(33530,0,0,20,20,20,20,20,20),
(33553,0,0,20,20,20,20,20,20),
(33570,0,0,20,20,20,20,20,20),
(33574,0,0,20,20,20,20,20,20),
(33576,0,0,20,20,20,20,20,20),
(33577,0,0,20,20,20,20,20,20),
(33578,0,0,20,20,20,20,20,20),
(33580,0,0,20,20,20,20,20,20),
(33581,0,0,20,20,20,20,20,20),
(30001,0,0,20,20,20,20,20,20),
(30002,0,0,20,20,20,20,20,20),
(30004,0,0,20,20,20,20,20,20),
(30149,0,0,20,20,20,20,20,20),
(30283,0,0,20,20,20,20,20,20),
(31563,0,0,20,20,20,20,20,20),
(32166,0,0,20,20,20,20,20,20),
(33274,0,0,20,20,20,20,20,20),
(33579,0,0,20,20,20,20,20,20),
(33587,0,0,20,20,20,20,20,20),
(32648,0,0,20,20,20,20,20,20),
(30565,0,0,20,20,20,20,20,20),
(30767,0,0,20,20,20,20,20,20),
(32144,0,0,20,20,20,20,20,20),
(32146,0,0,20,20,20,20,20,20),
(32147,0,0,20,20,20,20,20,20),
(32148,0,0,20,20,20,20,20,20),
(32150,0,0,20,20,20,20,20,20),
(32151,0,0,20,20,20,20,20,20),
(32153,0,0,20,20,20,20,20,20),
(32156,0,0,20,20,20,20,20,20),
(32157,0,0,20,20,20,20,20,20),
(32159,0,0,20,20,20,20,20,20),
(32160,0,0,20,20,20,20,20,20),
(32161,0,0,20,20,20,20,20,20),
(33359,0,0,20,20,20,20,20,20),
(33490,0,0,20,20,20,20,20,20),
(33491,0,0,20,20,20,20,20,20),
(33685,0,0,20,20,20,20,20,20),
(31688,0,0,20,20,20,20,20,20),
(31690,0,0,20,20,20,20,20,20),
(32478,0,0,20,20,20,20,20,20),
(19218,0,0,20,20,20,20,20,20),
(33024,0,0,20,20,20,20,20,20),
(33026,0,0,20,20,20,20,20,20),
(33202,0,0,20,20,20,20,20,20),
(33229,0,0,20,20,20,20,20,20),
(32977,0,0,20,20,20,20,20,20),
(33180,0,0,20,20,20,20,20,20),
(33199,0,0,20,20,20,20,20,20),
(33200,0,0,20,20,20,20,20,20),
(33448,0,0,20,20,20,20,20,20),
(32976,0,0,20,20,20,20,20,20),
(33197,0,0,20,20,20,20,20,20),
(27457,0,0,20,20,20,20,20,20),
(33219,0,0,20,20,20,20,20,20),
(33286,0,0,20,20,20,20,20,20),
(33571,0,0,20,20,20,20,20,20),
(33572,0,0,20,20,20,20,20,20),
(33573,0,0,20,20,20,20,20,20),
(33575,0,0,20,20,20,20,20,20),
(19152,0,0,20,20,20,20,20,20),
(19153,0,0,20,20,20,20,20,20),
(19154,0,0,20,20,20,20,20,20),
(32961,0,0,20,20,20,20,20,20),
(32962,0,0,20,20,20,20,20,20),
(32963,0,0,20,20,20,20,20,20),
(32964,0,0,20,20,20,20,20,20),
(32978,0,0,20,20,20,20,20,20),
(33181,0,0,20,20,20,20,20,20),
(33182,0,0,20,20,20,20,20,20),
(33183,0,0,20,20,20,20,20,20),
(33185,0,0,20,20,20,20,20,20),
(33186,0,0,20,20,20,20,20,20),
(33187,0,0,20,20,20,20,20,20),
(33188,0,0,20,20,20,20,20,20),
(33189,0,0,20,20,20,20,20,20),
(33190,0,0,20,20,20,20,20,20),
(33191,0,0,20,20,20,20,20,20),
(33192,0,0,20,20,20,20,20,20),
(33344,0,0,20,20,20,20,20,20),
(33397,0,0,20,20,20,20,20,20),
(33398,0,0,20,20,20,20,20,20),
(33399,0,0,20,20,20,20,20,20),
(33400,0,0,20,20,20,20,20,20),
(33401,0,0,20,20,20,20,20,20),
(33402,0,0,20,20,20,20,20,20),
(33403,0,0,20,20,20,20,20,20),
(33404,0,0,20,20,20,20,20,20),
(33449,0,0,20,20,20,20,20,20),
(33450,0,0,20,20,20,20,20,20),
(33451,0,0,20,20,20,20,20,20),
(33452,0,0,20,20,20,20,20,20),
(33453,0,0,20,20,20,20,20,20),
(33488,0,0,20,20,20,20,20,20),
(33492,0,0,20,20,20,20,20,20),
(33549,0,0,20,20,20,20,20,20),
(33563,0,0,20,20,20,20,20,20),
(33586,0,0,20,20,20,20,20,20);

DELETE FROM `spawnlist` WHERE `npc_templateid` IN (8440,19218,30001,30002,30004,30005,30006,30149,30283,30565,30767,31563,31688,31690,32138,32144,32146,32147,32148,32150,32151,32153,32156,32157,32159,32160,32161,32166,32469,32478,32648,32966);
DELETE FROM `spawnlist` WHERE `npc_templateid` IN (32970,32972,32974,32975,32980,32981,33000,33002,33004,33007,33016,33018,33020,33022,33023,33024,33025,33026,33027,33101,33105,33106,33107,33108,33109,33110,33111,33112,33113,33114,33115,33116);
DELETE FROM `spawnlist` WHERE `npc_templateid` IN (33120,33121,33122,33123,33124,33125,33194,33201,33202,33203,33206,33207,33208,33217,33218,33220,33221,33223,33224,33225,33226,33227,33228,33229,33230,33231,33232,33234,33235,33236,33237,33238);
DELETE FROM `spawnlist` WHERE `npc_templateid` IN (33240,33241,33242,33245,33246,33247,33249,33250,33251,33252,33268,33269,33270,33271,33272,33273,33274,33275,33276,33277,33280,33281,33282,33284,33285,33287,33359,33372,33454,33464,33477,33480);
DELETE FROM `spawnlist` WHERE `npc_templateid` IN (33481,33482,33483,33484,33485,33486,33487,33490,33491,33530,33553,33570,33574,33576,33577,33578,33579,33580,33581,33587,33685,32977,33180,33199,33448,32976,33197,27457,33219,33286,33571,33572);
DELETE FROM `spawnlist` WHERE `npc_templateid` IN (33573,33575,32978,33181,33182,33183,33185,33186,33187,33188,33189,33190,33191,33192,33344,33397,33398,33399,33400,33401,33402,33403,33404,33449,33450,33451,33452,33453,33488,33492);
DELETE FROM `spawnlist` WHERE `npc_templateid` IN (33549,33563,33586);
DELETE FROM `spawnlist` WHERE `npc_templateid` IN (60000,60001,60002,60003,60004,60005,60006,60007,60008,60009,60010,60011,60012,60013,60014,60015,60016,60017,60018,60019,60020,60021,60022,60023,60024,60025);
REPLACE INTO `spawnlist` (`location`, `count`, `npc_templateid`, `locx`, `locy`, `locz`, `heading`, `respawn_delay`) VALUES
('新說話之島村莊',1,32972,-114371,260304,-1176,49472,60),
('新說話之島村莊',1,8440,-116270,251037,-1640,61389,60),
('新說話之島村莊',1,30006,-112256,256960,-1456,33680,60),
('新說話之島村莊',1,32138,-113713,244682,-7944,31000,60),
('新說話之島村莊',1,32469,-113487,249706,-1816,18044,60),
('新說話之島村莊',1,32966,-114388,254501,-1552,61740,60),
('新說話之島村莊',1,32966,-113664,257536,-1280,20380,60),
('新說話之島村莊',1,32966,-113130,257529,-1288,33176,60),
('新說話之島村莊',1,32966,-115705,257365,-1408,28476,60),
('新說話之島村莊',1,32970,-116626,249600,-1824,43658,60),
('新說話之島村莊',1,32974,-111384,255882,-1440,35768,60),
('新說話之島村莊',1,32975,-114355,255041,-1528,16384,60),
('新說話之島村莊',1,32980,-116697,255513,-1424,0,60),
('新說話之島村莊',1,32981,-110704,253662,-1792,19286,60),
('新說話之島村莊',1,33000,-111397,256400,-1432,36032,60),
('新說話之島村莊',1,33000,-111328,256238,-1440,36032,60),
('新說話之島村莊',1,33000,-111278,256187,-1440,36032,60),
('新說話之島村莊',1,33000,-111347,256349,-1432,36032,60),
('新說話之島村莊',1,33000,-111292,256283,-1432,36032,60),
('新說話之島村莊',1,33000,-111242,256232,-1440,36032,60),
('新說話之島村莊',1,33000,-111484,256305,-1432,36032,60),
('新說話之島村莊',1,33000,-111429,256238,-1440,36032,60),
('新說話之島村莊',1,33000,-111329,256136,-1440,36032,60),
('新說話之島村莊',1,33000,-111364,256193,-1440,36032,60),
('新說話之島村莊',1,33000,-111453,256365,-1432,36032,60),
('新說話之島村莊',1,33000,-111383,256304,-1432,36032,60),
('新說話之島村莊',1,33000,-110528,252458,-1984,54000,60),
('新說話之島村莊',1,33000,-110820,251755,-1976,43732,60),
('新說話之島村莊',1,33000,-110896,251872,-1968,228,60),
('新說話之島村莊',1,33000,-110624,252432,-1976,0,60),
('新說話之島村莊',1,33000,-110704,252368,-1976,54876,60),
('新說話之島村莊',1,33000,-111040,252224,-1944,59752,60),
('新說話之島村莊',1,33000,-111280,253072,-1776,56600,60),
('新說話之島村莊',1,33000,-111408,253264,-1760,6892,60),
('新說話之島村莊',1,33000,-110768,252912,-1760,8672,60),
('新說話之島村莊',1,33002,-111506,256121,-1440,8386,60),
('新說話之島村莊',1,33002,-117542,248815,-1936,7037,60),
('新說話之島村莊',1,33002,-117584,248896,-1944,453,60),
('新說話之島村莊',1,33002,-110864,251808,-1976,8900,60),
('新說話之島村莊',1,33002,-110256,252496,-1984,39096,60),
('新說話之島村莊',1,33002,-111328,253136,-1776,3980,60),
('新說話之島村莊',1,33002,-109186,246768,-3000,19574,60),
('新說話之島村莊',1,33002,-109706,237424,-2960,64353,60),
('新說話之島村莊',1,33004,-114710,245444,-7968,49152,60),
('新說話之島村莊',1,33007,-111634,255351,-1424,63400,60),
('新說話之島村莊',1,33007,-110464,252064,-1992,48811,60),
('新說話之島村莊',1,33007,-110263,253685,-1776,15416,60),
('新說話之島村莊',1,33018,-111322,255226,-1408,24288,60),
('新說話之島村莊',1,33018,-111378,255239,-1416,24288,60),
('新說話之島村莊',1,33018,-111376,255306,-1416,24288,60),
('新說話之島村莊',1,33018,-111536,255265,-1416,24288,60),
('新說話之島村莊',1,33018,-111457,255252,-1416,24288,60),
('新說話之島村莊',1,33018,-111309,255282,-1424,24288,60),
('新說話之島村莊',1,33018,-111534,255333,-1416,24288,60),
('新說話之島村莊',1,33018,-111285,255350,-1424,24288,60),
('新說話之島村莊',1,33018,-111374,255374,-1432,24288,60),
('新說話之島村莊',1,33018,-111444,255308,-1416,24288,60),
('新說話之島村莊',1,33018,-111443,255376,-1432,24288,60),
('新說話之島村莊',1,33018,-111533,255401,-1432,24288,60),
('新說話之島村莊',1,33018,-110365,251928,-1992,13172,60),
('新說話之島村莊',1,33018,-110650,251943,-1968,13172,60),
('新說話之島村莊',1,33018,-110369,251862,-2000,13172,60),
('新說話之島村莊',1,33018,-110663,251796,-1976,13172,60),
('新說話之島村莊',1,33018,-110299,251924,-2000,13172,60),
('新說話之島村莊',1,33018,-110304,251858,-2016,13172,60),
('新說話之島村莊',1,33018,-110308,251792,-2016,13172,60),
('新說話之島村莊',1,33018,-110584,251938,-1976,13172,60),
('新說話之島村莊',1,33018,-110593,251857,-1976,13172,60),
('新說話之島村莊',1,33018,-110597,251792,-1976,13172,60),
('新說話之島村莊',1,33018,-110446,251937,-1992,13172,60),
('新說話之島村莊',1,33018,-110450,251871,-2000,13172,60),
('新說話之島村莊',1,33018,-110454,251805,-2000,13172,60),
('新說話之島村莊',1,33018,-110659,251861,-1976,13172,60),
('新說話之島村莊',1,33018,-110740,251870,-1968,13172,60),
('新說話之島村莊',1,33018,-110731,251951,-1960,13172,60),
('新說話之島村莊',1,33018,-110744,251805,-1968,13172,60),
('新說話之島村莊',1,33018,-110373,251796,-2000,13172,60),
('新說話之島村莊',1,33018,-110342,253832,-1784,49153,60),
('新說話之島村莊',1,33018,-110336,253775,-1776,49153,60),
('新說話之島村莊',1,33018,-110279,253905,-1776,49153,60),
('新說話之島村莊',1,33018,-110336,253900,-1776,49153,60),
('新說話之島村莊',1,33018,-110209,253921,-1776,49153,60),
('新說話之島村莊',1,33018,-110279,253781,-1776,49153,60),
('新說話之島村莊',1,33018,-110212,253774,-1776,49153,60),
('新說話之島村莊',1,33018,-110215,253854,-1776,49153,60),
('新說話之島村莊',1,33018,-110285,253838,-1776,49153,60),
('新說話之島村莊',1,33020,-115120,255776,-1488,7480,60),
('新說話之島村莊',1,33022,-114808,252218,-1520,49153,60),
('新說話之島村莊',1,33022,-113885,252208,-1560,49153,60),
('新說話之島村莊',1,33022,-115205,258828,-1192,0,60),
('新說話之島村莊',1,33022,-113526,258843,-1192,32768,60),
('新說話之島村莊',1,33022,-113540,259846,-1192,32768,60),
('新說話之島村莊',1,33022,-113533,260021,-1192,32768,60),
('新說話之島村莊',1,33022,-115212,259032,-1192,0,60),
('新說話之島村莊',1,33022,-115205,259823,-1192,0,60),
('新說話之島村莊',1,33022,-115212,260013,-1192,0,60),
('新說話之島村莊',1,33022,-113534,259033,-1192,32768,60),
('新說話之島村莊',1,33022,-110832,251856,-1968,35924,60),
('新說話之島村莊',1,33022,-110992,252144,-1960,6076,60),
('新說話之島村莊',1,33022,-119486,246152,-1232,30097,60),
('新說話之島村莊',1,33022,-115200,252784,-1512,10008,60),
('新說話之島村莊',1,33022,-111328,253088,-1776,16172,60),
('新說話之島村莊',1,33022,-110768,252816,-1776,42596,60),
('新說話之島村莊',1,33022,-116128,254240,-1496,19036,60),
('新說話之島村莊',1,33022,-114709,257023,-1136,33704,60),
('新說話之島村莊',1,33022,-114032,257022,-1136,0,60),
('新說話之島村莊',1,33022,-114950,257021,-1136,0,60),
('新說話之島村莊',1,33022,-113792,257027,-1136,33176,60),
('新說話之島村莊',1,33023,-110923,253494,-1776,32073,60),
('新說話之島村莊',1,33023,-110948,253313,-1768,32073,60),
('新說話之島村莊',1,33023,-111333,254134,-1736,44661,60),
('新說話之島村莊',1,33025,-115072,255120,-1496,57876,60),
('新說話之島村莊',1,33027,-116687,256585,-1472,47712,60),
('新說話之島村莊',1,33101,-115894,253536,-1304,62387,60),
('新說話之島村莊',1,33105,-116454,255397,-1224,49345,60), -- 33105-1
('新說話之島村莊',1,60018,-114316,255586,-1312,58159,60), -- 33105-2
('新說話之島村莊',1,60019,-114433,252693,-1352,22471,60), -- 33105-3
('新說話之島村莊',1,60020,-113859,254107,-1320,48448,60), -- 33105-4
('新說話之島村莊',1,33106,-114484,255814,-1312,38302,60), -- 33106-1
('新說話之島村莊',1,60021,-111282,255598,-1240,34644,60), -- 33106-2
('新說話之島村莊',1,60022,-114382,250659,-1584,19169,60), -- 33106-3
('新說話之島村莊',1,60023,-116843,254994,-1224,43683,60), -- 33106-4
('新說話之島村莊',1,60024,-118467,249016,-1704,10527,60), -- 33106-5
('新說話之島村莊',1,60025,-120092,246844,-1104,4279,60), -- 33106-6
('新說話之島村莊',1,33107,-117340,255060,-1424,61572,60),
('新說話之島村莊',1,33107,-119891,246286,-968,41535,60),
('新說話之島村莊',1,33108,-116944,256288,-1416,59452,60),
('新說話之島村莊',1,33109,-114824,253046,-1320,8338,60),
('新說話之島村莊',1,33110,-114058,253211,-1328,63783,60),
('新說話之島村莊',1,33111,-114428,245584,-7768,62053,60),
('新說話之島村莊',1,33112,-115024,244256,-7768,12553,60),
('新說話之島村莊',1,33113,-117483,248887,-1936,6542,60),
('新說話之島村莊',1,33114,-112336,254832,-1504,24444,60),
('新說話之島村莊',1,33115,-112400,254896,-1504,0,60),
('新說話之島村莊',1,33116,-114050,252713,-1536,33744,60),
('新說話之島村莊',1,33116,-119757,246373,-1232,8191,60),
('新說話之島村莊',1,33120,-114820,255724,-1296,7618,60),
('新說話之島村莊',1,33121,-113684,255912,-1304,41058,60),
('新說話之島村莊',1,33122,-114340,254306,-1552,28452,60),
('新說話之島村莊',1,33122,-113339,257453,-1288,51804,60),
('新說話之島村莊',1,33122,-115200,257280,-1224,36264,60),
('新說話之島村莊',1,33122,-115541,257556,-1288,20380,60),
('新說話之島村莊',1,33122,-115865,257543,-1408,33704,60),
('新說話之島村莊',1,33123,-114500,254076,-1528,48689,60),
('新說話之島村莊',1,33124,-114084,252504,-1560,31437,60),
('新說話之島村莊',1,33124,-117694,245310,-2024,20000,60),
('新說話之島村莊',1,33124,-107779,248968,-3208,35908,60),
('新說話之島村莊',1,33124,-109465,237337,-2960,5000,60),
('新說話之島村莊',1,33125,-114016,257152,-1136,20380,60),
('新說話之島村莊',1,33194,-110424,252523,-1984,54000,60),
('新說話之島村莊',1,33201,-110986,253323,-1776,64192,60),
('新說話之島村莊',1,33201,-110958,253500,-1775,636,60),
('新說話之島村莊',1,33201,-111352,254103,-1734,13146,60),
('新說話之島村莊',1,33203,-115862,258651,-1312,4117,60), -- 33203-1
('新說話之島村莊',1,60011,-115906,258210,-1312,5900,60), -- 33203-2
('新說話之島村莊',1,60012,-116049,258375,-1312,27893,60), -- 33203-3
('新說話之島村莊',1,60013,-116082,258253,-1312,45947,60), -- 33203-4
('新說話之島村莊',1,60014,-116182,258334,-1312,13783,60), -- 33203-5
('新說話之島村莊',1,60015,-116265,258123,-1312,18922,60), -- 33203-6
('新說話之島村莊',1,60016,-116412,258475,-1320,41149,60), -- 33203-7
('新說話之島村莊',1,60017,-116430,258414,-1320,57571,60), -- 33203-8
('新說話之島村莊',1,33206,-117502,248539,-1968,40800,60),
('新說話之島村莊',1,33207,-115427,254937,-1312,60037,60),
('新說話之島村莊',1,33208,-114105,257514,-1000,50827,60),
('新說話之島村莊',1,33217,-115763,254621,-1304,14743,60), -- 33217-1
('新說話之島村莊',1,60000,-116412,257630,-1320,38991,60), -- 33217-2
('新說話之島村莊',1,60001,-116602,257948,-1312,15538,60), -- 33217-3
('新說話之島村莊',1,60002,-111789,256861,-1224,8045,60), -- 33217-4
('新說話之島村莊',1,60003,-119322,246614,-1048,11342,60), -- 33217-5
('新說話之島村莊',1,60004,-123840,246491,-1032,64837,60), -- 33217-6
('新說話之島村莊',1,33218,-111290,249282,-2424,61479,60),
('新說話之島村莊',1,33220,-114401,251038,-1728,53391,60),
('新說話之島村莊',1,33221,-114336,257136,-1136,36264,60),
('新說話之島村莊',1,33223,-114467,257010,-1136,47939,60),
('新說話之島村莊',1,33223,-119816,246292,-968,843,60),
('新說話之島村莊',1,33224,-115755,254016,-1312,5630,60), -- 33224-1
('新說話之島村莊',1,60005,-116880,257724,-1320,25537,60), -- 33224-2
('新說話之島村莊',1,60006,-116970,257216,-1248,27874,60), -- 33224-3
('新說話之島村莊',1,60007,-117119,257724,-1320,37627,60), -- 33224-5
('新說話之島村莊',1,60008,-111475,257369,-1256,51606,60), -- 33224-6
('新說話之島村莊',1,60009,-111985,257199,-1248,5240,60), -- 33224-6
('新說話之島村莊',1,60010,-119752,246282,-1032,28961,60), -- 33224-7
('新說話之島村莊',1,33225,-113577,253780,-1496,11604,60),
('新說話之島村莊',1,33226,-113536,253825,-1424,32057,60),
('新說話之島村莊',1,33227,-113552,253936,-1496,55788,60),
('新說話之島村莊',1,33228,-113495,255751,-1496,25269,60),
('新說話之島村莊',1,33230,-117115,249225,-1920,24575,60),
('新說話之島村莊',1,33230,-115648,249725,-1664,12357,60),
('新說話之島村莊',1,33230,-115322,249225,-1696,10777,60),
('新說話之島村莊',1,33230,-114812,249687,-1696,54419,60),
('新說話之島村莊',1,33230,-114670,249975,-1704,54066,60),
('新說話之島村莊',1,33230,-115485,249475,-1672,10222,60),
('新說話之島村莊',1,33230,-114838,248852,-1720,46811,60),
('新說話之島村莊',1,33230,-115159,249600,-1696,24937,60),
('新說話之島村莊',1,33230,-114112,248698,-1816,28936,60),
('新說話之島村莊',1,33230,-116626,249725,-1840,10181,60),
('新說話之島村莊',1,33230,-116952,249100,-1912,46388,60),
('新說話之島村莊',1,33230,-116463,248475,-1880,28031,60),
('新說話之島村莊',1,33230,-115648,249600,-1664,6753,60),
('新說話之島村莊',1,33230,-116131,249300,-1736,17510,60),
('新說話之島村莊',1,33230,-115322,250225,-1704,23976,60),
('新說話之島村莊',1,33230,-116952,248850,-1912,35107,60),
('新說話之島村莊',1,33230,-116789,248350,-1936,9648,60),
('新說話之島村莊',1,33230,-114833,249225,-1688,6735,60),
('新說話之島村莊',1,33231,-116463,249725,-1768,28486,60),
('新說話之島村莊',1,33231,-115974,249725,-1688,63611,60),
('新說話之島村莊',1,33231,-116626,248600,-1896,57144,60),
('新說話之島村莊',1,33231,-116300,249600,-1744,64865,60),
('新說話之島村莊',1,33231,-114670,249100,-1728,45911,60),
('新說話之島村莊',1,33231,-114833,250225,-1720,51268,60),
('新說話之島村莊',1,33231,-115648,249225,-1696,51721,60),
('新說話之島村莊',1,33232,-113520,255104,-1496,51488,60),
('新說話之島村莊',1,33234,-114341,253089,-1336,53553,60),
('新說話之島村莊',1,33235,-113664,255584,-1496,56420,60),
('新說話之島村莊',1,33236,-113440,255952,-1496,5188,60),
('新說話之島村莊',1,33237,-113424,256240,-1496,32256,60),
('新說話之島村莊',1,33237,-114717,249834,-1696,65472,60),
('新說話之島村莊',1,33238,-114160,257038,-1136,47939,60),
('新說話之島村莊',1,33238,-119839,246364,-968,843,60),
('新說話之島村莊',1,33240,-113706,255890,-1504,20037,60),
('新說話之島村莊',1,33241,-114228,259077,-1000,26753,60),
('新說話之島村莊',1,33242,-113718,259467,-1000,46708,60),
('新說話之島村莊',1,33245,-113920,257216,-1136,51804,60),
('新說話之島村莊',1,33246,-114621,259870,-1000,40081,60),
('新說話之島村莊',1,33247,-114112,259088,-1192,31988,60),
('新說話之島村莊',1,33249,-116400,256048,-1464,46836,60),
('新說話之島村莊',1,33250,-115808,253856,-1504,60284,60),
('新說話之島村莊',1,33251,-115744,253856,-1504,32884,60),
('新說話之島村莊',1,33252,-115744,254464,-1504,11840,60),
('新說話之島村莊',1,33268,-114160,254545,-1528,59067,60),
('新說話之島村莊',1,33269,-114208,254416,-1528,60080,60),
('新說話之島村莊',1,33270,-119756,246332,-1232,19327,60),
('新說話之島村莊',1,33271,-114544,254512,-1528,32767,60),
('新說話之島村莊',1,33272,-114160,254400,-1520,35532,60),
('新說話之島村莊',1,33273,-114208,254352,-1528,12068,60),
('新說話之島村莊',1,33275,-114112,254832,-1528,38024,60),
('新說話之島村莊',1,33276,-114608,254832,-1528,61740,60),
('新說話之島村莊',1,33277,-114624,254912,-1528,28452,60),
('新說話之島村莊',1,33280,-116331,257518,-1312,47726,60),
('新說話之島村莊',1,33281,-115200,252832,-1512,26124,60),
('新說話之島村莊',1,33282,-116160,253536,-1504,9272,60),
('新說話之島村莊',1,33284,-113509,254960,-1496,37605,60),
('新說話之島村莊',1,33285,-113627,253669,-1496,57534,60),
('新說話之島村莊',1,33287,-113792,252688,-1536,19244,60),
('新說話之島村莊',1,33372,-113719,244582,-7952,31000,60),
('新說話之島村莊',1,33372,-113732,244550,-7960,31000,60),
('新說話之島村莊',1,33372,-113728,244829,-7960,31000,60),
('新說話之島村莊',1,33372,-113744,244516,-7968,31000,60),
('新說話之島村莊',1,33372,-113721,244788,-7952,31000,60),
('新說話之島村莊',1,33372,-113728,244872,-7968,31000,60),
('新說話之島村莊',1,33454,-114547,254264,-1528,38688,60),
('新說話之島村莊',1,33454,-107705,248904,-3208,37104,60),
('新說話之島村莊',1,33464,-110758,253461,-1736,10250,60),
('新說話之島村莊',1,33477,-114711,243564,-7944,16000,60),
('新說話之島村莊',1,33480,-114809,243578,-7952,16000,60),
('新說話之島村莊',1,33481,-114845,243591,-7960,16000,60),
('新說話之島村莊',1,33482,-114869,243608,-7968,16000,60),
('新說話之島村莊',1,33483,-114612,243580,-7952,16000,60),
('新說話之島村莊',1,33484,-114577,243593,-7960,16000,60),
('新說話之島村莊',1,33485,-114541,243597,-7968,16000,60),
('新說話之島村莊',1,33486,-114602,243798,-7968,21592,60),
('新說話之島村莊',1,33487,-114632,243825,-7968,54537,60),
('新說話之島村莊',1,33530,-114383,253554,-1536,41219,60),
('新說話之島村莊',1,33553,-117705,255802,-1304,62000,60),
('新說話之島村莊',1,33570,-111590,249480,-2368,61479,60),
('新說話之島村莊',1,33570,-113404,249823,-1816,0,60),
('新說話之島村莊',1,33574,-115069,249621,-1696,0,60),
('新說話之島村莊',1,33576,-115399,244881,-7968,45878,60),
('新說話之島村莊',1,33577,-115438,244946,-7968,44680,60),
('新說話之島村莊',1,33578,-116462,255757,-1224,48287,60),
('新說話之島村莊',1,33580,-114771,252666,-1544,0,60),
('新說話之島村莊',1,33581,-114259,253612,-1528,53451,60),
('新說話之島村莊',1,30001,-113625,253606,-1496,32768,60),
('新說話之島村莊',1,30002,-113580,253130,-1496,19160,60),
('新說話之島村莊',1,30004,-113361,255997,-1496,32768,60),
('新說話之島村莊',1,30004,-109725,237632,-2960,63091,60),
('新說話之島村莊',1,30005,-113618,255326,-1496,32768,60),
('新說話之島村莊',1,30149,-115350,252923,-1496,0,60),
('新說話之島村莊',1,30283,-113459,253959,-1496,32768,60),
('新說話之島村莊',1,31563,-115003,254265,-1496,0,60),
('新說話之島村莊',1,32166,-115142,253571,-1496,0,60),
('新說話之島村莊',1,33274,-114080,254928,-1528,49328,60),
('新說話之島村莊',1,33579,-114801,252636,-1544,64427,60),
('新說話之島村莊',1,33587,-114685,252350,-1560,15879,60),
('新說話之島村莊',1,32648,-114444,255043,-1528,16384,60),
('新說話之島村莊',1,30565,-118006,255835,-1320,62000,60),
('新說話之島村莊',1,30767,-116361,256878,-1520,2555,60),
('新說話之島村莊',1,32144,-117362,256209,-1296,62000,60),
('新說話之島村莊',1,32146,-118145,255166,-1320,12914,60),
('新說話之島村莊',1,32147,-117647,256367,-1320,44503,60),
('新說話之島村莊',1,32148,-117632,255400,-1296,62000,60),
('新說話之島村莊',1,32150,-117800,256422,-1320,48268,60),
('新說話之島村莊',1,32151,-117606,255131,-1296,62000,60),
('新說話之島村莊',1,32153,-118017,255965,-1320,694,60),
('新說話之島村莊',1,32156,-117537,255537,-1296,62000,60),
('新說話之島村莊',1,32157,-118285,255232,-1320,5473,60),
('新說話之島村莊',1,32159,-117410,256082,-1296,62000,60),
('新說話之島村莊',1,32160,-118122,255715,-1320,1981,60),
('新說話之島村莊',1,32161,-117399,255848,-1296,62000,60),
('新說話之島村莊',1,33359,-116323,256835,-1520,35522,60),
('新說話之島村莊',1,33490,-115184,255362,-1496,0,60),
('新說話之島村莊',1,33491,-115286,255058,-1496,0,60),
('新說話之島村莊',1,33685,-116235,257368,-1512,40556,60),
('新說話之島村莊',1,31688,-116136,257166,-1512,56919,60),
('新說話之島村莊',1,31690,-116177,257317,-1512,56732,60),
('新說話之島村莊',1,32478,-114538,255013,-1528,16384,60),
('新說話之島村莊',1,19218,-113550,253830,-1496,16384,60),
('新說話之島村莊',1,33024,-110078,251890,-2016,51500,60),
('新說話之島村莊',1,33024,-110259,254075,-1776,37977,60),
('新說話之島村莊',1,33024,-111293,252912,-1784,44568,60),
('新說話之島村莊',1,33026,-114912,253632,-1496,53036,60),
('新說話之島村莊',1,33202,-114041,252566,-1560,33178,60),
('新說話之島村莊',1,33202,-117733,245272,-2016,20000,60),
('新說話之島村莊',1,33202,-107780,249018,-3200,36125,60),
('新說話之島村莊',1,33202,-109498,237374,-2960,5000,60),
('新說話之島村莊',1,33229,-113856,253680,-1496,32648,60),
('新說話之島村莊',1,32977,-109408,237584,-2952,32768,60),
('新說話之島村莊',1,33180,-109494,237529,-2960,0,60),
('新說話之島村莊',1,33199,-109310,246810,-3008,16383,60),
('新說話之島村莊',1,33448,-107688,248731,-3208,29720,60),
('新說話之島村莊',1,32976,-115090,230813,-1712,19231,60),
('新說話之島村莊',1,33197,-115099,230192,-1648,0,60),
('新說話之島村莊',1,33223,-114723,230366,-1664,16383,60),
('新說話之島村莊',1,33454,-115199,230265,-1656,14052,60),
('新說話之島村莊',1,27457,-110317,253455,-1485,32552,0),
('新說話之島村莊',1,27457,-110324,253565,-1776,33236,0),
('新說話之島村莊',1,27457,-110703,253996,-1792,49700,0),
('新說話之島村莊',1,27457,-110816,253997,-1792,48592,0),
('新說話之島村莊',1,27457,-110922,253996,-1784,49708,0),
('新說話之島村莊',1,27457,-111017,253994,-1776,49316,0),
('新說話之島村莊',1,27457,-111126,253995,-1760,49244,0),
('新說話之島村莊',1,27457,-111444,253355,-1752,0,0),
('新說話之島村莊',1,27457,-111456,253479,-1744,0,0),
('新說話之島村莊',1,27457,-111466,253590,-1720,0,0),
('新說話之島村莊',1,27457,-111476,253710,-1712,0,0),
('新說話之島村莊',1,33219,-105210,247610,-3632,59900,60),
('新說話之島村莊',1,33286,-105274,247584,-3624,64530,60),
('新說話之島村莊',1,33571,-104474,247112,-3760,63193,60),
('新說話之島村莊',1,33572,-104451,248112,-3744,63927,60),
('新說話之島村莊',1,33573,-104670,246355,-3768,7037,60),
('新說話之島村莊',1,33575,-104795,247730,-3672,64056,60),
('新說話之島村莊',1,33107,-122185,240690,-2328,0,60),
('新說話之島村莊',1,33124,-122290,240803,-2328,16384,60),
('新說話之島村莊',1,33202,-122344,240803,-2328,11264,60),
('新說話之島村莊',1,33454,-111700,231758,-3176,16024,60),
('新說話之島村莊',1,32978,-111814,231790,-3160,10875,60),
('新說話之島村莊',1,33181,-115127,237435,-3088,0,60),
('新說話之島村莊',1,33182,-113604,237291,-3040,0,60),
('新說話之島村莊',1,33183,-122230,240870,-2328,0,60),
('新說話之島村莊',1,33185,-110965,232228,-3248,0,60),
('新說話之島村莊',1,33186,-110929,233910,-3192,0,60),
('新說話之島村莊',1,33187,-112443,238616,-2904,0,60),
('新說話之島村莊',1,33188,-112344,240296,-2920,0,60),
('新說話之島村莊',1,33189,-116637,234043,-2896,0,60),
('新說話之島村莊',1,33190,-118412,234069,-2896,0,60),
('新說話之島村莊',1,33191,-118236,239223,-2736,0,60),
('新說話之島村莊',1,33192,-116475,239115,-2768,0,60),
('新說話之島村莊',1,33344,-116205,236409,-3088,0,60),
('新說話之島村莊',1,33397,-113778,226579,-2856,16384,60),
('新說話之島村莊',1,33398,-114883,227669,-2856,16384,60),
('新說話之島村莊',1,33399,-114385,227675,-2856,16384,60),
('新說話之島村莊',1,33400,-113730,227135,-2856,16384,60),
('新說話之島村莊',1,33401,-115275,227493,-2856,32768,60),
('新說話之島村莊',1,33402,-113961,227492,-2856,32768,60),
('新說話之島村莊',1,33403,-115519,227172,-2856,32768,60),
('新說話之島村莊',1,33404,-114036,226182,-2856,32768,60),
('新說話之島村莊',1,33449,-115283,237380,-3088,44710,60),
('新說話之島村莊',1,33450,-118622,233977,-2880,49300,60),
('新說話之島村莊',1,33451,-116530,239219,-2768,6234,60),
('新說話之島村莊',1,33452,-118249,239306,-2736,1063,60),
('新說話之島村莊',1,33453,-110618,238364,-2920,18190,60),
('新說話之島村莊',1,33488,-114647,227058,-2840,16282,60),
('新說話之島村莊',1,33492,-114445,226867,-2840,64600,60),
('新說話之島村莊',1,33549,-114962,226564,-2864,16282,60),
('新說話之島村莊',1,33563,-116021,236167,-3088,5672,60),
('新說話之島村莊',1,33586,-114356,226867,-2856,16384,60),
('新說話之島村莊',1,33586,-114402,227100,-2864,16384,60),
('新說話之島村莊',1,33586,-114434,226582,-2856,16384,60),
('新說話之島村莊',1,33586,-114651,227151,-2856,16384,60),
('新說話之島村莊',1,33586,-114885,226970,-2856,32768,60);

-- 怪物
REPLACE INTO `spawnlist` (`location`, `count`, `npc_templateid`, `locx`, `locy`, `locz`, `heading`, `respawn_delay`) VALUES
('新說話之島村莊',1,20091,-104885,247550,-3664,39596,60),
('新說話之島村莊',1,20091,-113223,246559,-3720,43516,60),
('新說話之島村莊',1,20091,-112765,246309,-3608,24575,60),
('新說話之島村莊',1,20091,-113162,246188,-3680,11811,60),
('新說話之島村莊',1,20091,-112611,246613,-3552,12522,60),
('新說話之島村莊',1,20091,-105607,248857,-3648,6856,60),
('新說話之島村莊',1,20091,-109360,251003,-2792,56944,60),
('新說話之島村莊',1,20091,-109284,246662,-2984,31287,60),
('新說話之島村莊',1,20091,-106575,246943,-3440,17275,60),
('新說話之島村莊',1,20091,-108004,246692,-3288,37279,60),
('新說話之島村莊',1,20091,-109645,247660,-2848,1722,60),
('新說話之島村莊',1,20091,-109707,250875,-2784,58543,60),
('新說話之島村莊',1,20091,-109531,251026,-2760,4577,60),
('新說話之島村莊',1,20091,-109085,248880,-2920,32570,60),
('新說話之島村莊',1,20091,-106540,246840,-3424,15402,60),
('新說話之島村莊',1,20091,-105893,246752,-3464,2343,60),
('新說話之島村莊',1,20091,-105276,247800,-3632,59284,60),
('新說話之島村莊',1,20093,-116058,246734,-3128,60150,60),
('新說話之島村莊',1,20093,-118066,245320,-2000,20309,60),
('新說話之島村莊',1,20093,-117659,246091,-2184,21817,60),
('新說話之島村莊',1,20093,-115659,246468,-3288,59027,60),
('新說話之島村莊',1,20093,-118568,245022,-2016,1763,60),
('新說話之島村莊',1,20093,-121642,243277,-2136,43511,60),
('新說話之島村莊',1,20093,-116182,246833,-3064,59511,60),
('新說話之島村莊',1,20093,-117316,248276,-2032,25947,60),
('新說話之島村莊',1,20093,-117393,247610,-2216,59627,60),
('新說話之島村莊',1,20093,-121274,243122,-2208,1303,60),
('新說話之島村莊',1,20093,-117583,247240,-2296,32767,60),
('新說話之島村莊',1,20093,-120337,243922,-2192,20151,60),
('新說話之島村莊',1,20093,-118438,247982,-2080,53164,60),
('新說話之島村莊',1,20093,-118914,244837,-2040,12737,60),
('新說話之島村莊',1,20093,-117757,248225,-2008,1011,60),
('新說話之島村莊',1,20093,-115876,246649,-3192,47602,60),
('新說話之島村莊',1,20093,-118435,248217,-2040,2198,60),
('新說話之島村莊',1,20093,-117685,248264,-2008,57798,60),
('新說話之島村莊',1,20093,-115812,246610,-3216,41672,60),
('新說話之島村莊',1,20093,-120442,243690,-2216,48228,60),
('新說話之島村莊',1,20093,-117206,247345,-2464,60728,60),
('新說話之島村莊',1,20093,-115718,246520,-3264,60335,60),
('新說話之島村莊',1,20093,-117688,247508,-2240,34007,60),
('新說話之島村莊',1,20094,-118662,244738,-2024,21219,60),
('新說話之島村莊',1,20094,-121564,242861,-2192,53783,60),
('新說話之島村莊',1,20094,-117918,247881,-2152,2878,60),
('新說話之島村莊',1,20094,-117381,245381,-2040,0,60),
('新說話之島村莊',1,20094,-120654,243566,-2216,60494,60),
('新說話之島村莊',1,20094,-120745,243787,-2200,8396,60),
('新說話之島村莊',1,20094,-117687,245516,-2032,39807,60),
('新說話之島村莊',1,20094,-117618,247114,-2312,17565,60),
('新說話之島村莊',1,20094,-117569,248321,-2016,58148,60),
('新說話之島村莊',1,20094,-117504,246043,-2176,7912,60),
('新說話之島村莊',1,20094,-117478,246723,-2304,7082,60),
('新說話之島村莊',1,20094,-118206,248038,-2104,19222,60),
('新說話之島村莊',1,20094,-119521,244395,-2128,17505,60),
('新說話之島村莊',1,20094,-119808,244347,-2120,49153,60),
('新說話之島村莊',1,20094,-119130,244813,-2040,5973,60),
('新說話之島村莊',1,20094,-117846,247383,-2264,48846,60),
('新說話之島村莊',1,20096,-117419,246674,-2304,6927,60),
('新說話之島村莊',1,20096,-119564,244399,-2128,63523,60),
('新說話之島村莊',1,20096,-121555,243211,-2192,43249,60),
('新說話之島村莊',1,20096,-117463,246294,-2240,10223,60),
('新說話之島村莊',1,20096,-119602,244050,-2168,51559,60),
('新說話之島村莊',1,20119,-106329,246838,-3432,6132,60),
('新說話之島村莊',1,20119,-106554,246807,-3424,27465,60),
('新說話之島村莊',1,20119,-109130,248797,-2904,57751,60),
('新說話之島村莊',1,20119,-106258,246682,-3416,41165,60),
('新說話之島村莊',1,20119,-109708,247792,-2808,31308,60),
('新說話之島村莊',1,20119,-108794,246788,-3120,35940,60),
('新說話之島村莊',1,20119,-108324,246879,-3256,63648,60),
('新說話之島村莊',1,20119,-108404,250552,-3072,14324,60),
('新說話之島村莊',1,20119,-113711,245610,-3704,46841,60),
('新說話之島村莊',1,20119,-114501,246129,-3640,39306,60),
('新說話之島村莊',1,20119,-114420,246113,-3656,16085,60),
('新說話之島村莊',1,20119,-114272,245532,-3656,23742,60),
('新說話之島村莊',1,20119,-106018,246726,-3448,18154,60),
('新說話之島村莊',1,20119,-109204,249851,-2944,23742,60),
('新說話之島村莊',1,20119,-104978,247564,-3648,4323,60),
('新說話之島村莊',1,20119,-109122,246728,-3000,14612,60),
('新說話之島村莊',1,20120,-110019,248233,-2704,20189,60),
('新說話之島村莊',1,20120,-106619,247020,-3440,46206,60),
('新說話之島村莊',1,20120,-115864,246264,-3256,57243,60),
('新說話之島村莊',1,20120,-115604,246437,-3304,23944,60),
('新說話之島村莊',1,20120,-109105,248605,-2912,28317,60),
('新說話之島村莊',1,20120,-109562,250631,-2880,52055,60),
('新說話之島村莊',1,20120,-107182,248033,-3296,41683,60),
('新說話之島村莊',1,20120,-108235,250749,-3120,1297,60),
('新說話之島村莊',1,20120,-108879,248059,-3048,9011,60),
('新說話之島村莊',1,20120,-115437,246094,-3376,16090,60),
('新說話之島村莊',1,20120,-115122,246149,-3472,63648,60),
('新說話之島村莊',1,20120,-108440,251112,-2992,39875,60),
('新說話之島村莊',1,20120,-108261,246808,-3256,29204,60),
('新說話之島村莊',1,20120,-105838,248444,-3528,33312,60),
('新說話之島村莊',1,20120,-105759,248498,-3560,39023,60),
('新說話之島村莊',1,20120,-108836,247086,-3152,42267,60),
('新說話之島村莊',1,20151,-106125,247204,-3472,63256,60),
('新說話之島村莊',1,20151,-109710,247807,-2808,7983,60),
('新說話之島村莊',1,20151,-108343,246884,-3248,57139,60),
('新說話之島村莊',1,20151,-109117,246620,-3000,45143,60),
('新說話之島村莊',1,20151,-109060,251061,-2864,21419,60),
('新說話之島村莊',1,20151,-108678,248323,-3112,3145,60),
('新說話之島村莊',1,20151,-106554,247703,-3344,38480,60),
('新說話之島村莊',1,20151,-108128,250872,-3152,11921,60),
('新說話之島村莊',1,20151,-108888,248718,-2664,22382,60),
('新說話之島村莊',1,20151,-109109,246731,-3008,47197,60),
('新說話之島村莊',1,20494,-113272,247302,-3712,36407,60),
('新說話之島村莊',1,20494,-112804,246608,-3640,38293,60),
('新說話之島村莊',1,20494,-112867,246702,-3648,16383,60),
('新說話之島村莊',1,20494,-113537,246323,-3728,6856,60);

-- 「新說話之島村莊」加入新的傳送(尚未加入全價/半價收費的對話)
REPLACE INTO `teleport` (`Description`, `id`, `loc_x`, `loc_y`, `loc_z`, `price`) VALUES
('新說話之島村莊',3300400,-114371,260183,-1192,0),
('新說話之島村莊',3000600,-80684,149770,-3040,0),
('新說話之島村莊',3000601,11167,16012,-4584,0),
('新說話之島村莊',3000602,115357,-178212,-928,0),
('新說話之島村莊',3000603,44734,49210,-3056,0),
('新說話之島村莊',3000604,-44124,-113390,-240,0),
('新說話之島村莊',3000605,-117001,46589,360,0),
('新說話之島村莊',3000606,-14593,123936,-3120,0),
('新說話之島村莊',3000610,-149406,255247,-80,0),
('新說話之島村莊',3312300,-107881,248658,-3224,0),
('新說話之島村莊',3312301,-119592,246398,-1232,0),
('新說話之島村莊',3312302,-114986,226633,-2864,0),
('新說話之島村莊',3264800,83551,147945,-3400,100000),
('新說話之島村莊',3264801,146783,25808,-2008,100000),
('新說話之島村莊',3264802,82971,53207,-1488,100000),
('新說話之島村莊',3264803,43835,-47749,-792,100000),
('新說話之島村莊',3264804,148024,-55281,-2728,100000),
('新說話之島村莊',3264810,-185432,242790,1672,0),
('新說話之島村莊',3264811,33548,145794,-3456,0),
('新說話之島村莊',3319700,-115005,237383,-3088,0),
('新說話之島村莊',3319701,-109294,237397,-2928,0),
('新說話之島村莊',3319702,-122189,241009,-2328,0),
('新說話之島村莊',3319703,-114413,252159,-1592,0),
('新說話之島村莊',3318100,-114675,230171,-1648,0),
('新說話之島村莊',3318200,-118350,233992,-2904,0),
('新說話之島村莊',3318201,-114675,230171,-1648,0),
('新說話之島村莊',3318300,-114675,230171,-1648,0),
('新說話之島村莊',3318500,-114675,230171,-1648,0),
('新說話之島村莊',3318600,-112314,240190,-2920,0),
('新說話之島村莊',3318601,-114675,230171,-1648,0),
('新說話之島村莊',3318700,-118123,239306,-2736,0),
('新說話之島村莊',3318701,-114675,230171,-1648,0),
('新說話之島村莊',3318800,-110980,233774,-3200,0),
('新說話之島村莊',3318801,-114675,230171,-1648,0),
('新說話之島村莊',3318900,-116303,239062,-2736,0),
('新說話之島村莊',3318901,-114675,230171,-1648,0),
('新說話之島村莊',3319000,-115262,237411,-3088,0),
('新說話之島村莊',3319001,-114675,230171,-1648,0),
('新說話之島村莊',3319100,-112382,238710,-2904,0),
('新說話之島村莊',3319101,-114675,230171,-1648,0),
('新說話之島村莊',3319200,-116777,233958,-2896,0),
('新說話之島村莊',3319201,-114675,230171,-1648,0),
('新說話之島村莊',3334400,-114562,227307,-2864,0);

UPDATE `npcaidata` SET `targetable` = 0 WHERE `npcId` IN (32966,32970,33000,33002,33007,33018,33020,33022,33025,33027,33101,33105,33106,33107,33108,33109,33110,33111,33112,33113,33114,33115,33116,33120,33121,33122,33125,33203,33206,33207,33208,33217,33218,33220,33221,33223,33224,33225,33226,33227,33228,33230,33231,33232,33234,33235,33236,33237,33238,33280,33281,33282,33284,33285,33287,33372,33553,33570,33574,33576,33577,19218,33024,33026,33202,33229,33219,33286,33571,33572,33573,33575,33549,33586);
UPDATE `npcaidata` SET `showName` = 0 WHERE `npcId` IN (32966,32970,33000,33002,33007,33018,33020,33022,33025,33027,33101,33105,33106,33107,33108,33109,33110,33111,33112,33113,33114,33115,33116,33120,33121,33122,33125,33203,33206,33207,33208,33217,33218,33220,33221,33223,33224,33225,33226,33227,33228,33230,33231,33232,33234,33235,33236,33237,33238,33280,33281,33282,33284,33285,33287,33372,33553,33570,33574,33576,33577,19218,33024,33026,33202,33229,33219,33286,33571,33572,33573,33575,33549,33586);
UPDATE `npcaidata` SET `targetable` = 0 WHERE `npcId` IN (32961,32962,32963,32964);
UPDATE `npcaidata` SET `targetable` = 0 WHERE `npcId` IN (60000,60001,60002,60003,60004,60005,60006,60007,60008,60009,60010,60011,60012,60013,60014,60015,60016,60017);
UPDATE `npcaidata` SET `showName` = 0 WHERE `npcId` IN (60000,60001,60002,60003,60004,60005,60006,60007,60008,60009,60010,60011,60012,60013,60014,60015,60016,60017,60018,60019,60020,60021,60022,60023,60024,60025);

REPLACE INTO `merchant_shopids` VALUES
(3357900,'33579');
DELETE FROM `merchant_buylists` Where `shop_id` IN (3357900);
REPLACE INTO `merchant_buylists` (`item_id`,`price`,`shop_id`,`order`) VALUES
(2505,7000,3357900,0),
(3439,17000,3357900,1),
(3902,30500,3357900,2),
(3903,50000,3357900,3),
(3904,80000,3357900,4),
(3905,120000,3357900,5),
(3906,175000,3357900,6),
(2506,3060,3357900,7),
(3891,7800,3357900,8),
(3892,14200,3357900,9),
(3893,24100,3357900,10),
(3894,38450,3357900,11),
(3895,58500,3357900,12),
(3896,86000,3357900,13),
(2515,100,3357900,14),
(14818,9000,3357900,15),
(3920,155000,3357900,16),
(3921,210000,3357900,17),
(3922,285000,3357900,18),
(3923,380000,3357900,19),
(5187,1150000,3357900,20),
(5188,1700000,3357900,21),
(5189,2450000,3357900,22),
(5190,3650000,3357900,23),
(5191,5000000,3357900,24),
(3913,86000,3357900,25),
(3914,113000,3357900,26),
(3915,145500,3357900,27),
(3916,186000,3357900,28),
(5182,598500,3357900,29),
(5183,928500,3357900,30),
(5184,1335500,3357900,31),
(5185,2032000,3357900,32),
(5186,2784000,3357900,33),
(4038,150,3357900,34),
(5176,800000,3357900,35),
(5177,1150000,3357900,36),
(5178,1700000,3357900,37),
(5179,2450000,3357900,38),
(5180,3650000,3357900,39),
(5181,5000000,3357900,40),
(5170,412500,3357900,41),
(5171,598500,3357900,42),
(5172,928500,3357900,43),
(5173,1335500,3357900,44),
(5174,2032000,3357900,45),
(5175,2784000,3357900,46),
(5168,200,3357900,47),
(6645,20,3357900,48),
(6646,40,3357900,49),
(6647,100,3357900,50),
(7582,100,3357900,51),
(8541,100000,3357900,52),
(9656,1838000,3357900,53),
(9657,3404500,3357900,54),
(9658,6379000,3357900,55),
(9659,10579500,3357900,56),
(9660,18876000,3357900,57),
(9661,34319000,3357900,58),
(9662,938500,3357900,59),
(9663,1810000,3357900,60),
(9664,3563000,3357900,61),
(9665,6281500,3357900,62),
(9666,12118000,3357900,63),
(9667,24439500,3357900,64),
(9668,1000,3357900,65),
(10515,10000,3357900,66),
(10516,20000,3357900,67),
(10517,50000,3357900,68),
(10425,1000,3357900,69),
(12740,938500,3357900,70),
(12741,1810000,3357900,71),
(12742,3563000,3357900,72),
(12743,6281500,3357900,73),
(12744,12118000,3357900,74),
(12745,24439500,3357900,75),
(12746,1932,3357900,76),
(12747,10091,3357900,77),
(12748,31949,3357900,78),
(12749,78374,3357900,79),
(12750,231417,3357900,80),
(12751,828490,3357900,81),
(12752,2582800,3357900,82);
REPLACE INTO `merchant_shopids` VALUES
(3156300,'31563');
DELETE FROM `merchant_buylists` Where `shop_id` IN (3156300);
REPLACE INTO `merchant_buylists` (`item_id`,`price`,`shop_id`,`order`) VALUES
(7807,50,3156300,0),
(7808,70,3156300,1),
(7809,60,3156300,2),
(6520,120,3156300,3),
(6523,180,3156300,4),
(6526,150,3156300,5),
(8506,120,3156300,6),
(8509,180,3156300,7),
(8512,150,3156300,8),
(8484,240,3156300,9),
(8485,240,3156300,10),
(8486,100,3156300,11),
(6529,30000,3156300,12),
(6530,100000,3156300,13),
(6531,400000,3156300,14),
(6532,1200000,3156300,15),
(6533,4000000,3156300,16),
(6534,10000000,3156300,17),
(7561,100,3156300,18),
(8193,5000,3156300,19),
(8194,5000,3156300,20),
(8195,5000,3156300,21),
(8196,5000,3156300,22),
(8197,5000,3156300,23),
(8198,5000,3156300,24),
(8199,5000,3156300,25),
(8200,5000,3156300,26),
(8202,5000,3156300,27);
DELETE FROM `merchant_buylists` Where `shop_id` IN (3000100,3000101,3000200,3000201,3000400,3014900,3216600);
REPLACE INTO `merchant_buylists` (`item_id`,`price`,`shop_id`,`order`) VALUES
(1,590,3000100,0),
(4,590,3000100,1),
(11,590,3000100,2),
(13,590,3000100,3),
(3,9600,3000100,4),
(152,6200,3000100,5),
(12,9600,3000100,6),
(215,9600,3000100,7),
(14,9600,3000100,8),
(5,9600,3000100,9),
(153,14200,3000100,10),
(1333,41600,3000100,11),
(66,41600,3000100,12),
(67,41600,3000100,13),
(122,41600,3000100,14),
(154,41600,3000100,15),
(216,41600,3000100,16),
(271,41600,3000100,17),
(2,105000,3000100,18),
(218,105000,3000100,19),
(272,105000,3000100,20),
(15,105000,3000100,21),
(5284,188000,3000100,22),
(7,590,3000101,0),
(308,590,3000101,1),
(8,9600,3000101,2),
(99,9600,3000101,3),
(9,41600,3000101,4),
(176,105000,3000101,5),
(310,105000,3000101,6),
(28,71,3000200,0),
(21,112,3000200,1),
(29,1170,3000200,2),
(22,1870,3000200,3),
(30,3820,3000200,4),
(2386,3820,3000200,5),
(23,6120,3000200,6),
(412,9770,3000200,7),
(390,15600,3000200,8),
(24,15600,3000200,9),
(31,9770,3000200,10),
(18,30,3000200,11),
(19,490,3000200,12),
(20,2140,3000200,13),
(102,5470,3000200,14),
(48,27,3000200,15),
(1119,470,3000200,16),
(49,2040,3000200,17),
(50,5210,3000200,18),
(1121,5,3000200,19),
(35,27,3000200,20),
(36,27,3000200,21),
(1129,470,3000200,22),
(1122,470,3000200,23),
(37,2040,3000200,24),
(38,5210,3000200,25),
(41,42,3000200,26),
(42,700,3000200,27),
(43,3060,3000200,28),
(44,7820,3000200,29),
(9577,1300,3000200,30),
(9583,6100,3000200,31),
(462,71,3000201,0),
(426,112,3000201,1),
(1103,1170,3000201,2),
(1100,1870,3000201,3),
(463,1170,3000201,4),
(428,1870,3000201,5),
(464,3820,3000201,6),
(429,6120,3000201,7),
(1104,9770,3000201,8),
(1101,15600,3000201,9),
(18,30,3000201,10),
(19,490,3000201,11),
(20,2140,3000201,12),
(102,5470,3000201,13),
(48,27,3000201,14),
(1119,470,3000201,15),
(49,2040,3000201,16),
(50,5210,3000201,17),
(1121,5,3000201,18),
(35,27,3000201,19),
(36,27,3000201,20),
(1129,470,3000201,21),
(1122,470,3000201,22),
(37,2040,3000201,23),
(38,5210,3000201,24),
(41,42,3000201,25),
(42,700,3000201,26),
(43,3060,3000201,27),
(44,7820,3000201,28),
(9577,1300,3000201,29),
(9583,6100,3000201,30),
(1835,7,3000400,0),
(2509,15,3000400,1),
(3947,35,3000400,2),
(5146,11550,3000400,3),
(5140,4950,3000400,4),
(5134,2300,3000400,5),
(5262,38500,3000400,6),
(5256,16500,3000400,7),
(5250,7700,3000400,8),
(17,2,3000400,9),
(1341,2,3000400,10),
(1060,90,3000400,11),
(1831,75,3000400,12),
(1833,75,3000400,13),
(734,1200,3000400,14),
(735,2400,3000400,15),
(6035,2400,3000400,16),
(736,400,3000400,17),
(737,2000,3000400,18),
(3031,400,3000400,19),
(1785,250,3000400,20),
(5589,100,3000400,21),
(1661,1000,3000400,22),
(5192,100,3000400,23),
(9633,2,3000400,24),
(8622,1300,3000400,25),
(8623,3450,3000400,26),
(8628,1400,3000400,27),
(8629,3400,3000400,28),
(8634,600,3000400,29),
(8635,1400,3000400,30),
(8615,35000,3000400,31),
(32249,1580,3000400,32),
(32250,7320,3000400,33),
(32257,7320,3000400,34),
(118,51,3014900,0),
(906,830,3014900,1),
(907,3600,3014900,2),
(908,9120,3014900,3),
(112,37,3014900,4),
(113,620,3014900,5),
(114,2700,3014900,6),
(115,2700,3014900,7),
(845,6840,3014900,8),
(116,25,3014900,9),
(875,420,3014900,10),
(876,1800,3014900,11),
(877,4560,3014900,12),
(118,51,3216600,0),
(906,830,3216600,1),
(907,3600,3216600,2),
(908,9120,3216600,3),
(112,37,3216600,4),
(113,620,3216600,5),
(114,2700,3216600,6),
(115,2700,3216600,7),
(845,6840,3216600,8),
(116,25,3216600,9),
(875,420,3216600,10),
(876,1800,3216600,11),
(877,4560,3216600,12);