/************ Made in Taiwan ************/

REPLACE INTO `auto_announcements` VALUES
(1,900000,9000000,36000,'新說話之島 NPC 目前仍在持續製作中，請勿回報有關新說話之島 NPC 的不正常或不完整。','false');

DELETE FROM `spawnlist` WHERE `npc_templateid` IN (30484,30487);
INSERT INTO `spawnlist` (location,count,npc_templateid,locx,locy,locz,randomx,randomy,heading,respawn_delay,loc_id,periodOfDay) VALUES
('dion05_npc2021_02',1,30484,17627,114750,-11688,0,0,16384,60,0,0),
('dion05_npc2021_03',1,30487,17821,114750,-11688,0,0,16384,60,0,0);
REPLACE INTO `teleport` VALUES
('Cruma Tower 2nd floor -> Cruma Tower 1st floor',24,17728,114750,-11688,0,0,57);

REPLACE INTO `merchant_shopids` VALUES (10016, 'gm');
REPLACE INTO `merchant_buylists` (`item_id`,`price`,`shop_id`,`order`) VALUES
(19730, 0, 10016, 1),
(19731, 0, 10016, 2),
(19732, 0, 10016, 3),
(19733, 0, 10016, 4),
(19734, 0, 10016, 5),
(19735, 0, 10016, 6),
(19736, 0, 10016, 7),
(19737, 0, 10016, 8),
(19738, 0, 10016, 9),
(19739, 0, 10016, 10),
(19740, 0, 10016, 11),
(17754, 0, 10016, 12),
(19741, 0, 10016, 13),
(19742, 0, 10016, 14),
(19743, 0, 10016, 15),
(19744, 0, 10016, 16),
(19745, 0, 10016, 17),
(19442, 0, 10016, 18),
(19522, 0, 10016, 19),
(19523, 0, 10016, 20),
(19524, 0, 10016, 21),
(19525, 0, 10016, 22),
(19526, 0, 10016, 23),
(19527, 0, 10016, 24),
(19528, 0, 10016, 25),
(19529, 0, 10016, 26),
(19530, 0, 10016, 27),
(19531, 0, 10016, 28),
(19532, 0, 10016, 29),
(18550, 0, 10016, 30),
(19533, 0, 10016, 31),
(19534, 0, 10016, 32),
(19535, 0, 10016, 33),
(19536, 0, 10016, 34),
(19537, 0, 10016, 35),
(17320, 0, 10016, 36);

REPLACE INTO `merchant_shopids` VALUES (10017, 'gm');
REPLACE INTO `merchant_buylists` (`item_id`,`price`,`shop_id`,`order`) VALUES
(19762, 0, 10017, 1),
(19763, 0, 10017, 2),
(19764, 0, 10017, 3),
(19765, 0, 10017, 4),
(19766, 0, 10017, 5),
(19767, 0, 10017, 6),
(19768, 0, 10017, 7),
(19769, 0, 10017, 8),
(19770, 0, 10017, 9),
(19771, 0, 10017, 10),
(19772, 0, 10017, 11),
(17754, 0, 10017, 12),
(19773, 0, 10017, 13),
(19774, 0, 10017, 14),
(19775, 0, 10017, 15),
(19776, 0, 10017, 16),
(19777, 0, 10017, 17),
(19442, 0, 10017, 18),
(19554, 0, 10017, 19),
(19555, 0, 10017, 20),
(19556, 0, 10017, 21),
(19557, 0, 10017, 22),
(19558, 0, 10017, 23),
(19559, 0, 10017, 24),
(19560, 0, 10017, 25),
(19561, 0, 10017, 26),
(19562, 0, 10017, 27),
(19563, 0, 10017, 28),
(19564, 0, 10017, 29),
(18550, 0, 10017, 30),
(19565, 0, 10017, 31),
(19566, 0, 10017, 32),
(19567, 0, 10017, 33),
(19568, 0, 10017, 34),
(19569, 0, 10017, 35),
(17412, 0, 10017, 36);

REPLACE INTO `merchant_shopids` VALUES (10018, 'gm');
REPLACE INTO `merchant_buylists` (`item_id`,`price`,`shop_id`,`order`) VALUES
(19778, 0, 10018, 1),
(19779, 0, 10018, 2),
(19780, 0, 10018, 3),
(19781, 0, 10018, 4),
(19782, 0, 10018, 5),
(19783, 0, 10018, 6),
(19784, 0, 10018, 7),
(19785, 0, 10018, 8),
(19786, 0, 10018, 9),
(19787, 0, 10018, 10),
(19788, 0, 10018, 11),
(17754, 0, 10018, 12),
(19789, 0, 10018, 13),
(19790, 0, 10018, 14),
(19791, 0, 10018, 15),
(19792, 0, 10018, 16),
(19793, 0, 10018, 17),
(19442, 0, 10018, 18),
(19570, 0, 10018, 19),
(19571, 0, 10018, 20),
(19572, 0, 10018, 21),
(19573, 0, 10018, 22),
(19574, 0, 10018, 23),
(19575, 0, 10018, 24),
(19576, 0, 10018, 25),
(19577, 0, 10018, 26),
(19578, 0, 10018, 27),
(19579, 0, 10018, 28),
(19580, 0, 10018, 29),
(18550, 0, 10018, 30),
(19581, 0, 10018, 31),
(19582, 0, 10018, 32),
(19583, 0, 10018, 33),
(19584, 0, 10018, 34),
(19585, 0, 10018, 35),
(17446, 0, 10018, 36);

REPLACE INTO `merchant_shopids` VALUES (10019, 'gm');
REPLACE INTO `merchant_buylists` (`item_id`,`price`,`shop_id`,`order`) VALUES
(33717, 0, 10019, 1),
(33718, 0, 10019, 2),
(33719, 0, 10019, 3),
(33720, 0, 10019, 4),
(33721, 0, 10019, 5),
(33722, 0, 10019, 6),
(33723, 0, 10019, 7),
(33724, 0, 10019, 8),
(33725, 0, 10019, 9),
(33726, 0, 10019, 10),
(33727, 0, 10019, 11),
(33728, 0, 10019, 12),
(33729, 0, 10019, 13),
(33730, 0, 10019, 14),
(33731, 0, 10019, 15),
(33732, 0, 10019, 16),
(33733, 0, 10019, 17),
(33734, 0, 10019, 18),
(33735, 0, 10019, 19),
(33736, 0, 10019, 20),
(33737, 0, 10019, 21),
(33738, 0, 10019, 22),
(33739, 0, 10019, 23),
(33740, 0, 10019, 24),
(33741, 0, 10019, 25),
(33742, 0, 10019, 26),
(33743, 0, 10019, 27),
(33744, 0, 10019, 28),
(33745, 0, 10019, 29),
(33746, 0, 10019, 30),
(33747, 0, 10019, 31),
(33760, 0, 10019, 32),
(33761, 0, 10019, 33),
(33762, 0, 10019, 34),
(33763, 0, 10019, 35),
(33765, 0, 10019, 36);

REPLACE INTO `merchant_shopids` VALUES (10020, 'gm');
REPLACE INTO `merchant_buylists` (`item_id`,`price`,`shop_id`,`order`) VALUES
(17755, 0, 10020, 1),
(17756, 0, 10020, 2),
(17759, 0, 10020, 3),
(17760, 0, 10020, 4),
(17763, 0, 10020, 5),
(17764, 0, 10020, 6),
(17767, 0, 10020, 7),
(17768, 0, 10020, 8),
(17771, 0, 10020, 9),
(17772, 0, 10020, 10),
(17775, 0, 10020, 11),
(17776, 0, 10020, 12),
(17779, 0, 10020, 13),
(17780, 0, 10020, 14),
(17783, 0, 10020, 15),
(17784, 0, 10020, 16),
(17787, 0, 10020, 17),
(17788, 0, 10020, 18),
(17791, 0, 10020, 19),
(17792, 0, 10020, 20),
(17795, 0, 10020, 21),
(17796, 0, 10020, 22),
(17799, 0, 10020, 23),
(17800, 0, 10020, 24),
(17803, 0, 10020, 25),
(17804, 0, 10020, 26),
(17807, 0, 10020, 27),
(17808, 0, 10020, 28),
(17811, 0, 10020, 29),
(17812, 0, 10020, 30),
(17815, 0, 10020, 31),
(17816, 0, 10020, 32);

REPLACE INTO `merchant_shopids` VALUES (10021, 'gm');
REPLACE INTO `merchant_buylists` (`item_id`,`price`,`shop_id`,`order`) VALUES
(19451, 0, 10021, 1),
(19452, 0, 10021, 2),
(19453, 0, 10021, 3),
(19454, 0, 10021, 4),
(19455, 0, 10021, 5),
(19456, 0, 10021, 6),
(19457, 0, 10021, 7),
(19458, 0, 10021, 8),
(19459, 0, 10021, 9),
(19460, 0, 10021, 10),
(19461, 0, 10021, 11),
(19462, 0, 10021, 12),
(19463, 0, 10021, 13),
(19464, 0, 10021, 14);

REPLACE INTO `merchant_shopids` VALUES (10022, 'gm');
REPLACE INTO `merchant_buylists` (`item_id`,`price`,`shop_id`,`order`) VALUES
(17321, 0, 10022, 1),
(17322, 0, 10022, 2),
(17323, 0, 10022, 3),
(19470, 0, 10022, 4),
(19471, 0, 10022, 5),
(19472, 0, 10022, 6),
(17355, 0, 10022, 7),
(17356, 0, 10022, 8),
(17357, 0, 10022, 9),
(19473, 0, 10022, 10),
(19474, 0, 10022, 11),
(19475, 0, 10022, 12),
(17413, 0, 10022, 13),
(17414, 0, 10022, 14),
(17415, 0, 10022, 15),
(19476, 0, 10022, 16),
(19477, 0, 10022, 17),
(19478, 0, 10022, 18),
(17447, 0, 10022, 19),
(17448, 0, 10022, 20),
(17449, 0, 10022, 21),
(19479, 0, 10022, 22),
(19480, 0, 10022, 23),
(19481, 0, 10022, 24),
(17481, 0, 10022, 25),
(17482, 0, 10022, 26),
(17483, 0, 10022, 27),
(30307, 0, 10022, 28),
(30308, 0, 10022, 29),
(30309, 0, 10022, 30);

REPLACE INTO `merchant_shopids` VALUES (10023, 'gm');
REPLACE INTO `merchant_buylists` (`item_id`,`price`,`shop_id`,`order`) VALUES
(30392, 0, 10023, 1),
(30393, 0, 10023, 2),
(30394, 0, 10023, 3),
(30395, 0, 10023, 4),
(30396, 0, 10023, 5),
(30397, 0, 10023, 6),
(30398, 0, 10023, 7),
(30399, 0, 10023, 8),
(30400, 0, 10023, 9),
(30401, 0, 10023, 10),
(30402, 0, 10023, 11),
(30403, 0, 10023, 12),
(30404, 0, 10023, 13),
(30405, 0, 10023, 14);

REPLACE INTO `merchant_shopids` VALUES (10024, 'gm');
REPLACE INTO `merchant_buylists` (`item_id`,`price`,`shop_id`,`order`) VALUES
(19938, 0, 10024, 1),
(19939, 0, 10024, 2),
(19940, 0, 10024, 3),
(19941, 0, 10024, 4),
(19942, 0, 10024, 5),
(19943, 0, 10024, 6),
(19944, 0, 10024, 7),
(19945, 0, 10024, 8),
(19946, 0, 10024, 9),
(19947, 0, 10024, 10),
(19948, 0, 10024, 11),
(19949, 0, 10024, 12),
(19950, 0, 10024, 13),
(19951, 0, 10024, 14),
(19952, 0, 10024, 15),
(19953, 0, 10024, 16),
(19954, 0, 10024, 17),
(19955, 0, 10024, 18),
(19956, 0, 10024, 19),
(19957, 0, 10024, 20),
(19958, 0, 10024, 21),
(19959, 0, 10024, 22),
(19960, 0, 10024, 23),
(19961, 0, 10024, 24),
(19962, 0, 10024, 25),
(19963, 0, 10024, 26),
(19964, 0, 10024, 27),
(19965, 0, 10024, 28),
(19966, 0, 10024, 29),
(19967, 0, 10024, 30),
(19968, 0, 10024, 31),
(19969, 0, 10024, 32),
(19970, 0, 10024, 33),
(19971, 0, 10024, 34),
(19972, 0, 10024, 35),
(19973, 0, 10024, 36),
(19974, 0, 10024, 37),
(19975, 0, 10024, 38),
(19976, 0, 10024, 39),
(19977, 0, 10024, 40),
(19978, 0, 10024, 41),
(19979, 0, 10024, 42);

REPLACE INTO `merchant_shopids` VALUES (10025, 'gm');
REPLACE INTO `merchant_buylists` (`item_id`,`price`,`shop_id`,`order`) VALUES
(30022, 0, 10025, 1),
(30023, 0, 10025, 2),
(30024, 0, 10025, 3),
(30025, 0, 10025, 4),
(30026, 0, 10025, 5),
(30027, 0, 10025, 6),
(30028, 0, 10025, 7),
(30029, 0, 10025, 8),
(30030, 0, 10025, 9),
(30031, 0, 10025, 10),
(30032, 0, 10025, 11),
(30033, 0, 10025, 12),
(30034, 0, 10025, 13),
(30035, 0, 10025, 14),
(30036, 0, 10025, 15),
(30037, 0, 10025, 16),
(30038, 0, 10025, 17),
(30039, 0, 10025, 18),
(30040, 0, 10025, 19),
(30041, 0, 10025, 20),
(30042, 0, 10025, 21),
(30043, 0, 10025, 22),
(30044, 0, 10025, 23),
(30045, 0, 10025, 24),
(30046, 0, 10025, 25),
(30047, 0, 10025, 26),
(30048, 0, 10025, 27),
(30049, 0, 10025, 28),
(30050, 0, 10025, 29),
(30051, 0, 10025, 30),
(30052, 0, 10025, 31),
(30053, 0, 10025, 32),
(30054, 0, 10025, 33),
(30055, 0, 10025, 34),
(30056, 0, 10025, 35),
(30057, 0, 10025, 36),
(30058, 0, 10025, 37),
(30059, 0, 10025, 38),
(30060, 0, 10025, 39),
(30061, 0, 10025, 40),
(30062, 0, 10025, 41),
(30063, 0, 10025, 42);

REPLACE INTO `merchant_shopids` VALUES (10026, 'gm');
REPLACE INTO `merchant_buylists` (`item_id`,`price`,`shop_id`,`order`) VALUES
(30106, 0, 10026, 1),
(30107, 0, 10026, 2),
(30108, 0, 10026, 3),
(30109, 0, 10026, 4),
(30110, 0, 10026, 5),
(30111, 0, 10026, 6),
(30112, 0, 10026, 7),
(30113, 0, 10026, 8),
(30114, 0, 10026, 9),
(30115, 0, 10026, 10),
(30116, 0, 10026, 11),
(30117, 0, 10026, 12),
(30118, 0, 10026, 13),
(30119, 0, 10026, 14),
(30120, 0, 10026, 15),
(30121, 0, 10026, 16),
(30122, 0, 10026, 17),
(30123, 0, 10026, 18),
(30124, 0, 10026, 19),
(30125, 0, 10026, 20),
(30126, 0, 10026, 21),
(30127, 0, 10026, 22),
(30128, 0, 10026, 23),
(30129, 0, 10026, 24),
(30130, 0, 10026, 25),
(30131, 0, 10026, 26),
(30132, 0, 10026, 27),
(30133, 0, 10026, 28),
(30134, 0, 10026, 29),
(30135, 0, 10026, 30),
(30136, 0, 10026, 31),
(30137, 0, 10026, 32),
(30138, 0, 10026, 33),
(30139, 0, 10026, 34),
(30140, 0, 10026, 35),
(30141, 0, 10026, 36),
(30142, 0, 10026, 37),
(30143, 0, 10026, 38),
(30144, 0, 10026, 39),
(30145, 0, 10026, 40),
(30146, 0, 10026, 41),
(30147, 0, 10026, 42);

REPLACE INTO `merchant_shopids` VALUES (10027, 'gm');
REPLACE INTO `merchant_buylists` (`item_id`,`price`,`shop_id`,`order`) VALUES
(30190, 0, 10027, 1),
(30191, 0, 10027, 2),
(30192, 0, 10027, 3),
(30193, 0, 10027, 4),
(30194, 0, 10027, 5),
(30195, 0, 10027, 6),
(30196, 0, 10027, 7),
(30197, 0, 10027, 8),
(30198, 0, 10027, 9),
(30199, 0, 10027, 10),
(30200, 0, 10027, 11),
(30201, 0, 10027, 12),
(30202, 0, 10027, 13),
(30203, 0, 10027, 14),
(30204, 0, 10027, 15),
(30205, 0, 10027, 16),
(30206, 0, 10027, 17),
(30207, 0, 10027, 18),
(30208, 0, 10027, 19),
(30209, 0, 10027, 20),
(30210, 0, 10027, 21),
(30211, 0, 10027, 22),
(30212, 0, 10027, 23),
(30213, 0, 10027, 24),
(30214, 0, 10027, 25),
(30215, 0, 10027, 26),
(30216, 0, 10027, 27),
(30217, 0, 10027, 28),
(30218, 0, 10027, 29),
(30219, 0, 10027, 30),
(30220, 0, 10027, 31),
(30221, 0, 10027, 32),
(30222, 0, 10027, 33),
(30223, 0, 10027, 34),
(30224, 0, 10027, 35),
(30225, 0, 10027, 36),
(30226, 0, 10027, 37),
(30227, 0, 10027, 38),
(30228, 0, 10027, 39),
(30229, 0, 10027, 40),
(30230, 0, 10027, 41),
(30231, 0, 10027, 42);

REPLACE INTO `merchant_shopids` VALUES (10028, 'gm');
REPLACE INTO `merchant_buylists` (`item_id`,`price`,`shop_id`,`order`) VALUES
(17754, 0, 10028, 1),
(19441, 0, 10028, 2),
(19442, 0, 10028, 3),
(18550, 0, 10028, 4),
(19443, 0, 10028, 5),
(17526, 0, 10028, 6),
(17527, 0, 10028, 7),
(19447, 0, 10028, 8),
(19448, 0, 10028, 9),
(17371, 0, 10028, 10),
(19440, 0, 10028, 11),
(18564, 0, 10028, 12),
(18565, 0, 10028, 13),
(18566, 0, 10028, 14),
(18569, 0, 10028, 15),
(18570, 0, 10028, 16),
(18571, 0, 10028, 17),
(18574, 0, 10028, 18),
(18575, 0, 10028, 19),
(18576, 0, 10028, 20),
(19166, 0, 10028, 21),
(19167, 0, 10028, 22),
(19168, 0, 10028, 23),
(8599, 0, 10028, 24),
(22425, 0, 10028, 25),
(22426, 0, 10028, 26),
(22427, 0, 10028, 27),
(33478, 0, 10028, 28),
(22428, 0, 10028, 29),
(22429, 0, 10028, 30),
(22430, 0, 10028, 31),
(33479, 0, 10028, 32),
(17697, 0, 10028, 33),
(17698, 0, 10028, 34),
(17699, 0, 10028, 35),
(17700, 0, 10028, 36),
(17701, 0, 10028, 37),
(17702, 0, 10028, 38);

REPLACE INTO `merchant_shopids` VALUES (10029, 'gm');
REPLACE INTO `merchant_buylists` (`item_id`,`price`,`shop_id`,`order`) VALUES
(19124, 0, 10029, 1),
(19125, 0, 10029, 2),
(19126, 0, 10029, 3),
(19127, 0, 10029, 4),
(19128, 0, 10029, 5),
(19129, 0, 10029, 6),
(19130, 0, 10029, 7),
(19131, 0, 10029, 8),
(19132, 0, 10029, 9),
(19133, 0, 10029, 10),
(19134, 0, 10029, 11),
(19135, 0, 10029, 12),
(19136, 0, 10029, 13),
(19137, 0, 10029, 14),
(19138, 0, 10029, 15),
(19139, 0, 10029, 16),
(19140, 0, 10029, 17),
(19141, 0, 10029, 18),
(19142, 0, 10029, 19),
(19143, 0, 10029, 20),
(19144, 0, 10029, 21),
(19145, 0, 10029, 22),
(19146, 0, 10029, 23),
(19147, 0, 10029, 24),
(19148, 0, 10029, 25),
(19149, 0, 10029, 26),
(19150, 0, 10029, 27),
(19151, 0, 10029, 28),
(19152, 0, 10029, 29),
(19153, 0, 10029, 30),
(19154, 0, 10029, 31),
(19155, 0, 10029, 32),
(19156, 0, 10029, 33),
(19157, 0, 10029, 34),
(19158, 0, 10029, 35),
(19159, 0, 10029, 36),
(19160, 0, 10029, 37),
(19161, 0, 10029, 38),
(19162, 0, 10029, 39),
(19163, 0, 10029, 40),
(19164, 0, 10029, 41),
(19165, 0, 10029, 42);

REPLACE INTO `merchant_shopids` VALUES (10030, 'gm');
REPLACE INTO `merchant_buylists` (`item_id`,`price`,`shop_id`,`order`) VALUES
(19714, 0, 10030, 1),
(19715, 0, 10030, 2),
(19716, 0, 10030, 3),
(19717, 0, 10030, 4),
(19718, 0, 10030, 5),
(19719, 0, 10030, 6),
(19720, 0, 10030, 7),
(19721, 0, 10030, 8),
(19722, 0, 10030, 9),
(19723, 0, 10030, 10),
(19724, 0, 10030, 11),
(17754, 0, 10030, 12),
(19725, 0, 10030, 13),
(19726, 0, 10030, 14),
(19727, 0, 10030, 15),
(19728, 0, 10030, 16),
(19729, 0, 10030, 17),
(19442, 0, 10030, 18),
(19922, 0, 10030, 19),
(19923, 0, 10030, 20),
(19924, 0, 10030, 21),
(19925, 0, 10030, 22),
(19926, 0, 10030, 23),
(19927, 0, 10030, 24),
(19928, 0, 10030, 25),
(19929, 0, 10030, 26),
(19930, 0, 10030, 27),
(19931, 0, 10030, 28),
(19932, 0, 10030, 29),
(18550, 0, 10030, 30),
(19933, 0, 10030, 31),
(19934, 0, 10030, 32),
(19935, 0, 10030, 33),
(19936, 0, 10030, 34),
(19937, 0, 10030, 35),
(17480, 0, 10030, 36);

REPLACE INTO `merchant_shopids` VALUES (10031, 'gm');
REPLACE INTO `merchant_buylists` (`item_id`,`price`,`shop_id`,`order`) VALUES
(19746, 0, 10031, 1),
(19747, 0, 10031, 2),
(19748, 0, 10031, 3),
(19749, 0, 10031, 4),
(19750, 0, 10031, 5),
(19751, 0, 10031, 6),
(19752, 0, 10031, 7),
(19753, 0, 10031, 8),
(19754, 0, 10031, 9),
(19755, 0, 10031, 10),
(19756, 0, 10031, 11),
(17754, 0, 10031, 12),
(19757, 0, 10031, 13),
(19758, 0, 10031, 14),
(19759, 0, 10031, 15),
(19760, 0, 10031, 16),
(19761, 0, 10031, 17),
(19442, 0, 10031, 18),
(19538, 0, 10031, 19),
(19539, 0, 10031, 20),
(19540, 0, 10031, 21),
(19541, 0, 10031, 22),
(19542, 0, 10031, 23),
(19543, 0, 10031, 24),
(19544, 0, 10031, 25),
(19545, 0, 10031, 26),
(19546, 0, 10031, 27),
(19547, 0, 10031, 28),
(19548, 0, 10031, 29),
(18550, 0, 10031, 30),
(19549, 0, 10031, 31),
(19550, 0, 10031, 32),
(19551, 0, 10031, 33),
(19552, 0, 10031, 34),
(19553, 0, 10031, 35),
(17354, 0, 10031, 36);

REPLACE INTO `merchant_shopids` VALUES (10032, 'gm');
REPLACE INTO `merchant_buylists` (`item_id`,`price`,`shop_id`,`order`) VALUES
(30310, 0, 10032, 1),
(30311, 0, 10032, 2),
(30312, 0, 10032, 3),
(30313, 0, 10032, 4),
(30314, 0, 10032, 5),
(30315, 0, 10032, 6),
(30316, 0, 10032, 7),
(30317, 0, 10032, 8);

-- 「精靈村莊」刪除舊的 NPC
DELETE FROM `spawnlist` WHERE `npc_templateid` IN (30146,30147,30148,30149,30150,30151,30152,30153,30154,30155,30156,30157,30158,30216,30217,30218,30219,30220,30221,30222,30223,30284,30285,30361,30362,30363,30370,30400,30414,30599,30991,31031,31358,31359,31563,31688,31769,31780,31781,31848,32478,32529,32783,35230);
-- 「精靈村莊」加入新的 NPC
REPLACE INTO `npc` (`id`, `idTemplate`, `name`, `title`, `class`, `collision_radius`, `collision_height`, `level`, `type`, `attackrange`, `hp`, `mp`, `hpreg`, `mpreg`, `patk`, `pdef`, `matk`, `mdef`, `atkspd`, `critical`, `matkspd`, `rhand`, `walkspd`, `runspd`, `basestats`) VALUES
(30146,30146,'30146','','',28,40,85,'L2Teleporter',40,6680,2486,10,5,1200,400,900,300,329,4,210,0,50,120,1);
REPLACE INTO `npcaidata` (`npcId`, `aiType`) VALUES
(30146,'balanced');
REPLACE INTO `npc_elementals` VALUES
(30146,0,0,20,20,20,20,20,20);
REPLACE INTO `spawnlist` (`location`, `count`, `npc_templateid`, `locx`, `locy`, `locz`, `heading`, `respawn_delay`) VALUES
('精靈村莊',1,30146,45173,48889,-3056,0,60);
-- 「精靈村莊」加入新的傳送(尚未加入全價/半價收費的對話)
REPLACE INTO `teleport` (`Description`, `id`, `loc_x`, `loc_y`, `loc_z`, `price`) VALUES
('精靈村莊',3014600,-14593,123936,-3120,0),
('精靈村莊',3014601,115357,-178212,-928,0),
('精靈村莊',3014602,-111988,257240,-1376,0),
('精靈村莊',3014603,-44124,-113390,-240,0),
('精靈村莊',3014604,-117001,46589,360,0),
('精靈村莊',3014605,21362,51122,-3688,0),
('精靈村莊',3014606,29294,74968,-3776,0),
('精靈村莊',3014607,-10612,75881,-3592,0);


-- 「黑暗精靈村莊」刪除舊的 NPC
DELETE FROM `spawnlist` WHERE `npc_templateid` IN (30129,30130,30131,30132,30133,30134,30135,30136,30137,30138,30139,30140,30141,30143,30144,30145,30224,30305,30307,30346,30347,30348,30349,30350,30351,30352,30353,30354,30355,30356,30357,30358,30359,30360,30600,31031,31034,31360,31361,31564,31688,31770,31777,31778,31779,32478,32783,35231);
-- 「黑暗精靈村莊」加入新的 NPC
REPLACE INTO `npc` (`id`, `idTemplate`, `name`, `title`, `class`, `collision_radius`, `collision_height`, `level`, `type`, `attackrange`, `hp`, `mp`, `hpreg`, `mpreg`, `patk`, `pdef`, `matk`, `mdef`, `atkspd`, `critical`, `matkspd`, `rhand`, `walkspd`, `runspd`, `basestats`) VALUES
(30134,30134,'30134','','',28,40,85,'L2Teleporter',40,4228,2038,10,5,1200,400,900,300,299,4,398,0,1,120,1);
REPLACE INTO `npcaidata` (`npcId`, `aiType`) VALUES
(30134,'balanced');
REPLACE INTO `npc_elementals` VALUES
(30134,0,0,20,20,20,20,20,20);
REPLACE INTO `spawnlist` (`location`, `count`, `npc_templateid`, `locx`, `locy`, `locz`, `heading`, `respawn_delay`) VALUES
('黑暗精靈村莊',1,30134,11171,15932,-4584,0,60);
-- 「黑暗精靈村莊」加入新的傳送(尚未加入全價/半價收費的對話)
REPLACE INTO `teleport` (`Description`, `id`, `loc_x`, `loc_y`, `loc_z`, `price`) VALUES
('黑暗精靈村莊',3013400,-14593,123936,-3120,0),
('黑暗精靈村莊',3013401,115357,-178212,-928,0),
('黑暗精靈村莊',3013402,-111988,257240,-1376,0),
('黑暗精靈村莊',3013403,-44124,-113390,-240,0),
('黑暗精靈村莊',3013404,-117001,46589,360,0),
('黑暗精靈村莊',3013405,-15826,30477,-3616,0),
('黑暗精靈村莊',3013406,-61095,75104,-3352,0),
('黑暗精靈村莊',3013407,-10612,75881,-3592,0);


-- 「矮人村莊」刪除舊的 NPC
DELETE FROM `spawnlist` WHERE `npc_templateid` IN (30516,30517,30518,30519,30520,30521,30522,30523,30524,30525,30526,30527,30528,30529,30530,30531,30532,30533,30534,30535,30536,30537,30538,30539,30540,30541,30542,30543,30544,30545,30546,30547,30548,30550,30553,30554,30555,30601,30650,30651,30671,31031,31035,31362,31363,31566,31688,31772,31782,31783,32478,32486,32783,35644);
-- 「矮人村莊」加入新的 NPC
REPLACE INTO `npc` (`id`, `idTemplate`, `name`, `title`, `class`, `collision_radius`, `collision_height`, `level`, `type`, `attackrange`, `hp`, `mp`, `hpreg`, `mpreg`, `patk`, `pdef`, `matk`, `mdef`, `atkspd`, `critical`, `matkspd`, `rhand`, `walkspd`, `runspd`, `basestats`) VALUES
(30540,30540,'30540','','',28,40,85,'L2Teleporter',40,4228,2038,10,5,1200,400,900,300,299,4,398,0,1,120,1);
REPLACE INTO `npcaidata` (`npcId`, `aiType`) VALUES
(30540,'balanced');
REPLACE INTO `npc_elementals` VALUES
(30540,0,0,20,20,20,20,20,20);
REPLACE INTO `spawnlist` (`location`, `count`, `npc_templateid`, `locx`, `locy`, `locz`, `heading`, `respawn_delay`) VALUES
('矮人村莊',1,30540,115441,-178117,-928,0,60);
-- 「矮人村莊」加入新的傳送(尚未加入全價/半價收費的對話)
REPLACE INTO `teleport` (`Description`, `id`, `loc_x`, `loc_y`, `loc_z`, `price`) VALUES
('矮人村莊',3054000,-14593,123936,-3120,0),
('矮人村莊',3054001,87126,-143520,-1288,0),
('矮人村莊',3054002,11167,16012,-4584,0),
('矮人村莊',3054003,-111988,257240,-1376,0),
('矮人村莊',3054004,44734,49210,-3056,0),
('矮人村莊',3054005,-44124,-113390,-240,0),
('矮人村莊',3054006,-117001,46589,360,0),
('矮人村莊',3054007,139714,-177456,-1536,0),
('矮人村莊',3054008,169008,-208272,-3496,0),
('矮人村莊',3054009,136910,-205082,-3664,0),
('矮人村莊',3054010,171946,-173352,3440,0),
('矮人村莊',3054011,178591,-184615,-360,0);

-- 「半獸人村莊」刪除舊的 NPC
DELETE FROM `spawnlist` WHERE `npc_templateid` IN (30558,30559,30560,30561,30562,30563,30564,30565,30566,30567,30568,30569,30570,30571,30572,30573,30575,30576,30577,30578,30579,30580,30581,30582,30583,30584,30585,30587,30602,31031,31364,31365,31424,31565,31688,31771,31784,31785,31786,32478,32783,35645);
-- 「半獸人村莊」加入新的 NPC
REPLACE INTO `npc` (`id`, `idTemplate`, `name`, `title`, `class`, `collision_radius`, `collision_height`, `level`, `type`, `attackrange`, `hp`, `mp`, `hpreg`, `mpreg`, `patk`, `pdef`, `matk`, `mdef`, `atkspd`, `critical`, `matkspd`, `rhand`, `walkspd`, `runspd`, `basestats`) VALUES
(30576,30576,'30576','','',28,40,85,'L2Teleporter',40,4228,2038,10,5,1200,400,900,300,299,4,398,0,1,120,1);
REPLACE INTO `npcaidata` (`npcId`, `aiType`) VALUES
(30576,'balanced');
REPLACE INTO `npc_elementals` VALUES
(30576,0,0,20,20,20,20,20,20);
REPLACE INTO `spawnlist` (`location`, `count`, `npc_templateid`, `locx`, `locy`, `locz`, `heading`, `respawn_delay`) VALUES
('半獸人村莊',1,30576,-43964,-113389,-232,0,60);
-- 「半獸人村莊」加入新的傳送(尚未加入全價/半價收費的對話)
REPLACE INTO `teleport` (`Description`, `id`, `loc_x`, `loc_y`, `loc_z`, `price`) VALUES
('半獸人村莊',3057600,-14593,123936,-3120,0),
('半獸人村莊',3057601,87126,-143520,-1288,0),
('半獸人村莊',3057602,11167,16012,-4584,0),
('半獸人村莊',3057603,115357,-178212,-928,0),
('半獸人村莊',3057604,-111988,257240,-1376,0),
('半獸人村莊',3057605,44734,49210,-3056,0),
('半獸人村莊',3057606,-117001,46589,360,0),
('半獸人村莊',3057607,-4190,-80040,-2696,0),
('半獸人村莊',3057608,-10983,-117484,-2464,0),
('半獸人村莊',3057609,9340,-112509,-2536,0),
('半獸人村莊',3057610,8652,-139941,-1144,0);

-- 「闇天使村莊」刪除舊的 NPC
DELETE FROM `spawnlist` WHERE `npc_templateid` IN (31688,31690,32133,32134,32135,32136,32137,32138,32139,32140,32141,32142,32143,32144,32145,32146,32147,32148,32149,32150,32151,32152,32153,32154,32155,32156,32157,32158,32159,32160,32161,32162,32163,32164,32165,32166,32167,32170,32171,32172,32173,32174,32175,32176,32177,32178,32179,32180,32335,32337,32338,32339,32340,32348,32469,32478,32783,36456);
-- 「闇天使村莊」加入新的 NPC
REPLACE INTO `npc` (`id`, `idTemplate`, `name`, `title`, `class`, `collision_radius`, `collision_height`, `level`, `type`, `attackrange`, `hp`, `mp`, `hpreg`, `mpreg`, `patk`, `pdef`, `matk`, `mdef`, `atkspd`, `critical`, `matkspd`, `rhand`, `walkspd`, `runspd`, `basestats`) VALUES
(32163,32163,'32163','','',28,40,85,'L2Teleporter',40,4228,2038,10,5,1200,400,900,300,299,4,398,0,1,120,1);
REPLACE INTO `npcaidata` (`npcId`, `aiType`) VALUES
(32163,'balanced');
REPLACE INTO `npc_elementals` VALUES
(32163,0,0,20,20,20,20,20,20);
REPLACE INTO `spawnlist` (`location`, `count`, `npc_templateid`, `locx`, `locy`, `locz`, `heading`, `respawn_delay`) VALUES
('闇天使村莊',1,32163,-116882,46565,360,0,60);
-- 「闇天使村莊」加入新的傳送(尚未加入全價/半價收費的對話)
REPLACE INTO `teleport` (`Description`, `id`, `loc_x`, `loc_y`, `loc_z`, `price`) VALUES
('闇天使村莊',3216300,-14593,123936,-3120,0),
('闇天使村莊',3216301,146783,25808,-2008,0),
('闇天使村莊',3216302,-111988,257240,-1376,0),
('闇天使村莊',3216303,11167,16012,-4584,0),
('闇天使村莊',3216304,44734,49210,-3056,0),
('闇天使村莊',3216305,115357,-178212,-928,0),
('闇天使村莊',3216306,-44124,-113390,-240,0),
('闇天使村莊',3216307,-122410,73205,-2872,0),
('闇天使村莊',3216308,-95540,52150,-2024,0),
('闇天使村莊',3216309,-85928,37095,-2048,0),
('闇天使村莊',3216310,-73983,51956,-3680,0);

-- 「新說話之島村莊」刪除舊的 NPC
DELETE FROM `spawnlist` WHERE `npc_templateid` IN (18342,20006,20016,20093,20096,20098,20101,20103,20106,20108,20120,20121,20130,20131,20132,20326,20342,20343,20432,20442,20481,20544,20545,27003,27004,27005,27102,30001,30002,30003,30004,30005,30006,30008,30009,30017,30019,30026,30027,30028,30029,30031,30032,30033,30035,30036,30039,30040,30041,30042,30043,30044,30045,30046,30047,30048,30049,30050,30051,30054,30055,30283,30311,30312,30368,30405,30406,30407,30408,30427,30429,30497,30598,30635,30667,30733,31031,31032,31356,31357,31413,31562,31688,31690,31757,31775,31776,32478,35103);
-- 「新說話之島村莊」加入新的 NPC
REPLACE INTO `npc` (`id`, `idTemplate`, `name`, `title`, `class`, `collision_radius`, `collision_height`, `level`, `type`, `attackrange`, `hp`, `mp`, `hpreg`, `mpreg`, `patk`, `pdef`, `matk`, `mdef`, `atkspd`, `critical`, `matkspd`, `rhand`, `walkspd`, `runspd`, `basestats`) VALUES
(32972,32972,'32972','','',8.7,26.5,85,'L2Teleporter',40,7324,2797,10,5,1200,400,900,300,299,4,398,0,50,120,1),
(19152,19152,'19152','','',8,24,85,'L2Npc',40,258,133,10,5,1200,400,900,300,279,4,334,129,50,100,1),
(19152,19152,'19152','','',8,24,85,'L2Npc',40,258,133,10,5,1200,400,900,300,279,4,334,129,50,100,1),
(19153,19153,'19153','','',12,25,85,'L2Npc',40,258,133,10,5,1200,400,900,300,279,4,334,0,35,120,1),
(32138,32138,'32138','','',18,28,85,'L2Npc',40,4228,2038,10,5,1200,400,900,300,299,4,398,0,20,120,1),
(33004,33004,'33004','','',12,25,85,'L2Teleporter',40,7324,2797,10,5,1200,400,900,300,299,4,398,0,35,120,1),
(33111,33111,'33111','','',8,23,85,'L2Npc',40,7324,2797,10,5,1200,400,900,300,299,4,398,15304,50,130,1),
(33112,33112,'33112','','',8,23.5,85,'L2Npc',40,7324,2797,10,5,1200,400,900,300,299,4,398,0,50,100,1),
(33124,33124,'33124','','',8,17.5,85,'L2Npc',40,7324,2797,10,5,1200,400,900,300,299,4,398,0,20,50,1),
(33193,33193,'33193','','',8,24,85,'L2Npc',40,7324,2797,10,5,1200,400,900,300,299,4,398,0,50,100,1),
(33372,33372,'33372','','',13,22.5,85,'L2Npc',40,7324,2797,10,5,1200,400,900,300,299,4,398,0,60,160,1),
(33372,33372,'33372','','',13,22.5,85,'L2Npc',40,7324,2797,10,5,1200,400,900,300,299,4,398,0,60,160,1),
(33372,33372,'33372','','',13,22.5,85,'L2Npc',40,7324,2797,10,5,1200,400,900,300,299,4,398,0,60,160,1),
(33372,33372,'33372','','',13,22.5,85,'L2Npc',40,7324,2797,10,5,1200,400,900,300,299,4,398,0,60,160,1),
(33372,33372,'33372','','',13,22.5,85,'L2Npc',40,7324,2797,10,5,1200,400,900,300,299,4,398,0,60,160,1),
(33372,33372,'33372','','',13,22.5,85,'L2Npc',40,7324,2797,10,5,1200,400,900,300,299,4,398,0,60,160,1),
(33477,33477,'33477','','',13,25,85,'L2Npc',40,7324,2797,10,5,1200,400,900,300,299,4,398,9646,28,120,1),
(33480,33480,'33480','','',13,25,85,'L2Npc',40,7324,2797,10,5,1200,400,900,300,299,4,398,9646,39,120,1),
(33481,33481,'33481','','',13,25,85,'L2Npc',40,7324,2797,10,5,1200,400,900,300,299,4,398,9646,39,120,1),
(33482,33482,'33482','','',13,25,85,'L2Npc',40,7324,2797,10,5,1200,400,900,300,299,4,398,9646,39,120,1),
(33483,33483,'33483','','',13,25,85,'L2Npc',40,7324,2797,10,5,1200,400,900,300,299,4,398,9646,39,120,1),
(33484,33484,'33484','','',13,25,85,'L2Npc',40,7324,2797,10,5,1200,400,900,300,299,4,398,9646,39,120,1),
(33485,33485,'33485','','',13,25,85,'L2Npc',40,7324,2797,10,5,1200,400,900,300,299,4,398,9646,39,120,1),
(33486,33486,'33486','','',13,25,85,'L2Npc',40,7324,2797,10,5,1200,400,900,300,299,4,398,9646,39,120,1),
(33487,33487,'33487','','',13,22.5,85,'L2Npc',40,7324,2797,10,5,1200,400,900,300,299,4,398,9644,60,120,1),
(33576,33576,'33576','','',8,25.3,85,'L2Npc',40,7324,2797,10,5,1200,400,900,300,299,4,398,15304,50,160,1),
(33577,33577,'33577','','',13,25,85,'L2Npc',40,7324,2797,10,5,1200,400,900,300,299,4,398,15304,50,80,1);

REPLACE INTO `npcaidata` (`npcId`, `aiType`) VALUES
(32972,'balanced'),
(32138,'balanced'),
(33004,'balanced'),
(33111,'balanced'),
(33112,'balanced'),
(33372,'balanced'),
(33477,'balanced'),
(33480,'balanced'),
(33481,'balanced'),
(33482,'balanced'),
(33483,'balanced'),
(33484,'balanced'),
(33485,'balanced'),
(33486,'balanced'),
(33487,'balanced'),
(33576,'balanced'),
(33577,'balanced');

REPLACE INTO `npc_elementals` VALUES
(32972,0,0,20,20,20,20,20,20),
(32138,0,0,20,20,20,20,20,20),
(33004,0,0,20,20,20,20,20,20),
(33111,0,0,20,20,20,20,20,20),
(33112,0,0,20,20,20,20,20,20),
(33372,0,0,20,20,20,20,20,20),
(33372,0,0,20,20,20,20,20,20),
(33372,0,0,20,20,20,20,20,20),
(33372,0,0,20,20,20,20,20,20),
(33372,0,0,20,20,20,20,20,20),
(33372,0,0,20,20,20,20,20,20),
(33477,0,0,20,20,20,20,20,20),
(33480,0,0,20,20,20,20,20,20),
(33481,0,0,20,20,20,20,20,20),
(33482,0,0,20,20,20,20,20,20),
(33483,0,0,20,20,20,20,20,20),
(33484,0,0,20,20,20,20,20,20),
(33485,0,0,20,20,20,20,20,20),
(33486,0,0,20,20,20,20,20,20),
(33487,0,0,20,20,20,20,20,20),
(33576,0,0,20,20,20,20,20,20),
(33577,0,0,20,20,20,20,20,20);

REPLACE INTO `spawnlist` (`location`, `count`, `npc_templateid`, `locx`, `locy`, `locz`, `heading`, `respawn_delay`) VALUES
('新說話之島村莊',1,32972,-114371,260304,-1176,49472,60),
('新說話之島村莊',1,32138,-113713,244682,-7944,31000,60),
('新說話之島村莊',1,33004,-114710,245444,-7968,49152,60),
('新說話之島村莊',1,33111,-115320,244460,-7968,49186,60),
('新說話之島村莊',1,33112,-113962,244734,-7968,55800,60),
('新說話之島村莊',1,33193,-114014,247680,-7872,13665,60),
('新說話之島村莊',1,33372,-113719,244582,-7952,31000,60),
('新說話之島村莊',1,33372,-113721,244788,-7952,31000,60),
('新說話之島村莊',1,33372,-113728,244829,-7960,31000,60),
('新說話之島村莊',1,33372,-113728,244872,-7968,31000,60),
('新說話之島村莊',1,33372,-113732,244550,-7960,31000,60),
('新說話之島村莊',1,33372,-113744,244516,-7968,31000,60),
('新說話之島村莊',1,33477,-114711,243564,-7944,16000,60),
('新說話之島村莊',1,33480,-114809,243578,-7952,16000,60),
('新說話之島村莊',1,33481,-114845,243591,-7960,16000,60),
('新說話之島村莊',1,33482,-114869,243608,-7968,16000,60),
('新說話之島村莊',1,33483,-114612,243580,-7952,16000,60),
('新說話之島村莊',1,33484,-114577,243593,-7960,16000,60),
('新說話之島村莊',1,33485,-114541,243597,-7968,16000,60),
('新說話之島村莊',1,33486,-114602,243798,-7968,21592,60),
('新說話之島村莊',1,33487,-114632,243825,-7968,54537,60),
('新說話之島村莊',1,33576,-115390,244574,-7968,49178,60),
('新說話之島村莊',1,33577,-115456,244618,-7968,48838,60);

-- 「新說話之島村莊」加入新的傳送(尚未加入全價/半價收費的對話)
REPLACE INTO `teleport` (`Description`, `id`, `loc_x`, `loc_y`, `loc_z`, `price`) VALUES
('- Tauti -',3297200,-114711,243911,-7968,0),
('- Tauti -',3300400,-114371,260183,-1192,0);