/************ Made in Taiwan ************/

/************ 增加商店基本型武器/防具/飾品的販賣 ************/
REPLACE INTO merchant_shopids VALUES
(3029402,'30294'),
(3023002,'30230'),
(3023003,'30230'),
(3023102,'30231'),
(3068402,'30684'),
(3068403,'30684'),
(3083402,'30834'),
(3083702,'30837'),
(3083703,'30837'),
(3083802,'30838'),
(3083803,'30838'),
(3084102,'30841'),
(3084201,'30842'),
(3089102,'30891'),
(3089103,'30891'),
(3016301,'30163'),
(3016401,'30164'),
(3016502,'30165'),
(3125602,'31256'),
(3125603,'31256'),
(3125702,'31257'),
(3125703,'31257'),
(3125802,'31258'),
(3125803,'31258'),
(3125902,'31259'),
(3125903,'31259'),
(3126001,'31260'),
(3126101,'31261'),
(3130002,'31300'),
(3130003,'31300'),
(3130102,'31301'),
(3130103,'31301'),
(3130202,'31302'),
(3130203,'31302'),
(3130302,'31303'),
(3130303,'31303'),
(3130401,'31304'),
(3130501,'31305');

Delete From merchant_buylists Where shop_id in (3029402,3023002,3023003,3023102,3068402,3068403,3083402,3083702,3083703,3083802,3083803,3084102,3084201,3089102,3089103,3016301,3016401,3016502,3125602,3125603,3125702,3125703,3125802,3125803,3125902,3125903,3126001,3126101,3130002,3130003,3130102,3130103,3130202,3130203,3130302,3130303,3130401,3130501);
INSERT INTO `merchant_buylists` (`item_id`,`price`,`shop_id`,`order`) VALUES
-- 30294
(12312,-1,3029402,0),
(12311,-1,3029402,1),
(12313,-1,3029402,2),

-- 30230
(12014,-1,3023002,0),
(12008,-1,3023002,1),
(12012,-1,3023002,2),
(12015,-1,3023002,3),
(12020,-1,3023002,4),
(12021,-1,3023002,5),
(12031,-1,3023002,6),
(12041,-1,3023002,7),
(12013,-1,3023002,8),
(12025,-1,3023002,9),
(12007,-1,3023002,10),
(12016,-1,3023002,11),
(12006,-1,3023002,12),
(12029,-1,3023002,13),
(12009,-1,3023002,14),
(12028,-1,3023002,15),
(12042,-1,3023002,16),
(12043,-1,3023002,17),
(12011,-1,3023003,0),
(12010,-1,3023003,1),
(12017,-1,3023003,2),
(12022,-1,3023003,3),
(12019,-1,3023003,4),
(12018,-1,3023003,5),
(12048,-1,3023003,6),
(12047,-1,3023003,7),
(12013,-1,3023003,8),
(12025,-1,3023003,9),
(12007,-1,3023003,10),
(12016,-1,3023003,11),
(12006,-1,3023003,12),
(12029,-1,3023003,13),
(12009,-1,3023003,14),
(12028,-1,3023003,15),

-- 30231
(12312,-1,3023102,0),
(12311,-1,3023102,1),
(12313,-1,3023102,2),

-- 30684
(11614,-1,3068402,0),
(11605,-1,3068402,1),
(11613,-1,3068402,2),
(11617,-1,3068402,3),
(11606,-1,3068402,4),
(11623,-1,3068402,5),
(11626,-1,3068402,6),
(11618,-1,3068402,7),
(11622,-1,3068402,8),
(11635,-1,3068402,9),
(11646,-1,3068402,10),
(11632,-1,3068402,11),
(11629,-1,3068402,12),
(11647,-1,3068402,13),
(11631,-1,3068402,14),
(11608,-1,3068402,15),
(11642,-1,3068402,16),
(11610,-1,3068403,0),
(11619,-1,3068403,1),
(11611,-1,3068403,2),
(11612,-1,3068403,3),
(11609,-1,3068403,4),
(11627,-1,3068403,5),
(11630,-1,3068403,6),
(11634,-1,3068403,7),
(11633,-1,3068403,8),
(11637,-1,3068403,9),
(11655,-1,3068403,10),
(11656,-1,3068403,11),
(11657,-1,3068403,12),
(11662,-1,3068403,13),
(11664,-1,3068403,14),
(11672,-1,3068403,15),

-- 30834
(11610,-1,3083402,0),
(11619,-1,3083402,1),
(11612,-1,3083402,2),
(11609,-1,3083402,3),
(11627,-1,3083402,4),
(11630,-1,3083402,5),
(11634,-1,3083402,6),
(11633,-1,3083402,7),
(11637,-1,3083402,8),
(11655,-1,3083402,9),
(11656,-1,3083402,10),
(11657,-1,3083402,11),
(11662,-1,3083402,12),
(11664,-1,3083402,13),
(11672,-1,3083402,14),
(11660,-1,3083402,15),
(11663,-1,3083402,16),
(11678,-1,3083402,17),
(11676,-1,3083402,18),
(11693,-1,3083402,19),
(11709,-1,3083402,20),
(11715,-1,3083402,21),
(11732,-1,3083402,22),
(11737,-1,3083402,23),
(11729,-1,3083402,24),
(11731,-1,3083402,25),
(12011,-1,3083402,26),
(12010,-1,3083402,27),
(12017,-1,3083402,28),
(12022,-1,3083402,29),
(12019,-1,3083402,30),
(12018,-1,3083402,31),
(12048,-1,3083402,32),
(12047,-1,3083402,33),
(12058,-1,3083402,34),
(12057,-1,3083402,35),
(12083,-1,3083402,36),
(12013,-1,3083402,37),
(12025,-1,3083402,38),
(12051,-1,3083402,39),
(12069,-1,3083402,40),
(12063,-1,3083402,41),
(12073,-1,3083402,42),
(12078,-1,3083402,43),
(12007,-1,3083402,44),
(12016,-1,3083402,45),
(12038,-1,3083402,46),
(12068,-1,3083402,47),
(12046,-1,3083402,48),
(12037,-1,3083402,49),
(12055,-1,3083402,50),
(12061,-1,3083402,51),
(12072,-1,3083402,52),
(12076,-1,3083402,53),
(12082,-1,3083402,54),
(12006,-1,3083402,55),
(12029,-1,3083402,56),
(12033,-1,3083402,57),
(12070,-1,3083402,58),
(12035,-1,3083402,59),
(12045,-1,3083402,60),
(12053,-1,3083402,61),
(12062,-1,3083402,62),
(12071,-1,3083402,63),
(12075,-1,3083402,64),
(12077,-1,3083402,65),
(12009,-1,3083402,66),
(12028,-1,3083402,67),
(12050,-1,3083402,68),
(12064,-1,3083402,69),
(12079,-1,3083402,70),

-- 30837
(11614,-1,3083702,0),
(11605,-1,3083702,1),
(11613,-1,3083702,2),
(11617,-1,3083702,3),
(11606,-1,3083702,4),
(11623,-1,3083702,5),
(11626,-1,3083702,6),
(11618,-1,3083702,7),
(11622,-1,3083702,8),
(11635,-1,3083702,9),
(11646,-1,3083702,10),
(11632,-1,3083702,11),
(11629,-1,3083702,12),
(11647,-1,3083702,13),
(11631,-1,3083702,14),
(11608,-1,3083702,15),
(11642,-1,3083702,16),
(11675,-1,3083702,17),
(11756,-1,3083702,18),
(11765,-1,3083702,19),
(11751,-1,3083702,20),
(11750,-1,3083702,21),
(11761,-1,3083702,22),
(11755,-1,3083702,23),
(11768,-1,3083702,24),
(11767,-1,3083702,25),
(11762,-1,3083702,26),
(11747,-1,3083702,27),
(11763,-1,3083702,28),
(11759,-1,3083702,29),
(11760,-1,3083702,30),
(11749,-1,3083702,31),
(11783,-1,3083702,32),
(11794,-1,3083702,33),
(11789,-1,3083702,34),
(11778,-1,3083702,35),
(11788,-1,3083702,36),
(11777,-1,3083702,37),
(11782,-1,3083702,38),
(11790,-1,3083702,39),
(11775,-1,3083702,40),
(11776,-1,3083702,41),
(11821,-1,3083702,42),
(11807,-1,3083702,43),
(11820,-1,3083702,44),
(11801,-1,3083702,45),
(11815,-1,3083702,46),
(11816,-1,3083702,47),
(11800,-1,3083702,48),
(11803,-1,3083702,49),
(11826,-1,3083702,50),
(11827,-1,3083702,51),
(11814,-1,3083702,52),
(11813,-1,3083702,53),
(11822,-1,3083702,54),
(11830,-1,3083702,55),
(11832,-1,3083702,56),
(11853,-1,3083702,57),
(11863,-1,3083702,58),
(11856,-1,3083702,59),
(11857,-1,3083702,60),
(11839,-1,3083702,61),
(11858,-1,3083702,62),
(11843,-1,3083702,63),
(11840,-1,3083702,64),
(11610,-1,3083703,0),
(11619,-1,3083703,1),
(11611,-1,3083703,2),
(11612,-1,3083703,3),
(11609,-1,3083703,4),
(11627,-1,3083703,5),
(11630,-1,3083703,6),
(11634,-1,3083703,7),
(11633,-1,3083703,8),
(11637,-1,3083703,9),
(11655,-1,3083703,10),
(11656,-1,3083703,11),
(11657,-1,3083703,12),
(11662,-1,3083703,13),
(11664,-1,3083703,14),
(11672,-1,3083703,15),
(11764,-1,3083703,16),
(11757,-1,3083703,17),
(11748,-1,3083703,18),
(11779,-1,3083703,19),
(11792,-1,3083703,20),
(11793,-1,3083703,21),
(11829,-1,3083703,22),
(11805,-1,3083703,23),
(11802,-1,3083703,24),
(11799,-1,3083703,25),
(11804,-1,3083703,26),
(11806,-1,3083703,27),
(11817,-1,3083703,28),
(11825,-1,3083703,29),
(11819,-1,3083703,30),
(11824,-1,3083703,31),
(11828,-1,3083703,32),
(11833,-1,3083703,33),
(11850,-1,3083703,34),
(11859,-1,3083703,35),
(11842,-1,3083703,36),
(11838,-1,3083703,37),
(11855,-1,3083703,38),

-- 30838
(12014,-1,3083802,0),
(12008,-1,3083802,1),
(12015,-1,3083802,2),
(12012,-1,3083802,3),
(12020,-1,3083802,4),
(12021,-1,3083802,5),
(12024,-1,3083802,6),
(12032,-1,3083802,7),
(12030,-1,3083802,8),
(12031,-1,3083802,9),
(12041,-1,3083802,10),
(12034,-1,3083802,11),
(12023,-1,3083802,12),
(12044,-1,3083802,13),
(12049,-1,3083802,14),
(12039,-1,3083802,15),
(12043,-1,3083802,16),
(12042,-1,3083802,17),
(12036,-1,3083802,18),
(12060,-1,3083802,19),
(12059,-1,3083802,20),
(12056,-1,3083802,21),
(12054,-1,3083802,22),
(12052,-1,3083802,23),
(12081,-1,3083802,24),
(12080,-1,3083802,25),
(12074,-1,3083802,26),
(12013,-1,3083802,27),
(12025,-1,3083802,28),
(12051,-1,3083802,29),
(12069,-1,3083802,30),
(12063,-1,3083802,31),
(12073,-1,3083802,32),
(12078,-1,3083802,33),
(12007,-1,3083802,34),
(12016,-1,3083802,35),
(12038,-1,3083802,36),
(12068,-1,3083802,37),
(12037,-1,3083802,38),
(12055,-1,3083802,39),
(12061,-1,3083802,40),
(12072,-1,3083802,41),
(12076,-1,3083802,42),
(12006,-1,3083802,43),
(12029,-1,3083802,44),
(12033,-1,3083802,45),
(12070,-1,3083802,46),
(12035,-1,3083802,47),
(12053,-1,3083802,48),
(12062,-1,3083802,49),
(12071,-1,3083802,50),
(12075,-1,3083802,51),
(12077,-1,3083802,52),
(12009,-1,3083802,53),
(12028,-1,3083802,54),
(12050,-1,3083802,55),
(12079,-1,3083802,56),
(12085,-1,3083802,57),
(12095,-1,3083802,58),
(12094,-1,3083802,59),
(12086,-1,3083802,60),
(12091,-1,3083802,61),
(12084,-1,3083802,62),
(12093,-1,3083802,63),
(12101,-1,3083802,64),
(12088,-1,3083802,65),
(12089,-1,3083802,66),
(12087,-1,3083802,67),
(12092,-1,3083802,68),
(12096,-1,3083802,69),
(12128,-1,3083802,70),
(12144,-1,3083802,71),
(12135,-1,3083802,72),
(12107,-1,3083802,73),
(12129,-1,3083802,74),
(12126,-1,3083802,75),
(12143,-1,3083802,76),
(12109,-1,3083802,77),
(12111,-1,3083802,78),
(12130,-1,3083802,79),
(12106,-1,3083802,80),
(12127,-1,3083802,81),
(12120,-1,3083802,82),
(12145,-1,3083802,83),
(12108,-1,3083802,84),
(12116,-1,3083802,85),
(12112,-1,3083802,86),
(12119,-1,3083802,87),
(12131,-1,3083802,88),
(12134,-1,3083802,89),
(12141,-1,3083802,90),
(12137,-1,3083802,91),
(12118,-1,3083802,92),
(12114,-1,3083802,93),
(12125,-1,3083802,94),
(12132,-1,3083802,95),
(12136,-1,3083802,96),
(12142,-1,3083802,97),
(12110,-1,3083802,98),
(12113,-1,3083802,99),
(12133,-1,3083802,100),
(12011,-1,3083803,0),
(12010,-1,3083803,1),
(12017,-1,3083803,2),
(12022,-1,3083803,3),
(12019,-1,3083803,4),
(12018,-1,3083803,5),
(12048,-1,3083803,6),
(12047,-1,3083803,7),
(12013,-1,3083803,8),
(12025,-1,3083803,9),
(12063,-1,3083803,10),
(12007,-1,3083803,11),
(12016,-1,3083803,12),
(12046,-1,3083803,13),
(12065,-1,3083803,14),
(12122,-1,3083803,15),
(12006,-1,3083803,16),
(12029,-1,3083803,17),
(12045,-1,3083803,18),
(12066,-1,3083803,19),
(12121,-1,3083803,20),
(12009,-1,3083803,21),
(12028,-1,3083803,22),
(12099,-1,3083803,23),
(12100,-1,3083803,24),
(12098,-1,3083803,25),
(12097,-1,3083803,26),
(12115,-1,3083803,27),
(12124,-1,3083803,28),
(12139,-1,3083803,29),
(12123,-1,3083803,30),
(12138,-1,3083803,31),

-- 30841
(12312,-1,3084102,0),
(12311,-1,3084102,1),
(12313,-1,3084102,2),
(12326,-1,3084102,3),
(12328,-1,3084102,4),
(12327,-1,3084102,5),
(12331,-1,3084102,6),
(12329,-1,3084102,7),
(12330,-1,3084102,8),
(12333,-1,3084102,9),
(12332,-1,3084102,10),
(12334,-1,3084102,11),
(12337,-1,3084102,12),
(12335,-1,3084102,13),
(12336,-1,3084102,14),

-- 30842
(12312,-1,3084201,0),
(12311,-1,3084201,1),
(12313,-1,3084201,2),
(12326,-1,3084201,3),
(12328,-1,3084201,4),
(12327,-1,3084201,5),
(12331,-1,3084201,6),
(12329,-1,3084201,7),
(12330,-1,3084201,8),
(12333,-1,3084201,9),
(12332,-1,3084201,10),
(12334,-1,3084201,11),
(12337,-1,3084201,12),
(12335,-1,3084201,13),
(12336,-1,3084201,14),

-- 30891
(11614,-1,3089102,0),
(11605,-1,3089102,1),
(11613,-1,3089102,2),
(11617,-1,3089102,3),
(11606,-1,3089102,4),
(11623,-1,3089102,5),
(11626,-1,3089102,6),
(11618,-1,3089102,7),
(11622,-1,3089102,8),
(11635,-1,3089102,9),
(11643,-1,3089102,10),
(11646,-1,3089102,11),
(11632,-1,3089102,12),
(11640,-1,3089102,13),
(11629,-1,3089102,14),
(11645,-1,3089102,15),
(11647,-1,3089102,16),
(11631,-1,3089102,17),
(11667,-1,3089102,18),
(11675,-1,3089102,19),
(11670,-1,3089102,20),
(11673,-1,3089102,21),
(11659,-1,3089102,22),
(11666,-1,3089102,23),
(11671,-1,3089102,24),
(11661,-1,3089102,25),
(11714,-1,3089102,26),
(11685,-1,3089102,27),
(11706,-1,3089102,28),
(11683,-1,3089102,29),
(11708,-1,3089102,30),
(11710,-1,3089102,31),
(11711,-1,3089102,32),
(11713,-1,3089102,33),
(11712,-1,3089102,34),
(11686,-1,3089102,35),
(11703,-1,3089102,36),
(11608,-1,3089102,37),
(11642,-1,3089102,38),
(11665,-1,3089102,39),
(11691,-1,3089102,40),
(11625,-1,3089102,41),
(11736,-1,3089102,42),
(11727,-1,3089102,43),
(11726,-1,3089102,44),
(11730,-1,3089102,45),
(11728,-1,3089102,46),
(11725,-1,3089102,47),
(11733,-1,3089102,48),
(11610,-1,3089103,0),
(11619,-1,3089103,1),
(11611,-1,3089103,2),
(11612,-1,3089103,3),
(11609,-1,3089103,4),
(11627,-1,3089103,5),
(11630,-1,3089103,6),
(11634,-1,3089103,7),
(11633,-1,3089103,8),
(11637,-1,3089103,9),
(11655,-1,3089103,10),
(11656,-1,3089103,11),
(11657,-1,3089103,12),
(11662,-1,3089103,13),
(11664,-1,3089103,14),
(11672,-1,3089103,15),
(11660,-1,3089103,16),
(11663,-1,3089103,17),
(11678,-1,3089103,18),
(11676,-1,3089103,19),
(11693,-1,3089103,20),
(11696,-1,3089103,21),
(11692,-1,3089103,22),
(11709,-1,3089103,23),
(11715,-1,3089103,24),
(11732,-1,3089103,25),
(11737,-1,3089103,26),
(11729,-1,3089103,27),
(11731,-1,3089103,28),

-- 30163
(11610,-1,3016301,0),
(11619,-1,3016301,1),
(11611,-1,3016301,2),
(11612,-1,3016301,3),
(11609,-1,3016301,4),
(11627,-1,3016301,5),
(11630,-1,3016301,6),
(11634,-1,3016301,7),
(11633,-1,3016301,8),
(11637,-1,3016301,9),
(11655,-1,3016301,10),
(11656,-1,3016301,11),
(11657,-1,3016301,12),
(11662,-1,3016301,13),
(11664,-1,3016301,14),
(11672,-1,3016301,15),
(11660,-1,3016301,16),
(11663,-1,3016301,17),
(11678,-1,3016301,18),
(11676,-1,3016301,19),
(11693,-1,3016301,20),
(11696,-1,3016301,21),
(11692,-1,3016301,22),
(11709,-1,3016301,23),
(11715,-1,3016301,24),
(11732,-1,3016301,25),
(11737,-1,3016301,26),
(11729,-1,3016301,27),
(11731,-1,3016301,28),

-- 30164
(12011,-1,3016401,0),
(12010,-1,3016401,1),
(12017,-1,3016401,2),
(12022,-1,3016401,3),
(12019,-1,3016401,4),
(12018,-1,3016401,5),
(12048,-1,3016401,6),
(12047,-1,3016401,7),
(12058,-1,3016401,8),
(12057,-1,3016401,9),
(12083,-1,3016401,10),
(12013,-1,3016401,11),
(12025,-1,3016401,12),
(12051,-1,3016401,13),
(12069,-1,3016401,14),
(12063,-1,3016401,15),
(12073,-1,3016401,16),
(12078,-1,3016401,17),
(12007,-1,3016401,18),
(12016,-1,3016401,19),
(12038,-1,3016401,20),
(12068,-1,3016401,21),
(12046,-1,3016401,22),
(12065,-1,3016401,23),
(12072,-1,3016401,24),
(12076,-1,3016401,25),
(12082,-1,3016401,26),
(12006,-1,3016401,27),
(12029,-1,3016401,28),
(12033,-1,3016401,29),
(12070,-1,3016401,30),
(12045,-1,3016401,31),
(12066,-1,3016401,32),
(12071,-1,3016401,33),
(12075,-1,3016401,34),
(12077,-1,3016401,35),
(12009,-1,3016401,36),
(12028,-1,3016401,37),
(12050,-1,3016401,38),
(12079,-1,3016401,39),

-- 30165
(12312,-1,3016502,0),
(12315,-1,3016502,1),
(12317,-1,3016502,2),
(12320,-1,3016502,3),
(12311,-1,3016502,4),
(12314,-1,3016502,5),
(12318,-1,3016502,6),
(12322,-1,3016502,7),
(12313,-1,3016502,8),
(12316,-1,3016502,9),
(12319,-1,3016502,10),
(12321,-1,3016502,11),
(12325,-1,3016502,12),
(12323,-1,3016502,13),
(12324,-1,3016502,14),

-- 31256
(11614,-1,3125602,0),
(11605,-1,3125602,1),
(11613,-1,3125602,2),
(11617,-1,3125602,3),
(11606,-1,3125602,4),
(11623,-1,3125602,5),
(11626,-1,3125602,6),
(11618,-1,3125602,7),
(11622,-1,3125602,8),
(11635,-1,3125602,9),
(11643,-1,3125602,10),
(11646,-1,3125602,11),
(11632,-1,3125602,12),
(11640,-1,3125602,13),
(11629,-1,3125602,14),
(11645,-1,3125602,15),
(11647,-1,3125602,16),
(11631,-1,3125602,17),
(11667,-1,3125602,18),
(11675,-1,3125602,19),
(11670,-1,3125602,20),
(11673,-1,3125602,21),
(11659,-1,3125602,22),
(11666,-1,3125602,23),
(11671,-1,3125602,24),
(11661,-1,3125602,25),
(11714,-1,3125602,26),
(11685,-1,3125602,27),
(11706,-1,3125602,28),
(11683,-1,3125602,29),
(11708,-1,3125602,30),
(11710,-1,3125602,31),
(11711,-1,3125602,32),
(11713,-1,3125602,33),
(11712,-1,3125602,34),
(11686,-1,3125602,35),
(11703,-1,3125602,36),
(11608,-1,3125602,37),
(11642,-1,3125602,38),
(11665,-1,3125602,39),
(11691,-1,3125602,40),
(11625,-1,3125602,41),
(11736,-1,3125602,42),
(11727,-1,3125602,43),
(11726,-1,3125602,44),
(11730,-1,3125602,45),
(11728,-1,3125602,46),
(11725,-1,3125602,47),
(11733,-1,3125602,48),
(11610,-1,3125603,0),
(11619,-1,3125603,1),
(11611,-1,3125603,2),
(11612,-1,3125603,3),
(11609,-1,3125603,4),
(11627,-1,3125603,5),
(11630,-1,3125603,6),
(11634,-1,3125603,7),
(11633,-1,3125603,8),
(11637,-1,3125603,9),
(11655,-1,3125603,10),
(11656,-1,3125603,11),
(11657,-1,3125603,12),
(11662,-1,3125603,13),
(11664,-1,3125603,14),
(11672,-1,3125603,15),
(11660,-1,3125603,16),
(11663,-1,3125603,17),
(11678,-1,3125603,18),
(11676,-1,3125603,19),
(11693,-1,3125603,20),
(11696,-1,3125603,21),
(11692,-1,3125603,22),
(11709,-1,3125603,23),
(11715,-1,3125603,24),
(11732,-1,3125603,25),
(11737,-1,3125603,26),
(11729,-1,3125603,27),
(11731,-1,3125603,28),

-- 31257
(11614,-1,3125702,0),
(11605,-1,3125702,1),
(11613,-1,3125702,2),
(11617,-1,3125702,3),
(11606,-1,3125702,4),
(11623,-1,3125702,5),
(11626,-1,3125702,6),
(11618,-1,3125702,7),
(11622,-1,3125702,8),
(11635,-1,3125702,9),
(11643,-1,3125702,10),
(11646,-1,3125702,11),
(11632,-1,3125702,12),
(11640,-1,3125702,13),
(11629,-1,3125702,14),
(11645,-1,3125702,15),
(11647,-1,3125702,16),
(11631,-1,3125702,17),
(11667,-1,3125702,18),
(11675,-1,3125702,19),
(11670,-1,3125702,20),
(11673,-1,3125702,21),
(11659,-1,3125702,22),
(11666,-1,3125702,23),
(11671,-1,3125702,24),
(11661,-1,3125702,25),
(11714,-1,3125702,26),
(11685,-1,3125702,27),
(11706,-1,3125702,28),
(11683,-1,3125702,29),
(11708,-1,3125702,30),
(11710,-1,3125702,31),
(11711,-1,3125702,32),
(11713,-1,3125702,33),
(11712,-1,3125702,34),
(11686,-1,3125702,35),
(11703,-1,3125702,36),
(11608,-1,3125702,37),
(11642,-1,3125702,38),
(11665,-1,3125702,39),
(11691,-1,3125702,40),
(11625,-1,3125702,41),
(11736,-1,3125702,42),
(11727,-1,3125702,43),
(11726,-1,3125702,44),
(11730,-1,3125702,45),
(11728,-1,3125702,46),
(11725,-1,3125702,47),
(11733,-1,3125702,48),
(11610,-1,3125703,0),
(11619,-1,3125703,1),
(11611,-1,3125703,2),
(11612,-1,3125703,3),
(11609,-1,3125703,4),
(11627,-1,3125703,5),
(11630,-1,3125703,6),
(11634,-1,3125703,7),
(11633,-1,3125703,8),
(11637,-1,3125703,9),
(11655,-1,3125703,10),
(11656,-1,3125703,11),
(11657,-1,3125703,12),
(11662,-1,3125703,13),
(11664,-1,3125703,14),
(11672,-1,3125703,15),
(11660,-1,3125703,16),
(11663,-1,3125703,17),
(11678,-1,3125703,18),
(11676,-1,3125703,19),
(11693,-1,3125703,20),
(11696,-1,3125703,21),
(11692,-1,3125703,22),
(11709,-1,3125703,23),
(11715,-1,3125703,24),
(11732,-1,3125703,25),
(11737,-1,3125703,26),
(11729,-1,3125703,27),
(11731,-1,3125703,28),

-- 31258
(12014,-1,3125802,0),
(12008,-1,3125802,1),
(12015,-1,3125802,2),
(12012,-1,3125802,3),
(12020,-1,3125802,4),
(12021,-1,3125802,5),
(12024,-1,3125802,6),
(12032,-1,3125802,7),
(12030,-1,3125802,8),
(12031,-1,3125802,9),
(12041,-1,3125802,10),
(12034,-1,3125802,11),
(12023,-1,3125802,12),
(12044,-1,3125802,13),
(12049,-1,3125802,14),
(12039,-1,3125802,15),
(12043,-1,3125802,16),
(12042,-1,3125802,17),
(12036,-1,3125802,18),
(12060,-1,3125802,19),
(12059,-1,3125802,20),
(12056,-1,3125802,21),
(12054,-1,3125802,22),
(12052,-1,3125802,23),
(12081,-1,3125802,24),
(12080,-1,3125802,25),
(12074,-1,3125802,26),
(12013,-1,3125802,27),
(12025,-1,3125802,28),
(12051,-1,3125802,29),
(12069,-1,3125802,30),
(12073,-1,3125802,31),
(12078,-1,3125802,32),
(12007,-1,3125802,33),
(12016,-1,3125802,34),
(12038,-1,3125802,35),
(12068,-1,3125802,36),
(12037,-1,3125802,37),
(12072,-1,3125802,38),
(12076,-1,3125802,39),
(12006,-1,3125802,40),
(12029,-1,3125802,41),
(12033,-1,3125802,42),
(12070,-1,3125802,43),
(12035,-1,3125802,44),
(12071,-1,3125802,45),
(12075,-1,3125802,46),
(12077,-1,3125802,47),
(12009,-1,3125802,48),
(12028,-1,3125802,49),
(12050,-1,3125802,50),
(12079,-1,3125802,51),
(12011,-1,3125803,0),
(12010,-1,3125803,1),
(12017,-1,3125803,2),
(12022,-1,3125803,3),
(12019,-1,3125803,4),
(12018,-1,3125803,5),
(12048,-1,3125803,6),
(12047,-1,3125803,7),
(12058,-1,3125803,8),
(12057,-1,3125803,9),
(12083,-1,3125803,10),
(12013,-1,3125803,11),
(12025,-1,3125803,12),
(12051,-1,3125803,13),
(12069,-1,3125803,14),
(12063,-1,3125803,15),
(12073,-1,3125803,16),
(12078,-1,3125803,17),
(12007,-1,3125803,18),
(12016,-1,3125803,19),
(12038,-1,3125803,20),
(12068,-1,3125803,21),
(12046,-1,3125803,22),
(12065,-1,3125803,23),
(12072,-1,3125803,24),
(12076,-1,3125803,25),
(12082,-1,3125803,26),
(12006,-1,3125803,27),
(12029,-1,3125803,28),
(12033,-1,3125803,29),
(12070,-1,3125803,30),
(12045,-1,3125803,31),
(12066,-1,3125803,32),
(12071,-1,3125803,33),
(12075,-1,3125803,34),
(12077,-1,3125803,35),
(12009,-1,3125803,36),
(12028,-1,3125803,37),
(12050,-1,3125803,38),
(12079,-1,3125803,39),

-- 31259
(12014,-1,3125902,0),
(12008,-1,3125902,1),
(12015,-1,3125902,2),
(12012,-1,3125902,3),
(12020,-1,3125902,4),
(12021,-1,3125902,5),
(12024,-1,3125902,6),
(12032,-1,3125902,7),
(12030,-1,3125902,8),
(12031,-1,3125902,9),
(12041,-1,3125902,10),
(12034,-1,3125902,11),
(12023,-1,3125902,12),
(12044,-1,3125902,13),
(12049,-1,3125902,14),
(12039,-1,3125902,15),
(12043,-1,3125902,16),
(12042,-1,3125902,17),
(12036,-1,3125902,18),
(12060,-1,3125902,19),
(12059,-1,3125902,20),
(12056,-1,3125902,21),
(12054,-1,3125902,22),
(12052,-1,3125902,23),
(12081,-1,3125902,24),
(12080,-1,3125902,25),
(12074,-1,3125902,26),
(12013,-1,3125902,27),
(12025,-1,3125902,28),
(12051,-1,3125902,29),
(12069,-1,3125902,30),
(12073,-1,3125902,31),
(12078,-1,3125902,32),
(12007,-1,3125902,33),
(12016,-1,3125902,34),
(12038,-1,3125902,35),
(12068,-1,3125902,36),
(12037,-1,3125902,37),
(12072,-1,3125902,38),
(12076,-1,3125902,39),
(12006,-1,3125902,40),
(12029,-1,3125902,41),
(12033,-1,3125902,42),
(12070,-1,3125902,43),
(12035,-1,3125902,44),
(12071,-1,3125902,45),
(12075,-1,3125902,46),
(12077,-1,3125902,47),
(12009,-1,3125902,48),
(12028,-1,3125902,49),
(12050,-1,3125902,50),
(12079,-1,3125902,51),
(12011,-1,3125903,0),
(12010,-1,3125903,1),
(12017,-1,3125903,2),
(12022,-1,3125903,3),
(12019,-1,3125903,4),
(12018,-1,3125903,5),
(12048,-1,3125903,6),
(12047,-1,3125903,7),
(12058,-1,3125903,8),
(12057,-1,3125903,9),
(12083,-1,3125903,10),
(12013,-1,3125903,11),
(12025,-1,3125903,12),
(12051,-1,3125903,13),
(12069,-1,3125903,14),
(12063,-1,3125903,15),
(12073,-1,3125903,16),
(12078,-1,3125903,17),
(12007,-1,3125903,18),
(12016,-1,3125903,19),
(12038,-1,3125903,20),
(12068,-1,3125903,21),
(12046,-1,3125903,22),
(12065,-1,3125903,23),
(12072,-1,3125903,24),
(12076,-1,3125903,25),
(12082,-1,3125903,26),
(12006,-1,3125903,27),
(12029,-1,3125903,28),
(12033,-1,3125903,29),
(12070,-1,3125903,30),
(12045,-1,3125903,31),
(12066,-1,3125903,32),
(12071,-1,3125903,33),
(12075,-1,3125903,34),
(12077,-1,3125903,35),
(12009,-1,3125903,36),
(12028,-1,3125903,37),
(12050,-1,3125903,38),
(12079,-1,3125903,39),

-- 31260
(12312,-1,3126001,0),
(12315,-1,3126001,1),
(12317,-1,3126001,2),
(12320,-1,3126001,3),
(12311,-1,3126001,4),
(12314,-1,3126001,5),
(12318,-1,3126001,6),
(12322,-1,3126001,7),
(12313,-1,3126001,8),
(12316,-1,3126001,9),
(12319,-1,3126001,10),
(12321,-1,3126001,11),
(12325,-1,3126001,12),
(12323,-1,3126001,13),
(12324,-1,3126001,14),
(12312,-1,3126101,0),
(12315,-1,3126101,1),
(12317,-1,3126101,2),
(12320,-1,3126101,3),
(12311,-1,3126101,4),
(12314,-1,3126101,5),
(12318,-1,3126101,6),
(12322,-1,3126101,7),
(12313,-1,3126101,8),
(12316,-1,3126101,9),
(12319,-1,3126101,10),
(12321,-1,3126101,11),
(12325,-1,3126101,12),
(12323,-1,3126101,13),
(12324,-1,3126101,14),

-- 31300
(11614,-1,3130002,0),
(11605,-1,3130002,1),
(11613,-1,3130002,2),
(11617,-1,3130002,3),
(11606,-1,3130002,4),
(11623,-1,3130002,5),
(11626,-1,3130002,6),
(11618,-1,3130002,7),
(11622,-1,3130002,8),
(11635,-1,3130002,9),
(11643,-1,3130002,10),
(11646,-1,3130002,11),
(11632,-1,3130002,12),
(11640,-1,3130002,13),
(11629,-1,3130002,14),
(11645,-1,3130002,15),
(11647,-1,3130002,16),
(11631,-1,3130002,17),
(11667,-1,3130002,18),
(11675,-1,3130002,19),
(11670,-1,3130002,20),
(11673,-1,3130002,21),
(11659,-1,3130002,22),
(11666,-1,3130002,23),
(11671,-1,3130002,24),
(11661,-1,3130002,25),
(11714,-1,3130002,26),
(11685,-1,3130002,27),
(11706,-1,3130002,28),
(11683,-1,3130002,29),
(11708,-1,3130002,30),
(11710,-1,3130002,31),
(11711,-1,3130002,32),
(11713,-1,3130002,33),
(11712,-1,3130002,34),
(11686,-1,3130002,35),
(11703,-1,3130002,36),
(11608,-1,3130002,37),
(11642,-1,3130002,38),
(11665,-1,3130002,39),
(11691,-1,3130002,40),
(11625,-1,3130002,41),
(11736,-1,3130002,42),
(11727,-1,3130002,43),
(11726,-1,3130002,44),
(11730,-1,3130002,45),
(11728,-1,3130002,46),
(11725,-1,3130002,47),
(11733,-1,3130002,48),
(11747,-1,3130002,49),
(11763,-1,3130002,50),
(11759,-1,3130002,51),
(11760,-1,3130002,52),
(11749,-1,3130002,53),
(11783,-1,3130002,54),
(11794,-1,3130002,55),
(11789,-1,3130002,56),
(11778,-1,3130002,57),
(11788,-1,3130002,58),
(11777,-1,3130002,59),
(11782,-1,3130002,60),
(11790,-1,3130002,61),
(11775,-1,3130002,62),
(11776,-1,3130002,63),
(11821,-1,3130002,64),
(11807,-1,3130002,65),
(11820,-1,3130002,66),
(11801,-1,3130002,67),
(11815,-1,3130002,68),
(11816,-1,3130002,69),
(11800,-1,3130002,70),
(11803,-1,3130002,71),
(11826,-1,3130002,72),
(11827,-1,3130002,73),
(11814,-1,3130002,74),
(11813,-1,3130002,75),
(11822,-1,3130002,76),
(11830,-1,3130002,77),
(11832,-1,3130002,78),
(11853,-1,3130002,79),
(11863,-1,3130002,80),
(11856,-1,3130002,81),
(11839,-1,3130002,82),
(11857,-1,3130002,83),
(11858,-1,3130002,84),
(11843,-1,3130002,85),
(11840,-1,3130002,86),
(11610,-1,3130003,0),
(11619,-1,3130003,1),
(11611,-1,3130003,2),
(11612,-1,3130003,3),
(11609,-1,3130003,4),
(11627,-1,3130003,5),
(11630,-1,3130003,6),
(11634,-1,3130003,7),
(11633,-1,3130003,8),
(11637,-1,3130003,9),
(11655,-1,3130003,10),
(11656,-1,3130003,11),
(11657,-1,3130003,12),
(11662,-1,3130003,13),
(11664,-1,3130003,14),
(11672,-1,3130003,15),
(11660,-1,3130003,16),
(11663,-1,3130003,17),
(11678,-1,3130003,18),
(11676,-1,3130003,19),
(11693,-1,3130003,20),
(11696,-1,3130003,21),
(11692,-1,3130003,22),
(11709,-1,3130003,23),
(11715,-1,3130003,24),
(11732,-1,3130003,25),
(11737,-1,3130003,26),
(11729,-1,3130003,27),
(11731,-1,3130003,28),
(11764,-1,3130003,29),
(11757,-1,3130003,30),
(11748,-1,3130003,31),
(11779,-1,3130003,32),
(11792,-1,3130003,33),
(11793,-1,3130003,34),
(11829,-1,3130003,35),
(11805,-1,3130003,36),
(11802,-1,3130003,37),
(11799,-1,3130003,38),
(11804,-1,3130003,39),
(11806,-1,3130003,40),
(11817,-1,3130003,41),
(11825,-1,3130003,42),
(11819,-1,3130003,43),
(11824,-1,3130003,44),
(11828,-1,3130003,45),
(11833,-1,3130003,46),
(11850,-1,3130003,47),
(11859,-1,3130003,48),
(11842,-1,3130003,49),
(11838,-1,3130003,50),
(11855,-1,3130003,51),

-- 31301
(11614,-1,3130102,0),
(11605,-1,3130102,1),
(11613,-1,3130102,2),
(11617,-1,3130102,3),
(11606,-1,3130102,4),
(11623,-1,3130102,5),
(11626,-1,3130102,6),
(11618,-1,3130102,7),
(11622,-1,3130102,8),
(11635,-1,3130102,9),
(11643,-1,3130102,10),
(11646,-1,3130102,11),
(11632,-1,3130102,12),
(11640,-1,3130102,13),
(11629,-1,3130102,14),
(11645,-1,3130102,15),
(11647,-1,3130102,16),
(11631,-1,3130102,17),
(11667,-1,3130102,18),
(11675,-1,3130102,19),
(11670,-1,3130102,20),
(11673,-1,3130102,21),
(11659,-1,3130102,22),
(11666,-1,3130102,23),
(11671,-1,3130102,24),
(11661,-1,3130102,25),
(11714,-1,3130102,26),
(11685,-1,3130102,27),
(11706,-1,3130102,28),
(11683,-1,3130102,29),
(11708,-1,3130102,30),
(11710,-1,3130102,31),
(11711,-1,3130102,32),
(11713,-1,3130102,33),
(11712,-1,3130102,34),
(11686,-1,3130102,35),
(11703,-1,3130102,36),
(11608,-1,3130102,37),
(11642,-1,3130102,38),
(11665,-1,3130102,39),
(11691,-1,3130102,40),
(11625,-1,3130102,41),
(11736,-1,3130102,42),
(11727,-1,3130102,43),
(11726,-1,3130102,44),
(11730,-1,3130102,45),
(11728,-1,3130102,46),
(11725,-1,3130102,47),
(11733,-1,3130102,48),
(11747,-1,3130102,49),
(11763,-1,3130102,50),
(11759,-1,3130102,51),
(11760,-1,3130102,52),
(11749,-1,3130102,53),
(11783,-1,3130102,54),
(11794,-1,3130102,55),
(11789,-1,3130102,56),
(11778,-1,3130102,57),
(11788,-1,3130102,58),
(11777,-1,3130102,59),
(11782,-1,3130102,60),
(11790,-1,3130102,61),
(11775,-1,3130102,62),
(11776,-1,3130102,63),
(11821,-1,3130102,64),
(11807,-1,3130102,65),
(11820,-1,3130102,66),
(11801,-1,3130102,67),
(11815,-1,3130102,68),
(11816,-1,3130102,69),
(11800,-1,3130102,70),
(11803,-1,3130102,71),
(11826,-1,3130102,72),
(11827,-1,3130102,73),
(11814,-1,3130102,74),
(11813,-1,3130102,75),
(11822,-1,3130102,76),
(11830,-1,3130102,77),
(11832,-1,3130102,78),
(11853,-1,3130102,79),
(11863,-1,3130102,80),
(11856,-1,3130102,81),
(11839,-1,3130102,82),
(11857,-1,3130102,83),
(11858,-1,3130102,84),
(11843,-1,3130102,85),
(11840,-1,3130102,86),
(11610,-1,3130103,0),
(11619,-1,3130103,1),
(11611,-1,3130103,2),
(11612,-1,3130103,3),
(11609,-1,3130103,4),
(11627,-1,3130103,5),
(11630,-1,3130103,6),
(11634,-1,3130103,7),
(11633,-1,3130103,8),
(11637,-1,3130103,9),
(11655,-1,3130103,10),
(11656,-1,3130103,11),
(11657,-1,3130103,12),
(11662,-1,3130103,13),
(11664,-1,3130103,14),
(11672,-1,3130103,15),
(11660,-1,3130103,16),
(11663,-1,3130103,17),
(11678,-1,3130103,18),
(11676,-1,3130103,19),
(11693,-1,3130103,20),
(11696,-1,3130103,21),
(11692,-1,3130103,22),
(11709,-1,3130103,23),
(11715,-1,3130103,24),
(11732,-1,3130103,25),
(11737,-1,3130103,26),
(11729,-1,3130103,27),
(11731,-1,3130103,28),
(11764,-1,3130103,29),
(11757,-1,3130103,30),
(11748,-1,3130103,31),
(11779,-1,3130103,32),
(11792,-1,3130103,33),
(11793,-1,3130103,34),
(11829,-1,3130103,35),
(11805,-1,3130103,36),
(11802,-1,3130103,37),
(11799,-1,3130103,38),
(11804,-1,3130103,39),
(11806,-1,3130103,40),
(11817,-1,3130103,41),
(11825,-1,3130103,42),
(11819,-1,3130103,43),
(11824,-1,3130103,44),
(11828,-1,3130103,45),
(11833,-1,3130103,46),
(11850,-1,3130103,47),
(11859,-1,3130103,48),
(11842,-1,3130103,49),
(11838,-1,3130103,50),
(11855,-1,3130103,51),

-- 31302
(12014,-1,3130202,0),
(12008,-1,3130202,1),
(12015,-1,3130202,2),
(12012,-1,3130202,3),
(12020,-1,3130202,4),
(12021,-1,3130202,5),
(12024,-1,3130202,6),
(12032,-1,3130202,7),
(12030,-1,3130202,8),
(12031,-1,3130202,9),
(12041,-1,3130202,10),
(12034,-1,3130202,11),
(12023,-1,3130202,12),
(12044,-1,3130202,13),
(12049,-1,3130202,14),
(12039,-1,3130202,15),
(12043,-1,3130202,16),
(12042,-1,3130202,17),
(12036,-1,3130202,18),
(12060,-1,3130202,19),
(12059,-1,3130202,20),
(12056,-1,3130202,21),
(12054,-1,3130202,22),
(12052,-1,3130202,23),
(12081,-1,3130202,24),
(12080,-1,3130202,25),
(12074,-1,3130202,26),
(12013,-1,3130202,27),
(12025,-1,3130202,28),
(12051,-1,3130202,29),
(12069,-1,3130202,30),
(12063,-1,3130202,31),
(12073,-1,3130202,32),
(12078,-1,3130202,33),
(12007,-1,3130202,34),
(12016,-1,3130202,35),
(12038,-1,3130202,36),
(12068,-1,3130202,37),
(12037,-1,3130202,38),
(12055,-1,3130202,39),
(12061,-1,3130202,40),
(12072,-1,3130202,41),
(12076,-1,3130202,42),
(12006,-1,3130202,43),
(12029,-1,3130202,44),
(12033,-1,3130202,45),
(12070,-1,3130202,46),
(12035,-1,3130202,47),
(12053,-1,3130202,48),
(12062,-1,3130202,49),
(12071,-1,3130202,50),
(12075,-1,3130202,51),
(12077,-1,3130202,52),
(12009,-1,3130202,53),
(12028,-1,3130202,54),
(12050,-1,3130202,55),
(12064,-1,3130202,56),
(12079,-1,3130202,57),
(12085,-1,3130202,58),
(12095,-1,3130202,59),
(12094,-1,3130202,60),
(12086,-1,3130202,61),
(12091,-1,3130202,62),
(12084,-1,3130202,63),
(12093,-1,3130202,64),
(12101,-1,3130202,65),
(12088,-1,3130202,66),
(12089,-1,3130202,67),
(12087,-1,3130202,68),
(12092,-1,3130202,69),
(12096,-1,3130202,70),
(12128,-1,3130202,71),
(12144,-1,3130202,72),
(12135,-1,3130202,73),
(12107,-1,3130202,74),
(12129,-1,3130202,75),
(12126,-1,3130202,76),
(12143,-1,3130202,77),
(12109,-1,3130202,78),
(12111,-1,3130202,79),
(12130,-1,3130202,80),
(12106,-1,3130202,81),
(12127,-1,3130202,82),
(12120,-1,3130202,83),
(12145,-1,3130202,84),
(12108,-1,3130202,85),
(12116,-1,3130202,86),
(12112,-1,3130202,87),
(12119,-1,3130202,88),
(12131,-1,3130202,89),
(12134,-1,3130202,90),
(12141,-1,3130202,91),
(12137,-1,3130202,92),
(12118,-1,3130202,93),
(12114,-1,3130202,94),
(12125,-1,3130202,95),
(12132,-1,3130202,96),
(12136,-1,3130202,97),
(12142,-1,3130202,98),
(12110,-1,3130202,99),
(12113,-1,3130202,100),
(12133,-1,3130202,101),
(12011,-1,3130203,0),
(12010,-1,3130203,1),
(12017,-1,3130203,2),
(12022,-1,3130203,3),
(12019,-1,3130203,4),
(12018,-1,3130203,5),
(12048,-1,3130203,6),
(12047,-1,3130203,7),
(12058,-1,3130203,8),
(12057,-1,3130203,9),
(12083,-1,3130203,10),
(12013,-1,3130203,11),
(12025,-1,3130203,12),
(12051,-1,3130203,13),
(12069,-1,3130203,14),
(12063,-1,3130203,15),
(12073,-1,3130203,16),
(12078,-1,3130203,17),
(12007,-1,3130203,18),
(12016,-1,3130203,19),
(12038,-1,3130203,20),
(12068,-1,3130203,21),
(12046,-1,3130203,22),
(12065,-1,3130203,23),
(12072,-1,3130203,24),
(12076,-1,3130203,25),
(12082,-1,3130203,26),
(12006,-1,3130203,27),
(12029,-1,3130203,28),
(12033,-1,3130203,29),
(12070,-1,3130203,30),
(12045,-1,3130203,31),
(12066,-1,3130203,32),
(12122,-1,3130203,33),
(12071,-1,3130203,34),
(12075,-1,3130203,35),
(12077,-1,3130203,36),
(12121,-1,3130203,37),
(12009,-1,3130203,38),
(12028,-1,3130203,39),
(12050,-1,3130203,40),
(12064,-1,3130203,41),
(12079,-1,3130203,42),
(12099,-1,3130203,43),
(12100,-1,3130203,44),
(12098,-1,3130203,45),
(12097,-1,3130203,46),
(12115,-1,3130203,47),
(12124,-1,3130203,48),
(12139,-1,3130203,49),
(12123,-1,3130203,50),
(12138,-1,3130203,51),

-- 30303
(12014,-1,3130302,0),
(12008,-1,3130302,1),
(12015,-1,3130302,2),
(12012,-1,3130302,3),
(12020,-1,3130302,4),
(12021,-1,3130302,5),
(12024,-1,3130302,6),
(12032,-1,3130302,7),
(12030,-1,3130302,8),
(12031,-1,3130302,9),
(12041,-1,3130302,10),
(12034,-1,3130302,11),
(12023,-1,3130302,12),
(12044,-1,3130302,13),
(12049,-1,3130302,14),
(12039,-1,3130302,15),
(12043,-1,3130302,16),
(12042,-1,3130302,17),
(12036,-1,3130302,18),
(12060,-1,3130302,19),
(12059,-1,3130302,20),
(12056,-1,3130302,21),
(12054,-1,3130302,22),
(12052,-1,3130302,23),
(12081,-1,3130302,24),
(12080,-1,3130302,25),
(12074,-1,3130302,26),
(12013,-1,3130302,27),
(12025,-1,3130302,28),
(12051,-1,3130302,29),
(12069,-1,3130302,30),
(12063,-1,3130302,31),
(12073,-1,3130302,32),
(12078,-1,3130302,33),
(12007,-1,3130302,34),
(12016,-1,3130302,35),
(12038,-1,3130302,36),
(12068,-1,3130302,37),
(12037,-1,3130302,38),
(12055,-1,3130302,39),
(12061,-1,3130302,40),
(12072,-1,3130302,41),
(12076,-1,3130302,42),
(12006,-1,3130302,43),
(12029,-1,3130302,44),
(12033,-1,3130302,45),
(12070,-1,3130302,46),
(12035,-1,3130302,47),
(12053,-1,3130302,48),
(12062,-1,3130302,49),
(12071,-1,3130302,50),
(12075,-1,3130302,51),
(12077,-1,3130302,52),
(12009,-1,3130302,53),
(12028,-1,3130302,54),
(12050,-1,3130302,55),
(12064,-1,3130302,56),
(12079,-1,3130302,57),
(12085,-1,3130302,58),
(12095,-1,3130302,59),
(12094,-1,3130302,60),
(12086,-1,3130302,61),
(12091,-1,3130302,62),
(12084,-1,3130302,63),
(12093,-1,3130302,64),
(12101,-1,3130302,65),
(12088,-1,3130302,66),
(12089,-1,3130302,67),
(12087,-1,3130302,68),
(12092,-1,3130302,69),
(12096,-1,3130302,70),
(12128,-1,3130302,71),
(12144,-1,3130302,72),
(12135,-1,3130302,73),
(12107,-1,3130302,74),
(12129,-1,3130302,75),
(12126,-1,3130302,76),
(12143,-1,3130302,77),
(12109,-1,3130302,78),
(12111,-1,3130302,79),
(12130,-1,3130302,80),
(12106,-1,3130302,81),
(12127,-1,3130302,82),
(12120,-1,3130302,83),
(12145,-1,3130302,84),
(12108,-1,3130302,85),
(12116,-1,3130302,86),
(12112,-1,3130302,87),
(12119,-1,3130302,88),
(12131,-1,3130302,89),
(12134,-1,3130302,90),
(12141,-1,3130302,91),
(12137,-1,3130302,92),
(12118,-1,3130302,93),
(12114,-1,3130302,94),
(12125,-1,3130302,95),
(12132,-1,3130302,96),
(12136,-1,3130302,97),
(12142,-1,3130302,98),
(12110,-1,3130302,99),
(12113,-1,3130302,100),
(12133,-1,3130302,101),
(12011,-1,3130303,0),
(12010,-1,3130303,1),
(12017,-1,3130303,2),
(12022,-1,3130303,3),
(12019,-1,3130303,4),
(12018,-1,3130303,5),
(12048,-1,3130303,6),
(12047,-1,3130303,7),
(12058,-1,3130303,8),
(12057,-1,3130303,9),
(12083,-1,3130303,10),
(12013,-1,3130303,11),
(12025,-1,3130303,12),
(12051,-1,3130303,13),
(12069,-1,3130303,14),
(12063,-1,3130303,15),
(12073,-1,3130303,16),
(12078,-1,3130303,17),
(12007,-1,3130303,18),
(12016,-1,3130303,19),
(12038,-1,3130303,20),
(12068,-1,3130303,21),
(12046,-1,3130303,22),
(12065,-1,3130303,23),
(12072,-1,3130303,24),
(12076,-1,3130303,25),
(12082,-1,3130303,26),
(12006,-1,3130303,27),
(12029,-1,3130303,28),
(12033,-1,3130303,29),
(12070,-1,3130303,30),
(12045,-1,3130303,31),
(12066,-1,3130303,32),
(12122,-1,3130303,33),
(12071,-1,3130303,34),
(12075,-1,3130303,35),
(12077,-1,3130303,36),
(12121,-1,3130303,37),
(12009,-1,3130303,38),
(12028,-1,3130303,39),
(12050,-1,3130303,40),
(12064,-1,3130303,41),
(12079,-1,3130303,42),
(12099,-1,3130303,43),
(12100,-1,3130303,44),
(12098,-1,3130303,45),
(12097,-1,3130303,46),
(12115,-1,3130303,47),
(12124,-1,3130303,48),
(12139,-1,3130303,49),
(12123,-1,3130303,50),
(12138,-1,3130303,51),

-- 31304
(12312,-1,3130401,0),
(12315,-1,3130401,1),
(12317,-1,3130401,2),
(12320,-1,3130401,3),
(12311,-1,3130401,4),
(12314,-1,3130401,5),
(12318,-1,3130401,6),
(12322,-1,3130401,7),
(12313,-1,3130401,8),
(12316,-1,3130401,9),
(12319,-1,3130401,10),
(12321,-1,3130401,11),
(12325,-1,3130401,12),
(12323,-1,3130401,13),
(12324,-1,3130401,14),
(12326,-1,3130401,15),
(12328,-1,3130401,16),
(12327,-1,3130401,17),
(12331,-1,3130401,18),
(12329,-1,3130401,19),
(12330,-1,3130401,20),
(12333,-1,3130401,21),
(12332,-1,3130401,22),
(12334,-1,3130401,23),
(12337,-1,3130401,24),
(12335,-1,3130401,25),
(12336,-1,3130401,26),

-- 31305
(12312,-1,3130501,0),
(12315,-1,3130501,1),
(12317,-1,3130501,2),
(12320,-1,3130501,3),
(12311,-1,3130501,4),
(12314,-1,3130501,5),
(12318,-1,3130501,6),
(12322,-1,3130501,7),
(12313,-1,3130501,8),
(12316,-1,3130501,9),
(12319,-1,3130501,10),
(12321,-1,3130501,11),
(12325,-1,3130501,12),
(12323,-1,3130501,13),
(12324,-1,3130501,14),
(12326,-1,3130501,15),
(12328,-1,3130501,16),
(12327,-1,3130501,17),
(12331,-1,3130501,18),
(12329,-1,3130501,19),
(12330,-1,3130501,20),
(12333,-1,3130501,21),
(12332,-1,3130501,22),
(12334,-1,3130501,23),
(12337,-1,3130501,24),
(12335,-1,3130501,25),
(12336,-1,3130501,26);


/************ 更新內建的 NPC Buffer ************/
Delete From npc_buffer Where npc_id in (1000003);
INSERT INTO `npc_buffer` VALUES
('1000003', '264', '1', '57', '100', '264'),
('1000003', '265', '1', '57', '100', '265'),
('1000003', '266', '1', '57', '100', '266'),
('1000003', '267', '1', '57', '100', '267'),
('1000003', '268', '1', '57', '100', '268'),
('1000003', '269', '1', '57', '100', '269'),
('1000003', '270', '1', '57', '100', '270'),
('1000003', '271', '1', '57', '100', '271'),
('1000003', '272', '1', '57', '100', '272'),
('1000003', '273', '1', '57', '100', '273'),
('1000003', '274', '1', '57', '100', '274'),
('1000003', '275', '1', '57', '100', '275'),
('1000003', '276', '1', '57', '100', '276'),
('1000003', '277', '1', '57', '100', '277'),
('1000003', '304', '1', '57', '100', '304'),
('1000003', '305', '1', '57', '100', '305'),
('1000003', '306', '1', '57', '100', '306'),
('1000003', '307', '1', '57', '100', '307'),
('1000003', '308', '1', '57', '100', '308'),
('1000003', '309', '1', '57', '100', '309'),
('1000003', '310', '1', '57', '100', '310'),
('1000003', '311', '1', '57', '100', '311'),
('1000003', '349', '1', '57', '100', '349'),
('1000003', '363', '1', '57', '100', '363'),
('1000003', '364', '1', '57', '100', '364'),
('1000003', '366', '1', '57', '100', '366'),
('1000003', '367', '1', '57', '100', '367'),
('1000003', '529', '1', '57', '100', '529'),
('1000003', '530', '1', '57', '100', '530'),
('1000003', '1020', '1', '57', '100', '1020'),
('1000003', '1032', '3', '57', '100', '1032'),
('1000003', '1033', '3', '57', '100', '1033'),
('1000003', '1035', '4', '57', '100', '1035'),
('1000003', '1036', '2', '57', '100', '1036'),
('1000003', '1040', '3', '57', '100', '1040'),
('1000003', '1043', '1', '57', '100', '1043'),
('1000003', '1044', '3', '57', '100', '1044'),
('1000003', '1045', '6', '57', '100', '1045'),
('1000003', '1048', '6', '57', '100', '1048'),
('1000003', '1059', '3', '57', '100', '1059'),
('1000003', '1062', '2', '57', '100', '1062'),
('1000003', '1068', '3', '57', '100', '1068'),
('1000003', '1073', '2', '57', '100', '1073'),
('1000003', '1077', '3', '57', '100', '1077'),
('1000003', '1078', '6', '57', '100', '1078'),
('1000003', '1085', '3', '57', '100', '1085'),
('1000003', '1086', '2', '57', '100', '1086'),
('1000003', '1087', '3', '57', '100', '1087'),
('1000003', '1182', '3', '57', '100', '1182'),
('1000003', '1189', '3', '57', '100', '1189'),
('1000003', '1191', '3', '57', '100', '1191'),
('1000003', '1204', '2', '57', '100', '1204'),
('1000003', '1240', '3', '57', '100', '1240'),
('1000003', '1242', '3', '57', '100', '1242'),
('1000003', '1243', '6', '57', '100', '1243'),
('1000003', '1303', '2', '57', '100', '1303'),
('1000003', '1397', '3', '57', '100', '1397');


/************ 移除舊的資料表 ************/
DROP TABLE IF EXISTS boxaccess;
DROP TABLE IF EXISTS boxes;
DROP TABLE IF EXISTS grandboss_intervallist;
DROP TABLE IF EXISTS lastimperialtomb_spawnlist;
DROP TABLE IF EXISTS seven_signs_spawnlist;
DROP TABLE IF EXISTS vanhalter_spawnlist;
Delete From `grandboss_data` Where `boss_id` in (29045,29062);


/************ 以下是參考 L2EmuProject-Datapack 所製作的修正 ************/

/************ 增加物品掉落 ************/
INSERT IGNORE INTO `droplist` VALUES
('21070', '1894', '1', '1', '0', '44075'),
('21070', '4039', '1', '1', '0', '41872'),
('21070', '4041', '1', '1', '0', '10923'),
('21070', '4044', '1', '1', '0', '41872'),
('21070', '4403', '1', '1', '0', '2513'),
('21070', '5156', '1', '1', '1', '34020'),
('21070', '5297', '1', '1', '0', '73'),
('21070', '5298', '1', '1', '0', '116'),
('21070', '5301', '1', '1', '0', '50'),
('21070', '5478', '1', '1', '0', '10562'),
('21070', '5479', '1', '1', '0', '7432'),
('21070', '5482', '1', '1', '0', '16578'),
('21070', '5486', '1', '1', '1', '150978'),
('21070', '5489', '1', '1', '1', '336768'),
('21070', '57', '10270', '20955', '0', '700000'),
('21070', '729', '1', '1', '0', '140'),
('22028', '1124', '1', '1', '1', '22'),
('22028', '129', '1', '1', '1', '144'),
('22028', '1864', '3', '9', '2', '58823'),
('22028', '1869', '1', '1', '2', '166666'),
('22028', '1878', '1', '1', '-1', '23412'),
('22028', '1878', '1', '1', '2', '71428'),
('22028', '1884', '1', '1', '2', '100000'),
('22028', '1892', '1', '1', '-1', '41213'),
('22028', '1943', '1', '1', '-1', '56341'),
('22028', '1946', '1', '1', '2', '7143'),
('22028', '1948', '1', '1', '2', '8241'),
('22028', '2034', '1', '1', '2', '1592'),
('22028', '2148', '1', '1', '2', '13513'),
('22028', '2424', '1', '1', '1', '22'),
('22028', '2425', '1', '1', '1', '22'),
('22028', '2426', '1', '1', '1', '22'),
('22028', '2448', '1', '1', '1', '22'),
('22028', '2449', '1', '1', '1', '22'),
('22028', '2923', '1', '1', '2', '3214'),
('22028', '2924', '1', '1', '2', '2871'),
('22028', '2925', '1', '1', '2', '6312'),
('22028', '2926', '1', '1', '2', '2453'),
('22028', '2927', '1', '1', '2', '1954'),
('22028', '2928', '1', '1', '2', '4316'),
('22028', '2950', '1', '1', '1', '22'),
('22028', '57', '694', '1385', '0', '700000'),
('22028', '606', '1', '1', '1', '22'),
('22028', '8328', '1', '1', '2', '1592'),
('22028', '8333', '1', '1', '2', '1302'),
('22170', '1894', '1', '1', '2', '20000'),
('22170', '4039', '1', '1', '2', '16393'),
('22170', '4041', '1', '1', '2', '3676'),
('22170', '4044', '1', '1', '2', '16666'),
('22170', '5487', '1', '1', '3', '5235'),
('22170', '5488', '1', '1', '3', '5780'),
('22170', '57', '6420', '13120', '0', '700000'),
('22170', '7910', '1', '1', '1', '21739'),
('22170', '8742', '1', '1', '4', '524'),
('22194', '1344', '10', '30', '1', '50000'),
('22194', '1866', '1', '1', '2', '23255'),
('22194', '1871', '1', '1', '2', '33333'),
('22194', '5541', '1', '1', '3', '2564'),
('22194', '57', '494', '1007', '0', '700000'),
('22320', '1895', '1', '3', '-1', '35000'),
('22320', '1895', '1', '3', '2', '25000'),
('22320', '4040', '1', '1', '2', '37030'),
('22320', '4040', '1', '2', '-1', '125000'),
('22320', '5522', '1', '1', '1', '12040'),
('22320', '5523', '1', '1', '1', '9250'),
('22320', '57', '1645', '3297', '0', '700000'),
('22320', '9551', '1', '1', '5', '5100'),
('22320', '960', '1', '2', '-1', '23000'),
('22320', '9628', '1', '1', '2', '10630'),
('22320', '9630', '1', '1', '2', '5880'),
('22320', '9674', '1', '1', '4', '100000'),
('22328', '1344', '6', '18', '3', '12500'),
('22328', '1879', '1', '1', '4', '142850'),
('22328', '1885', '1', '1', '4', '71420'),
('22328', '1885', '1', '7', '-1', '5200'),
('22328', '270', '1', '1', '1', '330'),
('22328', '5538', '1', '1', '2', '12650'),
('22328', '57', '6505', '13040', '0', '700000'),
('22328', '9551', '1', '1', '7', '2660'),
('22328', '9573', '1', '1', '8', '5000'),
('22328', '9574', '1', '1', '8', '2330'),
('22328', '9628', '1', '1', '4', '4670'),
('22328', '9629', '1', '1', '4', '660'),
('22328', '9630', '1', '1', '4', '1660'),
('22328', '9674', '1', '1', '6', '47610'),
('22329', '1344', '30', '89', '2', '14285'),
('22329', '1895', '1', '3', '3', '41660'),
('22329', '4040', '1', '1', '3', '83330'),
('22329', '5534', '1', '1', '1', '38460'),
('22329', '5534', '1', '1', '3', '20830'),
('22329', '57', '16625', '33320', '0', '700000'),
('22329', '6707', '1', '1', '-1', '15000'),
('22329', '6708', '1', '1', '-1', '15000'),
('22329', '6901', '1', '1', '-1', '2765'),
('22329', '9551', '1', '1', '4', '3890'),
('22329', '9630', '1', '1', '3', '9090'),
('22329', '9674', '1', '1', '6', '166660'),
('22339', '1879', '1', '1', '2', '40000'),
('22339', '1885', '1', '1', '2', '16949'),
('22339', '1885', '1', '2', '-1', '48000'),
('22339', '5529', '1', '1', '1', '461'),
('22339', '5545', '1', '1', '1', '1152'),
('22339', '5546', '1', '1', '1', '691'),
('22339', '57', '2113', '4225', '0', '700000'),
('22339', '960', '1', '1', '3', '230'),
('22339', '9628', '1', '1', '2', '1152'),
('22339', '9629', '1', '1', '2', '461'),
('22339', '9630', '1', '1', '2', '921'),
('22340', '1895', '1', '1', '1', '33333'),
('22340', '4040', '1', '1', '1', '58820'),
('22340', '57', '12770', '25550', '0', '700000'),
('22340', '9630', '1', '1', '1', '19230'),
('29009', '1126', '1', '1', '1', '80'),
('29009', '1866', '1', '1', '2', '63957'),
('29009', '1871', '1', '1', '2', '95935'),
('29009', '1877', '1', '1', '2', '3838'),
('29009', '1895', '1', '1', '-1', '494901'),
('29009', '1911', '1', '1', '-1', '128833'),
('29009', '1974', '1', '1', '1', '5379'),
('29009', '2343', '1', '1', '2', '224'),
('29009', '2345', '1', '1', '2', '224'),
('29009', '2434', '1', '1', '1', '80'),
('29009', '2455', '1', '1', '1', '86'),
('29009', '2456', '1', '1', '1', '80'),
('29009', '2457', '1', '1', '1', '80'),
('29009', '2458', '1', '1', '1', '80'),
('29009', '2944', '1', '1', '-1', '155699'),
('29009', '2946', '1', '1', '1', '3575'),
('29009', '2948', '1', '1', '1', '5379'),
('29009', '2949', '1', '1', '1', '5379'),
('29009', '2950', '1', '1', '1', '5379'),
('29009', '2951', '1', '1', '1', '5379'),
('29009', '4040', '1', '1', '2', '1919'),
('29009', '4041', '1', '1', '2', '835'),
('29009', '57', '697', '1423', '0', '700000'),
('29009', '951', '1', '1', '2', '175'),
('29010', '1865', '1', '1', '2', '106157'),
('29010', '1870', '1', '1', '2', '106157'),
('29010', '1873', '1', '1', '-1', '628922'),
('29010', '1874', '1', '1', '2', '7078'),
('29010', '2060', '1', '1', '-1', '12485'),
('29010', '2074', '1', '1', '1', '2632'),
('29010', '2164', '1', '1', '-1', '120947'),
('29010', '2230', '1', '1', '2', '2058'),
('29010', '2326', '1', '1', '2', '371'),
('29010', '281', '1', '1', '1', '33'),
('29010', '4039', '1', '1', '2', '3539'),
('29010', '4043', '1', '1', '2', '3539'),
('29010', '57', '632', '1292', '0', '700000'),
('29012', '1126', '1', '1', '1', '96'),
('29012', '1539', '1', '1', '2', '20434'),
('29012', '1867', '1', '1', '2', '122602'),
('29012', '1872', '1', '1', '2', '122602'),
('29012', '1875', '1', '1', '2', '6131'),
('29012', '1881', '1', '1', '2', '12261'),
('29012', '1974', '1', '1', '1', '6444'),
('29012', '2073', '1', '1', '-1', '16041'),
('29012', '2334', '1', '1', '2', '214'),
('29012', '2351', '1', '1', '2', '193'),
('29012', '2352', '1', '1', '-1', '4342'),
('29012', '2434', '1', '1', '1', '96'),
('29012', '2455', '1', '1', '1', '103'),
('29012', '2456', '1', '1', '1', '96'),
('29012', '2457', '1', '1', '1', '96'),
('29012', '2458', '1', '1', '1', '96'),
('29012', '2946', '1', '1', '1', '4283'),
('29012', '2948', '1', '1', '1', '6444'),
('29012', '2949', '1', '1', '1', '6444'),
('29012', '2950', '1', '1', '1', '6444'),
('29012', '2951', '1', '1', '1', '6444'),
('29012', '3005', '1', '1', '2', '3754'),
('29012', '4041', '1', '1', '2', '800'),
('29012', '57', '837', '1702', '0', '700000'),
('29012', '951', '1', '1', '-1', '3773'),
('29013', '1864', '1', '1', '2', '206406'),
('29013', '1869', '1', '1', '2', '103204'),
('29013', '1876', '1', '1', '-1', '349385'),
('29013', '1878', '1', '1', '2', '41282'),
('29013', '1884', '1', '1', '2', '63510'),
('29013', '1908', '1', '1', '-1', '165429'),
('29013', '1964', '1', '1', '1', '11120'),
('29013', '2073', '1', '1', '-1', '13503'),
('29013', '2217', '1', '1', '2', '6107'),
('29013', '2319', '1', '1', '2', '360'),
('29013', '2320', '1', '1', '2', '360'),
('29013', '2413', '1', '1', '1', '146'),
('29013', '2495', '1', '1', '1', '207'),
('29013', '2936', '1', '1', '1', '10100'),
('29013', '2945', '1', '1', '1', '11120'),
('29013', '4039', '1', '1', '2', '3441'),
('29013', '57', '705', '1432', '0', '700000'),
('29013', '631', '1', '1', '1', '207'),
('35411', '1864', '1', '1', '2', '133865'),
('35411', '1869', '1', '1', '2', '66933'),
('35411', '1880', '1', '1', '2', '6694'),
('35411', '2376', '1', '1', '1', '7'),
('35411', '2379', '1', '1', '1', '11'),
('35411', '357', '1', '1', '1', '7'),
('35411', '383', '1', '1', '1', '11'),
('35411', '4043', '1', '1', '2', '2231'),
('35411', '4056', '1', '1', '1', '1212'),
('35411', '4057', '1', '1', '1', '1872'),
('35411', '4064', '1', '1', '1', '1212'),
('35411', '4065', '1', '1', '1', '1872'),
('35411', '4066', '1', '1', '-1', '42738'),
('35411', '4130', '1', '1', '-1', '29428'),
('35411', '4173', '1', '1', '2', '833'),
('35411', '4193', '1', '1', '2', '52'),
('35411', '5003', '1', '1', '2', '52'),
('35411', '5550', '1', '1', '2', '893'),
('35411', '57', '731', '1487', '0', '700000'),
('35411', '948', '1', '1', '-1', '4532'),
('35412', '1832', '1', '1', '2', '79991'),
('35412', '1894', '1', '1', '2', '2527'),
('35412', '4039', '1', '1', '2', '2400'),
('35412', '4041', '1', '1', '2', '627'),
('35412', '4044', '1', '1', '2', '2400'),
('35412', '4051', '1', '1', '-1', '75618'),
('35412', '4105', '1', '1', '1', '824'),
('35412', '4106', '1', '1', '1', '811'),
('35412', '4166', '1', '1', '2', '595'),
('35412', '4621', '1', '1', '2', '100'),
('35412', '4981', '1', '1', '-1', '6055'),
('35412', '4998', '1', '1', '2', '896'),
('35412', '57', '788', '1598', '0', '700000'),
('35412', '91', '1', '1', '1', '4'),
('35412', '92', '1', '1', '1', '4'),
('35412', '948', '1', '1', '-1', '4875'),
('35413', '1867', '1', '1', '2', '140582'),
('35413', '1872', '1', '1', '2', '140582'),
('35413', '1882', '1', '1', '2', '23431'),
('35413', '1894', '1', '1', '2', '3700'),
('35413', '2439', '1', '1', '1', '23'),
('35413', '2475', '1', '1', '1', '23'),
('35413', '2487', '1', '1', '1', '23'),
('35413', '4042', '1', '1', '2', '1758'),
('35413', '4052', '1', '1', '-1', '88462'),
('35413', '4090', '1', '1', '1', '4141'),
('35413', '4091', '1', '1', '1', '4141'),
('35413', '4096', '1', '1', '1', '4141'),
('35413', '4099', '1', '1', '1', '4141'),
('35413', '4983', '1', '1', '-1', '5305'),
('35413', '4983', '1', '1', '2', '224'),
('35413', '5230', '1', '1', '-1', '3331'),
('35413', '5276', '1', '1', '2', '141'),
('35413', '57', '1011', '2047', '0', '700000'),
('35413', '601', '1', '1', '1', '23'),
('35414', '1865', '1', '1', '2', '112702'),
('35414', '1870', '1', '1', '2', '112702'),
('35414', '1875', '1', '1', '2', '7514'),
('35414', '1879', '1', '1', '2', '18784'),
('35414', '2380', '1', '1', '1', '14'),
('35414', '2381', '1', '1', '1', '6'),
('35414', '358', '1', '1', '1', '9'),
('35414', '4040', '1', '1', '2', '2254'),
('35414', '4052', '1', '1', '-1', '94558'),
('35414', '4078', '1', '1', '1', '1921'),
('35414', '4080', '1', '1', '1', '2705'),
('35414', '4081', '1', '1', '1', '1296'),
('35414', '4104', '1', '1', '-1', '15284'),
('35414', '5004', '1', '1', '2', '86'),
('35414', '5281', '1', '1', '2', '151'),
('35414', '57', '1080', '2188', '0', '700000'),
('35414', '948', '1', '1', '-1', '6677'),
('35415', '1868', '1', '1', '2', '140767'),
('35415', '1873', '1', '1', '2', '28154'),
('35415', '1889', '1', '1', '2', '4693'),
('35415', '268', '1', '1', '1', '5'),
('35415', '3956', '1', '1', '2', '94'),
('35415', '4044', '1', '1', '2', '2347'),
('35415', '4120', '1', '1', '1', '1385'),
('35415', '4129', '1', '1', '2', '762'),
('35415', '4621', '1', '1', '-1', '2958'),
('35415', '4624', '1', '1', '2', '98'),
('35415', '5230', '1', '1', '-1', '2859'),
('35415', '5549', '1', '1', '2', '7039'),
('35415', '57', '868', '1756', '0', '700000'),
('35415', '6670', '1', '1', '2', '11731'),
('35416', '1867', '1', '1', '2', '164090'),
('35416', '1872', '1', '1', '2', '164090'),
('35416', '1875', '1', '1', '2', '8205'),
('35416', '1881', '1', '1', '2', '16409'),
('35416', '2089', '1', '1', '-1', '15893'),
('35416', '2439', '1', '1', '1', '27'),
('35416', '2475', '1', '1', '1', '27'),
('35416', '2487', '1', '1', '1', '27'),
('35416', '4041', '1', '1', '2', '1071'),
('35416', '4053', '1', '1', '-1', '125008'),
('35416', '4090', '1', '1', '1', '4833'),
('35416', '4091', '1', '1', '1', '4833'),
('35416', '4096', '1', '1', '1', '4833'),
('35416', '4099', '1', '1', '1', '4833'),
('35416', '4124', '1', '1', '-1', '129619'),
('35416', '57', '1179', '2390', '0', '700000'),
('35416', '601', '1', '1', '1', '27');


/************ 修正物品 ************/
REPLACE INTO `etcitem` VALUES
(9632,'Wooden Bolt','false','bolt',6,'stackable','wood','none',-1,-1,2,0,'true','true','true','true','0-0;','false'),
(9633,'Bone Bolt','false','bolt',5,'stackable','wood','d',-1,-1,2,0,'true','true','true','true','0-0;','false'),
(9634,'Steel Bolt','false','bolt',4,'stackable','wood','c',-1,-1,5,0,'true','true','true','true','0-0;','false'),
(9635,'Silver Bolt','false','bolt',4,'stackable','wood','b',-1,-1,7,0,'true','true','true','true','0-0;','false'),
(9636,'Mithril Bolt','false','bolt',3,'stackable','wood','a',-1,-1,8,0,'true','true','true','true','0-0;','false'),
(9637,'Shining Bolt','false','bolt',3,'stackable','wood','s',-1,-1,10,0,'true','true','true','true','0-0;','false'),
(10113,'Special Bolt','false','none',6,'stackable','wood','none',-1,-1,0,0,'true','false','true','true','0-0;','false');


/************ 修正商店地區 ************/
REPLACE INTO `merchants` VALUES
(1032164,1),
(1032165,1),
(1032166,1),
(1032167,1),
(1032168,1),
(1032169,1);


/************ 修正武器 ************/
UPDATE `weapon` SET `change_weaponId` = '0' WHERE `item_id` = '11707';
UPDATE `weapon` SET `onCast_skill_chance` = '5' WHERE `item_id` in (5639);
UPDATE `weapon` SET `onCast_skill_chance` = '8' WHERE `item_id` in (8148);
UPDATE `weapon` SET `onCast_skill_chance` = '50' WHERE `item_id` in (7703);
UPDATE `weapon` SET `onCast_skill_id` = '1035' WHERE `item_id` in (7703);
UPDATE `weapon` SET `onCast_skill_id` = '1064' WHERE `item_id` in (5642,6312,8817);
UPDATE `weapon` SET `onCast_skill_id` = '1170' WHERE `item_id` in (5639,6315);
UPDATE `weapon` SET `onCast_skill_lvl` = '2' WHERE `item_id` in (7703);
UPDATE `weapon` SET `onCast_skill_lvl` = '6' WHERE `item_id` in (7815);
UPDATE `weapon` SET `onCrit_skill_chance` = '6' WHERE `item_id` in (4781);
UPDATE `weapon` SET `onCrit_skill_chance` = '7' WHERE `item_id` in (4775);
UPDATE `weapon` SET `onCrit_skill_chance` = '9' WHERE `item_id` in (4760,4766);
UPDATE `weapon` SET `onCrit_skill_chance` = '10' WHERE `item_id` in (5604,8125,9254,9287,9321);
UPDATE `weapon` SET `onCrit_skill_chance` = '12' WHERE `item_id` in (4780,4805);
UPDATE `weapon` SET `onCrit_skill_chance` = '14' WHERE `item_id` in (4773,4774,4796,4801);
UPDATE `weapon` SET `onCrit_skill_chance` = '15' WHERE `item_id` in (8104,8105,8128,8811,10956,10964,10972);
UPDATE `weapon` SET `onCrit_skill_chance` = '17' WHERE `item_id` in (4759,4765,4790);
UPDATE `weapon` SET `onCrit_skill_chance` = '20' WHERE `item_id` in (6308,10690,11065,11123,11168);
UPDATE `weapon` SET `onCrit_skill_chance` = '24' WHERE `item_id` in (8107,9323);
UPDATE `weapon` SET `onCrit_skill_chance` = '25' WHERE `item_id` in (4859);
UPDATE `weapon` SET `onCrit_skill_chance` = '27' WHERE `item_id` in (4856,6604);
UPDATE `weapon` SET `onCrit_skill_chance` = '29' WHERE `item_id` in (4852);
UPDATE `weapon` SET `onCrit_skill_chance` = '31' WHERE `item_id` in (4847,4849);
UPDATE `weapon` SET `onCrit_skill_chance` = '32' WHERE `item_id` in (4843);
UPDATE `weapon` SET `onCrit_skill_chance` = '34' WHERE `item_id` in (4835,4838,4840);
UPDATE `weapon` SET `onCrit_skill_chance` = '41' WHERE `item_id` in (4826);
UPDATE `weapon` SET `onCrit_skill_chance` = '48' WHERE `item_id` in (10450);
UPDATE `weapon` SET `onCrit_skill_chance` = '50' WHERE `item_id` in (4865,4877,4889,4898);
UPDATE `weapon` SET `onCrit_skill_chance` = '100' WHERE `item_id` in (4694,4789,4795,4804,4807,5604,5646,6308,8104,8105,8125,8128,8811,9254,9282,9287,9321,9347);
UPDATE `weapon` SET `onCrit_skill_id` = '1160' WHERE `item_id` in (6595,7578,9375);
UPDATE `weapon` SET `onCrit_skill_id` = '3039' WHERE `item_id` in (4804,5604,8128,8811,10690,10972,11065,11123,11168);
UPDATE `weapon` SET `onCrit_skill_lvl` = '3' WHERE `item_id` in (4804,8105,8811,9321,10690,10956,10964,10972,11168);
UPDATE `weapon` SET `onCrit_skill_lvl` = '4' WHERE `item_id` in (4694,6308,8104,9254,9282,9287,11123);
UPDATE `weapon` SET `onCrit_skill_lvl` = '5' WHERE `item_id` in (4795);
UPDATE `weapon` SET `onCrit_skill_lvl` = '6' WHERE `item_id` in (5646,8128,9347,11065,11087,11099);
UPDATE `weapon` SET `skill` = '3019-5;' WHERE `item_id` in (4787);
UPDATE `weapon` SET `skill` = '3260-1;3261-1;3262-1;' WHERE `item_id` in (9140,9141);
UPDATE `weapon` SET `skill` = '3599-1;' WHERE `item_id` in (5628,5634,7720,7721,8804,8805,10683,10684,11073,11131,11179,11180,12886,12887);


/************ 修正地獄邊界NPC ************/
REPLACE INTO `npc` VALUES
('22320', '22320', 'Junior Watchman', '0', '', '0', 'LineageMonster4.eyeless', '10.00', '45.00', '83', 'male', 'L2Monster', '55', '10374', '3014', '36.86', '5.09', '60', '55', '60', '45', '61', '41', '32638', '3524', '2257', '525', '1296', '500', '323', '500', '450', '0', '0', '0', '80', '200', 'beleth', '300', '0', '0', 'LAST_HIT', '50', '50', '75', 'balanced', 'false'),
('22321', '22321', 'Junior Summoner', '0', '', '0', 'LineageMonster2.vampire_witch', '22.00', '22.00', '83', 'female', 'L2Monster', '40', '10374', '3645', '34.86', '7.19', '45', '68', '41', '58', '55', '53', '31126', '3361', '2154', '520', '1496', '569', '322', '500', '450', '226', '0', '0', '80', '192', 'beleth', '300', '0', '0', 'LAST_HIT', '55', '85', '75', 'balanced', 'false'),
('22322', '22322', 'Subjugated Native', '0', '', '0', 'LineageNPC.a_common_peopleC_Mhuman', '8.00', '23.50', '83', 'male', 'L2Monster', '50', '1515', '515', '36.86', '5.09', '60', '60', '60', '50', '50', '50', '8689', '622', '2207', '888', '1296', '988', '381', '0', '381', '0', '0', '0', '80', '120', '', '0', '0', '0', 'LAST_HIT', '50', '50', '75', 'balanced', 'false'),
('22323', '22323', 'Charmed Native', '0', '', '0', 'LineageNPC.a_common_peopleC_Mhuman', '8.00', '23.50', '83', 'male', 'L2Monster', '40', '1515', '531', '36.86', '5.09', '41', '48', '45', '61', '64', '62', '5872', '622', '2207', '888', '1296', '999', '371', '0', '371', '0', '0', '0', '80', '120', '', '0', '0', '0', 'LAST_HIT', '40', '40', '75', 'balanced', 'false'),
('22324', '22324', 'Blind Huntsman', '0', '', '0', 'LineageMonster4.eyeless_080p', '36.00', '35.00', '83', 'male', 'L2Monster', '40', '4040', '1060', '36.86', '5.09', '59', '55', '62', '30', '30', '30', '9548', '888', '2207', '659', '1296', '502', '343', '500', '399', '0', '0', '0', '41', '182', 'beleth', '300', '0', '0', 'LAST_HIT', '100', '0', '30', 'fighter', 'false'),
('22325', '22325', 'Blind Watchman', '0', '', '0', 'LineageMonster4.eyeless_080p', '36.00', '35.00', '83', 'male', 'L2Monster', '40', '4040', '3551', '36.86', '5.09', '40', '43', '30', '30', '20', '10', '9548', '888', '2207', '562', '1269', '502', '355', '500', '580', '0', '0', '0', '41', '200', 'beleth', '300', '0', '0', 'LAST_HIT', '100', '0', '30', 'mage', 'false'),
('22326', '22326', 'Hellinark', '0', 'Naia\'s Guardian', '0', 'LineageMonster.karik', '19.00', '90.00', '84', 'male', 'L2Monster', '40', '530976', '4355', '202.02', '10.45', '64', '66', '68', '62', '61', '58', '905448', '13206', '6198', '2922', '3245', '2647', '382', '0', '3819', '0', '0', '0', '80', '307', '', '0', '0', '0', 'LAST_HIT', '0', '0', '0', 'balanced', 'false'),
('22327', '22327', 'Arcane Scout', '0', '', '0', 'LineageMonster.dark_mahum', '15.00', '27.00', '83', 'male', 'L2Monster', '40', '20719', '2645', '36.86', '5.09', '56', '55', '69', '50', '45', '41', '64078', '6919', '2554', '700', '1556', '620', '398', '700', '455', '234', '0', '0', '80', '200', 'ARCANE_CLAN', '300', '0', '0', 'LAST_HIT', '55', '150', '75', 'balanced', 'false'),
('22328', '22328', 'Arcane Guardian', '0', '', '0', 'LineageMonster3.Succubus_Raid', '12.00', '30.70', '83', 'male', 'L2Monster', '40', '10359', '2950', '36.86', '5.09', '61', '62', '63', '58', '58', '59', '27152', '2798', '2505', '621', '2775', '581', '333', '100', '555', '0', '0', '0', '80', '200', 'ARCANE_CLAN', '250', '0', '0', 'LAST_HIT', '80', '80', '75', 'balanced', 'false'),
('22329', '22329', 'Arcane Watchman', '0', '', '0', 'LineageMonster3.Death_Blader_Raid', '11.00', '34.00', '83', 'male', 'L2Monster', '40', '20719', '2154', '36.86', '5.09', '56', '57', '58', '55', '45', '41', '66586', '7190', '2554', '650', '1885', '542', '312', '700', '491', '0', '0', '0', '33', '162', 'ARCANE_CLAN', '300', '0', '0', 'LAST_HIT', '55', '155', '75', 'balanced', 'false'),
('22330', '22330', 'Remnant Wraith', '0', '', '0', 'LineageMonster3.zombie_laborer', '11.00', '25.00', '83', 'male', 'L2Monster', '40', '3030', '1444', '36.86', '5.00', '55', '56', '57', '45', '43', '44', '8907', '961', '2249', '700', '1258', '620', '366', '800', '411', '123', '0', '0', '55', '182', '', '400', '1', '0', 'LAST_HIT', '55', '75', '75', 'balanced', 'false'),
('22334', '22334', 'Sand Scorpion', '0', '', '0', 'LineageMonster2.sandScorpion', '28.00', '66.00', '84', 'male', 'L2Monster', '50', '10347', '2934', '30.86', '4.09', '64', '63', '66', '61', '61', '61', '31327', '3193', '2554', '548', '1698', '521', '404', '500', '392', '0', '0', '0', '80', '200', 'DESERT_CLAN', '150', '0', '0', 'LAST_HIT', '60', '20', '75', 'balanced', 'false'),
('22335', '22335', 'Desert Scorpion', '0', '', '0', 'LineageMonster2.sandScorpion', '28.00', '66.00', '84', 'male', 'L2Monster', '40', '10347', '2934', '36.86', '22.20', '60', '61', '62', '58', '59', '59', '30327', '3193', '2554', '548', '1654', '524', '333', '350', '398', '0', '0', '0', '80', '191', 'DESERT_CLAN', '150', '0', '0', 'LAST_HIT', '80', '50', '30', 'balanced', 'false'),
('22336', '22336', 'Sand Devil', '0', '', '0', 'LineageMonster2.imperial_warlord_zombie_sand', '7.00', '30.00', '84', 'male', 'L2Monster', '40', '5748', '1623', '36.86', '5.20', '61', '60', '61', '62', '59', '61', '53419', '3779', '2255', '584', '1255', '528', '399', '500', '424', '0', '0', '0', '80', '194', 'DESERT_CLAN', '150', '0', '0', 'LAST_HIT', '100', '100', '75', 'balanced', 'false'),
('22337', '22337', 'Desiccator', '0', '', '0', 'LineageMonster.skeleton_knight_sand', '10.00', '25.00', '84', 'male', 'L2Monster', '40', '5748', '1276', '36.86', '5.20', '61', '62', '59', '61', '56', '57', '15715', '1676', '2111', '576', '1598', '521', '401', '1000', '401', '150', '0', '0', '80', '191', 'DESERT_CLAN', '500', '1', '0', 'LAST_HIT', '80', '80', '30', 'balanced', 'false'),
('22339', '22339', 'Wandering Caravan', '0', '', '0', 'LineageMonster4.Caravan', '33.00', '58.50', '84', 'male', 'L2Monster', '40', '3191', '1381', '36.86', '5.09', '61', '61', '61', '58', '58', '59', '10405', '1003', '2552', '650', '1850', '700', '381', '300', '481', '0', '0', '0', '80', '120', '', '0', '0', '0', 'LAST_HIT', '80', '80', '30', 'balanced', 'false'),
('22340', '22340', 'Sandstorm', '0', '', '0', 'LineageMonster4.SandTourbillon', '10.00', '28.00', '84', 'male', 'L2Monster', '40', '10347', '2934', '36.86', '5.20', '63', '64', '66', '59', '54', '56', '29370', '3133', '2350', '586', '1258', '527', '369', '500', '424', '98', '0', '0', '80', '200', 'DESERT_CLAN', '150', '0', '0', 'LAST_HIT', '100', '100', '75', 'balanced', 'false'),
('22341', '22341', 'Keltas', '0', '', '0', 'LineageMonster3.Vampire_Troop_Leader', '19.00', '35.00', '84', 'male', 'L2Monster', '40', '61999', '2439', '36.86', '5.20', '56', '52', '54', '45', '43', '44', '89895', '9591', '2554', '650', '1864', '620', '333', '500', '450', '80', '0', '0', '34', '182', 'KELTAS_CLAN', '300', '0', '0', 'LAST_HIT', '55', '150', '1000', 'balanced', 'false'),
('22342', '22342', 'Darion\'s Executioner', '0', '', '0', 'LineageMonster.silhouette', '22.00', '35.00', '84', 'male', 'L2Monster', '40', '3190', '2115', '23.11', '9.81', '22', '21', '18', '28', '29', '25', '6212', '652', '2115', '710', '1850', '650', '323', '300', '550', '0', '0', '0', '80', '186', 'KELTAS_CLAN', '300', '0', '0', 'LAST_HIT', '0', '0', '0', 'balanced', 'false'),
('22343', '22343', 'Darion\'s Executioner', '0', '', '0', 'LineageMonster.shadeless', '22.00', '35.00', '84', 'male', 'L2Monster', '40', '3190', '1897', '22.10', '4.09', '26', '22', '21', '22', '21', '18', '4998', '503', '2249', '780', '1820', '610', '333', '500', '420', '0', '0', '0', '80', '182', 'KELTAS_CLAN', '350', '0', '0', 'LAST_HIT', '0', '0', '0', 'balanced', 'false'),
('22344', '22344', 'Quarry Supervior', '0', '', '0', 'LineageMonster2.vampire_warrior', '9.00', '32.00', '84', 'male', 'L2Monster', '40', '12934', '6467', '36.86', '5.09', '61', '64', '68', '59', '58', '53', '28213', '4719', '2559', '582', '1556', '506', '321', '500', '401', '6723', '0', '0', '50', '191', 'QUARRY_CLAN', '300', '0', '0', 'LAST_HIT', '50', '50', '30', 'balanced', 'false'),
('22345', '22345', 'Quarry Supervior', '0', '', '0', 'LineageMonster2.vampire_wizard', '20.00', '28.00', '84', 'female', 'L2Monster', '40', '4311', '2543', '36.86', '5.09', '50', '61', '45', '61', '57', '49', '11194', '1151', '2111', '562', '2698', '502', '278', '150', '600', '0', '0', '0', '50', '198', 'QUARRY_CLAN', '300', '0', '0', 'LAST_HIT', '55', '155', '75', 'mage', 'false'),
('22346', '22346', 'Quarry Foreman', '0', '', '0', 'LineageMonster3.Vampire_Troop_Leader_120p', '22.00', '44.00', '84', 'male', 'L2Monster', '50', '20666', '2222', '42.34', '22.10', '62', '64', '65', '54', '55', '56', '52247', '4154', '2655', '620', '1854', '509', '333', '500', '301', '8686', '0', '0', '66', '196', 'QUARRY_CLAN', '700', '0', '0', 'LAST_HIT', '40', '90', '75', 'balanced', 'false'),
('22347', '22347', 'Quarry Patrolman', '0', '', '0', 'LineageMonster4.eyeless_080p', '32.00', '35.00', '84', 'male', 'L2Monster', '100', '12934', '2934', '36.86', '13.20', '61', '64', '62', '59', '56', '54', '18911', '3919', '2646', '575', '1689', '506', '401', '500', '401', '0', '0', '0', '80', '194', 'QUARRY_CLAN', '700', '0', '0', 'LAST_HIT', '100', '20', '75', 'balanced', 'false'),
('22349', '22349', 'Chimera of Earth', '0', '', '0', 'LineageMonster4.Chimera', '35.00', '36.00', '84', 'male', 'L2Monster', '40', '25833', '3566', '23.11', '9.81', '55', '52', '62', '51', '55', '51', '70935', '7567', '2554', '780', '1892', '600', '353', '800', '453', '0', '0', '0', '40', '201', 'CHIMERA_CLAN', '500', '0', '0', 'LAST_HIT', '0', '0', '0', 'balanced', 'false'),
('22350', '22350', 'Chimera of Darkness', '0', '', '0', 'LineageMonster4.Chimera', '35.00', '36.00', '84', 'male', 'L2Monster', '40', '25833', '3566', '23.11', '9.81', '54', '53', '51', '56', '50', '58', '73681', '7861', '2554', '780', '2100', '600', '353', '800', '453', '0', '0', '0', '40', '201', 'CHIMERA_CLAN', '500', '0', '0', 'LAST_HIT', '0', '0', '0', 'balanced', 'false'),
('22351', '22351', 'Chimera of Wind', '0', '', '0', 'LineageMonster4.Chimera', '35.00', '36.00', '84', 'male', 'L2Monster', '40', '25833', '3566', '23.11', '9.81', '55', '54', '56', '66', '55', '51', '73681', '7567', '2554', '780', '2300', '600', '353', '800', '453', '0', '0', '0', '40', '201', 'CHIMERA_CLAN', '500', '0', '0', 'LAST_HIT', '0', '0', '0', 'balanced', 'false'),
('22352', '22352', 'Chimera of Fire', '0', '', '0', 'LineageMonster4.Chimera', '35.00', '36.00', '84', 'male', 'L2Monster', '40', '25833', '3256', '23.11', '9.81', '55', '51', '52', '57', '50', '51', '71195', '7595', '2554', '780', '2300', '600', '353', '800', '453', '0', '0', '0', '40', '201', 'CHIMERA_CLAN', '500', '0', '0', 'LAST_HIT', '0', '0', '0', 'balanced', 'false'),
('22353', '22353', 'Celtus', '0', 'Chimera', '0', 'LineageMonster4.Chimera', '35.00', '36.00', '84', 'male', 'L2Monster', '40', '106195', '2479', '33.11', '9.81', '55', '46', '66', '41', '42', '43', '0', '0', '2554', '950', '1989', '910', '353', '500', '453', '0', '0', '0', '40', '201', 'CHIMERA_CLAN', '500', '0', '0', 'LAST_HIT', '0', '0', '0', 'balanced', 'false'),
('22355', '22355', 'Enceinte Defender', '0', '', '0', 'LineageMonster4.eyeless', '50.00', '50.00', '85', 'male', 'L2Monster', '40', '22048', '2048', '22.40', '45.30', '40', '38', '37', '21', '22', '23', '32641', '7029', '4800', '1075', '4800', '1540', '445', '248', '445', '0', '0', '0', '80', '120', '', '0', '0', '0', 'LAST_HIT', '90', '90', '30', 'balanced', 'false'),
('22356', '22356', 'Enceinte Defender', '0', '', '0', 'LineageMonster4.eyeless', '50.00', '50.00', '85', 'male', 'L2Monster', '40', '41810', '2154', '23.11', '11.10', '32', '34', '28', '22', '21', '18', '72657', '4203', '2554', '720', '1923', '680', '334', '300', '365', '0', '0', '0', '80', '182', 'E1', '0', '0', '0', 'LAST_HIT', '0', '0', '0', 'balanced', 'false'),
('22357', '22357', 'Enceinte Defender', '0', '', '0', 'LineageMonster4.eyeless', '50.00', '50.00', '85', 'male', 'L2Monster', '40', '25715', '2689', '23.11', '4.09', '43', '41', '38', '32', '31', '30', '41657', '4203', '2554', '720', '1989', '680', '353', '300', '453', '0', '0', '0', '80', '182', 'E2', '500', '0', '0', 'LAST_HIT', '0', '0', '0', 'balanced', 'false'),
('22358', '22358', 'Enceinte Defender', '0', '', '0', 'LineageMonster4.eyeless', '50.00', '50.00', '85', 'male', 'L2Monster', '40', '22048', '3566', '23.11', '4.09', '32', '33', '31', '33', '32', '28', '36247', '3424', '2554', '720', '1989', '680', '353', '300', '553', '0', '0', '0', '80', '182', 'E3', '500', '0', '0', 'LAST_HIT', '0', '0', '0', 'balanced', 'false');


/************ 加入 L2Emu 的神諭之島設定 ************/
UPDATE `etcitem` SET `handler` = 'PaganKeys' WHERE `item_id` = '9694';
UPDATE `etcitem` SET `skill` = '2362-1;', `handler` = 'PaganKeys' WHERE `item_id` = '10015';
DELETE FROM `spawnlist` WHERE `npc_templateid` IN (32359);
REPLACE INTO `npc` VALUES
('18369', '18369', 'Chromatic Crystaline Golem', '0', '', '0', 'LineageMonster4.Crystal_Golem', '40.00', '47.00', '82', 'male', 'L2Monster', '40', '4663', '1633', '0.00', '0.00', '45', '45', '43', '42', '45', '43', '9308', '1016', '2224', '730', '1199', '950', '277', '500', '253', '0', '0', '0', '80', '120', 'CHROMATIC_GOLEM_CLAN', '700', '0', '0', 'LAST_HIT', '5', '5', '0', 'balanced', 'false'),
('18370', '18370', 'Chromatic Crystaline Golem', '0', '', '0', 'LineageMonster4.Crystal_Golem', '40.00', '47.00', '82', 'male', 'L2Monster', '40', '4664', '1445', '0.00', '0.00', '45', '41', '42', '43', '42', '45', '9308', '1016', '2001', '730', '1199', '950', '391', '500', '391', '0', '0', '0', '80', '120', 'CHROMATIC_GOLEM_CLAN', '700', '0', '0', 'LAST_HIT', '0', '5', '0', 'balanced', 'false'),
('18371', '18371', 'Beleth Sample', '0', '', '0', 'LineageMonster3.zombie_gateguard', '17.00', '30.50', '82', 'male', 'L2Monster', '40', '4663', '2444', '0.00', '0.00', '44', '44', '44', '55', '55', '55', '3848', '420', '2305', '665', '2305', '765', '320', '0', '320', '8217', '0', '0', '0', '0', '', '0', '1', '0', 'LAST_HIT', '0', '0', '0', 'balanced', 'false'),
('18372', '18372', 'Beleth Sample', '0', '', '0', 'LineageMonster3.zombie_laborer', '11.00', '24.60', '82', 'male', 'L2Monster', '40', '2332', '1436', '0.00', '0.00', '40', '41', '41', '20', '20', '20', '3848', '420', '2445', '990', '1880', '1120', '310', '0', '310', '8529', '0', '0', '0', '0', '', '0', '1', '0', 'LAST_HIT', '0', '0', '0', 'balanced', 'false'),
('18373', '18373', 'Beleth Sample', '0', '', '0', 'LineageMonster3.zombie_enlisted_man', '17.00', '22.30', '81', 'male', 'L2Monster', '40', '2332', '1637', '0.00', '0.00', '41', '41', '44', '40', '40', '40', '3848', '420', '2557', '766', '1264', '775', '330', '0', '330', '0', '0', '0', '0', '0', '', '0', '1', '0', 'LAST_HIT', '0', '0', '0', 'balanced', 'false'),
('18374', '18374', 'Beleth Sample', '0', '', '0', 'LineageMonster3.zombie_em_knight', '17.00', '22.30', '82', 'male', 'L2Monster', '40', '2332', '1637', '0.00', '0.00', '45', '45', '45', '40', '40', '40', '3848', '420', '2554', '745', '1225', '775', '391', '0', '391', '8219', '0', '0', '0', '0', '', '0', '1', '0', 'LAST_HIT', '100', '50', '30', 'balanced', 'false'),
('18375', '18375', 'Beleth Sample', '0', '', '0', 'LineageMonster.skeleton_royal_guard', '11.00', '28.50', '82', 'male', 'L2Monster', '40', '1554', '1225', '3.00', '3.00', '41', '31', '35', '40', '40', '40', '3848', '420', '2557', '756', '1225', '775', '333', '0', '333', '946', '945', '0', '0', '0', '', '0', '1', '0', 'LAST_HIT', '0', '0', '0', 'balanced', 'false'),
('18376', '18376', 'Beleth Sample', '0', '', '0', 'LineageMonster.vale_master', '16.00', '47.00', '82', 'male', 'L2Monster', '40', '2332', '2664', '0.00', '0.00', '55', '40', '55', '40', '40', '40', '3848', '420', '2554', '760', '1355', '825', '333', '0', '333', '205', '0', '0', '0', '0', '', '0', '1', '0', 'LAST_HIT', '0', '0', '0', 'balanced', 'false'),
('18377', '18377', 'Beleth Sample', '0', '', '0', 'LineageMonster.skeleton_knight', '10.00', '25.00', '82', 'male', 'L2Monster', '40', '2332', '2664', '0.00', '0.00', '40', '40', '40', '20', '20', '20', '3848', '420', '2554', '760', '1220', '825', '278', '0', '333', '150', '103', '0', '0', '0', '', '0', '1', '0', 'LAST_HIT', '0', '0', '0', 'balanced', 'false'),
('22264', '22264', 'Castalia', '0', '', '0', 'LineageMonster4.tears_d', '20.00', '28.00', '82', 'male', 'L2Monster', '40', '4663', '1934', '26.86', '3.09', '42', '45', '42', '25', '22', '24', '13088', '1431', '1912', '598', '1220', '485', '310', '200', '560', '9638', '9638', '0', '60', '180', 'water_clan', '400', '0', '0', 'LAST_HIT', '50', '50', '75', 'balanced', 'true'),
('22272', '22272', 'Beleth\'s Minion', '0', '', '0', 'LineageMonster.vale_master', '12.00', '40.00', '82', 'male', 'L2Monster', '40', '9327', '1442', '26.86', '3.09', '40', '43', '41', '21', '20', '10', '16529', '1727', '2554', '735', '1220', '865', '310', '0', '333', '0', '0', '0', '80', '192', 'BELETH_MINION_CLAN', '200', '1', '0', 'LAST_HIT', '0', '0', '0', 'fighter', 'false'),
('22273', '22273', 'Beleth\'s Minion', '0', '', '0', 'LineageMonster.silhouette', '8.00', '23.00', '82', 'male', 'L2Monster', '40', '9327', '1448', '26.86', '3.09', '51', '52', '54', '32', '31', '32', '15999', '1669', '1912', '650', '1880', '865', '372', '0', '333', '0', '0', '0', '88', '192', 'BELETH_MINION_CLAN', '200', '1', '0', 'LAST_HIT', '0', '0', '0', 'balanced', 'false'),
('22274', '22274', 'Beleth\'s Minion', '0', '', '0', 'LineageMonster.shadeless', '7.00', '28.00', '82', 'male', 'L2Monster', '40', '9327', '2662', '26.86', '3.09', '40', '43', '40', '21', '20', '20', '16318', '1705', '2557', '702', '1220', '765', '325', '0', '325', '0', '0', '0', '80', '192', 'BELETH_MINION_CLAN', '200', '1', '0', 'LAST_HIT', '0', '0', '0', 'fighter', 'false'),
('22275', '22275', 'Gatekeeper Lohan', '0', '', '0', 'LineageMonster3.Jungle_Bleeze', '50.00', '50.00', '81', 'male', 'L2Monster', '40', '52146', '2691', '26.86', '3.09', '44', '44', '44', '34', '31', '28', '73450', '8215', '2249', '700', '1820', '650', '395', '0', '399', '0', '0', '0', '22', '192', 'NULL', '0', '0', '0', 'LAST_HIT', '150', '55', '150', 'fighter', 'false'),
('22276', '22276', 'Gatekeeper of the Square', '0', '', '0', 'LineageMonster4.Crystal_Golem', '20.00', '47.00', '81', 'male', 'L2Monster', '40', '18434', '1608', '26.86', '3.09', '45', '44', '44', '21', '20', '10', '26648', '2803', '2554', '700', '1820', '650', '333', '0', '333', '0', '0', '0', '49', '192', 'NULL', '0', '0', '0', 'LAST_HIT', '150', '50', '150', 'fighter', 'false'),
('22277', '22277', 'Gatekeeper Provo', '0', '', '0', 'LineageMonster2.lava_golem', '22.00', '47.00', '81', 'male', 'L2Monster', '40', '52146', '2479', '26.86', '3.09', '40', '43', '41', '36', '34', '35', '73450', '8215', '2249', '890', '1820', '990', '325', '0', '325', '0', '0', '0', '49', '192', 'NULL', '0', '0', '0', 'LAST_HIT', '150', '55', '150', 'fighter', 'false'),
('22278', '22278', 'Gatekeeper of Fire', '0', '', '0', 'LineageMonster4.Crystal_Golem', '20.00', '47.00', '81', 'male', 'L2Monster', '40', '18434', '1608', '26.86', '3.09', '40', '43', '44', '21', '20', '10', '26648', '2803', '2249', '890', '1820', '990', '311', '0', '311', '0', '0', '0', '49', '196', '0', '0', '0', '0', 'LAST_HIT', '150', '50', '150', 'fighter', 'false'),
('22280', '22280', 'Rodo Knight', '0', '', '0', 'LineageMonster4.Crystal_Golem', '20.00', '47.00', '82', 'male', 'L2Monster', '40', '9327', '1664', '26.86', '3.09', '45', '44', '45', '21', '20', '10', '15999', '1669', '2249', '800', '1220', '900', '364', '750', '431', '0', '0', '0', '49', '192', 'NULL', '0', '0', '0', 'LAST_HIT', '0', '0', '0', 'fighter', 'false'),
('22281', '22281', 'Plaza Caiman', '0', '', '0', 'LineageMonster3.Crokian_Officer', '25.00', '33.00', '82', 'male', 'L2Monster', '40', '8675', '1338', '26.86', '3.09', '46', '43', '30', '40', '40', '40', '9625', '1106', '1912', '780', '1220', '800', '341', '500', '381', '0', '0', '0', '38', '192', '', '0', '0', '0', 'LAST_HIT', '0', '0', '0', 'balanced', 'false'),
('22282', '22282', 'Chromatic Detainee', '0', '', '0', 'LineageMonster3.Crokian_Officer', '25.00', '33.00', '81', 'male', 'L2Monster', '40', '18434', '1896', '26.86', '3.09', '40', '43', '40', '21', '20', '10', '26648', '2803', '1863', '499', '1182', '477', '410', '1000', '411', '0', '0', '0', '38', '165', 'GATEKEEPER_LOHAN_CLAN', '500', '0', '0', 'LAST_HIT', '0', '0', '0', 'fighter', 'false'),
('22284', '22284', 'Chromatic Detainee', '0', '', '0', 'LineageMonster.blade_stakato', '15.00', '35.00', '81', 'male', 'L2Monster', '40', '18434', '1896', '26.86', '3.09', '40', '43', '40', '21', '20', '10', '26648', '2803', '2554', '499', '1182', '477', '315', '1000', '333', '0', '0', '0', '27', '165', 'GATEKEEPER_PROVO_CLAN', '500', '0', '0', 'LAST_HIT', '0', '0', '0', 'fighter', 'false'),
('22286', '22286', 'Plaza Gaviel', '0', '', '0', 'LineageMonster3.Crokian_Officer', '25.00', '33.00', '82', 'male', 'L2Monster', '40', '8675', '1338', '26.86', '3.09', '40', '43', '39', '15', '15', '15', '9625', '1106', '2249', '780', '1220', '800', '366', '300', '366', '0', '0', '0', '38', '192', 'NULL', '0', '0', '0', 'LAST_HIT', '50', '50', '0', 'fighter', 'false'),
('22287', '22287', 'Crystaline Unicorn', '0', '', '0', 'LineageMonster.unicorn', '14.00', '30.00', '82', 'male', 'L2Monster', '40', '27983', '1995', '26.86', '3.09', '55', '55', '53', '31', '30', '20', '42503', '4158', '2554', '700', '2220', '650', '394', '750', '450', '0', '0', '0', '50', '199', 'SQUARE_GUARDIAN', '50', '0', '0', 'LAST_HIT', '0', '0', '0', 'balanced', 'false'),
('22288', '22288', 'Emerald Boar', '0', '', '0', 'LineageMonster.giant_wild_hog', '35.00', '27.00', '82', 'male', 'L2Monster', '40', '27983', '1996', '26.86', '3.09', '45', '45', '45', '21', '20', '10', '42503', '4158', '1912', '890', '1220', '1150', '377', '0', '377', '0', '0', '0', '49', '192', 'NULL', '0', '0', '0', 'LAST_HIT', '0', '0', '0', 'fighter', 'false'),
('22289', '22289', 'Plaza Helm', '0', '', '0', 'LineageMonster2.ketra_warbeast', '40.00', '47.00', '82', 'male', 'L2Monster', '40', '23319', '8000', '0.00', '0.00', '40', '40', '40', '20', '20', '20', '36332', '3789', '1912', '660', '1220', '770', '366', '150', '377', '0', '0', '0', '80', '120', '', '0', '0', '0', 'LAST_HIT', '50', '50', '0', 'balanced', 'false'),
('22292', '22292', 'Tourmaline', '0', '', '0', 'LineageMonster4.Crystal_Golem', '40.00', '47.00', '82', 'male', 'L2Monster', '40', '2332', '1934', '26.86', '3.09', '45', '43', '47', '21', '20', '10', '17059', '1865', '2445', '700', '1220', '650', '377', '750', '333', '0', '0', '0', '49', '192', 'TOURMALINE_CLAN', '500', '0', '0', 'LAST_HIT', '0', '0', '0', 'balanced', 'false'),
('22293', '22293', 'Spinel', '0', 'Lonely', '0', 'LineageMonster.stone_golem', '40.00', '27.00', '82', 'male', 'L2Monster', '40', '9328', '1663', '36.86', '3.09', '51', '47', '49', '46', '20', '10', '15419', '1612', '2445', '750', '1880', '600', '315', '300', '381', '0', '0', '0', '49', '192', 'REEF_CLAN', '50', '0', '0', 'LAST_HIT', '0', '0', '0', 'balanced', 'false'),
('22294', '22294', 'Fire Opal', '0', '', '0', 'LineageMonster4.Crystal_Golem', '40.00', '47.00', '82', 'male', 'L2Monster', '40', '2332', '1664', '26.86', '3.09', '55', '55', '55', '21', '20', '10', '17059', '1864', '2249', '990', '1220', '1165', '402', '300', '402', '0', '0', '0', '49', '192', 'IRIS_CLAN', '500', '0', '0', 'LAST_HIT', '0', '0', '0', 'fighter', 'false'),
('22297', '22297', 'Reef Golem', '0', '', '0', 'LineageMonster4.Crystal_Golem', '40.00', '47.00', '82', 'male', 'L2Monster', '40', '3470', '1648', '80.58', '3.09', '55', '43', '51', '41', '35', '31', '20724', '2265', '2445', '750', '1880', '700', '253', '500', '253', '0', '0', '0', '80', '165', 'REEF_CLAN', '100', '0', '0', 'LAST_HIT', '0', '0', '0', 'balanced', 'false'),
('22298', '22298', 'Weylin', '0', '', '0', 'LineageMonster.banshee_30_bi', '20.00', '27.50', '82', 'female', 'L2Monster', '80', '13014', '3014', '34.86', '4.09', '57', '53', '55', '50', '48', '50', '33024', '3610', '3554', '750', '2455', '700', '391', '1000', '491', '3939', '0', '0', '80', '120', 'WEYLIN_CLAN', '1000', '0', '0', 'LAST_HIT', '0', '0', '0', 'balanced', 'false'),
('22299', '22299', 'Dolph', '0', '', '0', 'LineageMonster.pan_100_bi', '20.00', '66.00', '82', 'male', 'L2Monster', '40', '20793', '3328', '36.86', '9.81', '52', '51', '54', '60', '60', '50', '38031', '4158', '2559', '700', '2578', '650', '491', '1000', '491', '305', '0', '0', '80', '192', 'DOLPH_CLAN', '1000', '0', '0', 'LAST_HIT', '100', '155', '150', 'balanced', 'false'),
('22301', '22301', 'Ted', '0', '', '0', 'LineageMonster.doll_master_20_bi', '20.00', '55.00', '82', 'male', 'L2Monster', '40', '10410', '2354', '36.86', '5.09', '60', '55', '49', '45', '55', '45', '38284', '4185', '4150', '1250', '3450', '1350', '391', '1000', '353', '0', '0', '0', '80', '192', 'TED_CLAN', '1000', '0', '0', 'LAST_HIT', '50', '50', '80', 'balanced', 'false'),
('22303', '22303', 'Guardian of the Square', '0', '', '0', 'LineageMonster3.ice_fairy', '20.00', '38.00', '82', 'male', 'L2Monster', '40', '13013', '3014', '15.40', '13.30', '49', '43', '45', '45', '44', '44', '47528', '5196', '5559', '700', '3245', '650', '392', '1000', '500', '0', '0', '0', '55', '192', 'SQUARE_GUARDIAN', '700', '0', '0', 'LAST_HIT', '0', '0', '0', 'balanced', 'false'),
('22304', '22304', 'Guardian of the Emerald', '0', '', '0', 'LineageMonster.blue_eye_150p', '20.00', '27.00', '82', 'male', 'L2Monster', '40', '10410', '2507', '26.86', '3.09', '52', '54', '55', '31', '30', '20', '38183', '4174', '7226', '700', '6995', '650', '391', '1000', '491', '0', '0', '0', '49', '192', 'EMERALD_GUARDIAN', '500', '0', '0', 'LAST_HIT', '0', '0', '0', 'balanced', 'false'),
('22306', '22306', 'Kechi\'s Captain', '0', '', '0', 'LineageMonster2.lava_golem', '36.00', '43.50', '82', 'male', 'L2Monster', '40', '26027', '4603', '26.86', '3.09', '45', '44', '44', '21', '20', '10', '44290', '1106', '2249', '890', '1880', '990', '278', '500', '333', '79', '0', '0', '49', '192', 'STEAM_CLAN', '100', '0', '0', 'LAST_HIT', '0', '0', '0', 'balanced', 'false'),
('22307', '22307', 'Kechi\'s Captain', '0', '', '0', 'LineageMonster3.Steel_Trapper', '36.00', '43.50', '82', 'male', 'L2Monster', '40', '20821', '1934', '26.86', '3.09', '40', '43', '45', '21', '20', '10', '38407', '4004', '2249', '890', '1880', '990', '400', '500', '333', '0', '0', '0', '49', '192', 'STEAM_CLAN', '50', '0', '0', 'LAST_HIT', '0', '0', '0', 'balanced', 'false'),
('22309', '22309', 'Kechi\'s Guard', '0', '', '0', 'LineageMonster.blade_stakato_soldier', '32.00', '35.00', '82', 'male', 'L2Monster', '40', '13991', '1934', '26.86', '3.09', '40', '43', '30', '21', '20', '10', '41254', '2225', '2554', '450', '1220', '620', '278', '1000', '333', '79', '0', '0', '49', '192', 'KECHI_CLAN', '500', '0', '0', 'LAST_HIT', '0', '0', '0', 'fighter', 'false'),
('22310', '22310', 'Kechi\'s Guard', '0', '', '0', 'LineageMonster3.portrait_spirit_150p', '32.00', '35.00', '82', 'male', 'L2Monster', '40', '4663', '1934', '26.86', '3.09', '40', '43', '30', '21', '20', '10', '9625', '1106', '1912', '669', '1880', '650', '278', '1000', '455', '0', '0', '0', '49', '192', 'KECHI_CLAN', '700', '0', '0', 'LAST_HIT', '0', '0', '0', 'balanced', 'false'),
('22313', '22313', 'Garden Stakato', '0', '', '0', 'LineageMonster.blade_stakato_drone', '15.00', '39.00', '83', 'male', 'L2Monster', '40', '8645', '1645', '26.86', '3.09', '62', '61', '64', '40', '40', '40', '15320', '1574', '2554', '750', '1880', '700', '402', '300', '402', '236', '0', '0', '22', '181', 'GARDEN_CLAN', '50', '0', '0', 'LAST_HIT', '80', '80', '30', 'balanced', 'false'),
('22314', '22314', 'Garden Poison Moth', '0', '', '0', 'LineageMonster4.Anthias', '20.00', '40.00', '83', 'male', 'L2Monster', '40', '8645', '2645', '26.86', '3.09', '60', '60', '60', '50', '50', '50', '14990', '1538', '2554', '700', '1880', '750', '401', '500', '455', '0', '0', '0', '22', '181', 'GARDEN_CLAN', '50', '0', '0', 'LAST_HIT', '80', '80', '30', 'balanced', 'false'),
('22315', '22315', 'Garden Guard ', '0', '', '0', 'LineageMonster.water_giant', '40.00', '43.00', '83', 'male', 'L2Monster', '40', '5763', '1972', '26.86', '3.09', '40', '43', '30', '21', '20', '10', '11686', '1262', '2554', '650', '1880', '600', '355', '350', '455', '5132', '0', '0', '50', '181', 'GARDEN_CLAN', '50', '0', '0', 'LAST_HIT', '0', '0', '0', 'balanced', 'false'),
('22316', '22316', 'Garden Guardian Tree', '0', '', '0', 'LineageMonster3.Jungle_Bleeze', '20.00', '47.00', '83', 'male', 'L2Monster', '40', '5763', '2323', '36.86', '3.09', '40', '50', '30', '21', '20', '10', '33857', '3656', '4540', '750', '1880', '700', '390', '1000', '390', '0', '0', '0', '22', '181', 'GARDEN_CLAN', '150', '0', '0', 'LAST_HIT', '0', '0', '0', 'balanced', 'false'),
('22317', '22317', 'Garden Castalia', '0', '', '0', 'LineageMonster4.tears_d', '20.00', '27.00', '83', 'male', 'L2Monster', '40', '4322', '1322', '26.86', '10.20', '44', '45', '42', '46', '30', '32', '7461', '776', '2554', '750', '1880', '700', '372', '350', '455', '9640', '9638', '0', '80', '120', 'GARDEN_CLAN', '50', '0', '0', 'LAST_HIT', '0', '0', '0', 'balanced', 'false'),
('22402', '22402', 'Shadow Column', '0', '', '0', 'LineageNpcEV.dark_clouds_chessman', '60.00', '79.00', '82', 'male', 'L2Monster', '40', '2332', '1884', '67.15', '3.09', '65', '65', '65', '45', '45', '45', '4232', '465', '0', '735', '1220', '765', '355', '0', '355', '0', '0', '0', '0', '0', '', '0', '0', '0', 'LAST_HIT', '0', '0', '0', 'balanced', 'false'),
('22416', '22416', 'Kechi\'s Captain', '0', '', '0', 'LineageMonster2.ifrit_30_bi', '36.00', '55.00', '82', 'male', 'L2Monster', '40', '13013', '2154', '23.11', '4.09', '23', '24', '25', '33', '21', '25', '0', '0', '2554', '720', '1258', '700', '332', '500', '353', '0', '0', '0', '80', '192', 'STEAM_CLAN', '100', '0', '0', 'LAST_HIT', '0', '0', '0', 'balanced', 'false'),
('22417', '22417', 'Kechi\'s Guard', '0', '', '0', 'LineageMonster3.portrait_spirit_winged_150p', '36.00', '43.50', '82', 'male', 'L2Monster', '40', '13991', '2345', '0.00', '0.00', '23', '22', '24', '10', '10', '10', '20754', '2160', '2554', '650', '1880', '700', '253', '1000', '455', '0', '0', '0', '80', '120', 'KECHI_CLAN', '700', '0', '0', 'LAST_HIT', '0', '0', '0', 'balanced', 'false'),
('22418', '22418', 'Burning Iris', '0', '', '0', 'LineageMonster4.eyeless_080p', '32.00', '35.00', '82', 'male', 'L2Monster', '40', '9328', '1446', '26.86', '3.09', '40', '42', '39', '30', '30', '30', '14080', '1468', '2249', '760', '1880', '710', '345', '250', '424', '0', '0', '0', '80', '120', 'STEAM_CLAN', '50', '0', '0', 'LAST_HIT', '0', '0', '0', 'balanced', 'false'),
('22419', '22419', 'Flame Iris', '0', '', '0', 'LineageMonster4.eyeless_080p', '32.00', '35.00', '82', 'male', 'L2Monster', '40', '9328', '1664', '26.86', '3.09', '40', '40', '40', '35', '35', '35', '13237', '1377', '2249', '760', '1450', '700', '371', '250', '371', '0', '0', '0', '80', '120', 'STEAM_CLAN', '50', '0', '0', 'LAST_HIT', '0', '0', '0', 'balanced', 'false'),
('22420', '22420', 'Brimstone Iris', '0', '', '0', 'LineageMonster4.eyeless_080p', '32.00', '35.00', '82', 'male', 'L2Monster', '40', '9328', '1664', '26.86', '3.09', '41', '45', '45', '35', '35', '35', '14435', '1506', '2249', '720', '1750', '700', '345', '250', '424', '0', '0', '0', '80', '120', 'STEAM_CLAN', '50', '0', '0', 'LAST_HIT', '0', '0', '0', 'balanced', 'false'),
('25531', '25531', 'Darnel', '0', 'Square', '0', 'LineageMonster4.rah', '20.00', '40.00', '81', 'female', 'L2RaidBoss', '60', '2140552', '17569', '382.02', '10.32', '65', '66', '68', '70', '62', '65', '1543436', '615888', '8856', '4615', '7408', '2011', '424', '0', '3819', '0', '0', '0', '80', '307', '', '0', '0', '0', 'FULL_PARTY', '0', '0', '0', 'balanced', 'false'),
('25532', '25532', 'Kechi', '0', 'Fire', '0', 'LineageMonster4.Keyache', '12.00', '29.00', '82', 'male', 'L2RaidBoss', '50', '534278', '16784', '402.02', '10.45', '70', '69', '64', '67', '68', '70', '2329744', '867941', '8856', '5286', '7408', '2911', '422', '0', '3819', '0', '0', '0', '80', '307', '', '0', '0', '0', 'FULL_PARTY', '200', '250', '50', 'balanced', 'false'),
('25534', '25534', 'Tears', '0', 'Ice', '0', 'LineageMonster4.tears', '20.00', '27.50', '83', 'female', 'L2RaidBoss', '40', '2219066', '19500', '362.02', '10.81', '62', '61', '64', '79', '70', '66', '1810897', '729241', '8156', '4615', '8408', '2011', '422', '0', '3819', '9640', '9643', '0', '80', '307', '', '0', '0', '0', 'LAST_HIT', '0', '0', '0', 'balanced', 'false'),
('25535', '25535', 'Tears', '0', 'Ice', '0', 'LineageMonster4.tears', '20.00', '27.50', '83', 'female', 'L2Monster', '40', '2219066', '19500', '362.02', '9.81', '62', '61', '64', '79', '70', '80', '1', '1', '450', '5000', '300', '7000', '409', '500', '3819', '9640', '9643', '0', '55', '307', '', '0', '0', '0', 'LAST_HIT', '150', '50', '75', 'balanced', 'false');

Delete From `droplist` Where `itemId` = 9698 and `mobId` = 22275;
REPLACE INTO `droplist` VALUES
(22419,1895,1,1,1,4545),
(22419,57,1718,3492,0,700000),
(22419,9630,1,1,1,15150);

REPLACE INTO `npcskills` VALUES
('18369', '4101', '10'),
('18369', '4303', '1'),
('18369', '4410', '15'),
('18369', '4411', '15'),
('18369', '4789', '5'),
('18370', '4101', '10'),
('18370', '4303', '1'),
('18370', '4410', '16'),
('18370', '4411', '15'),
('18370', '4477', '10'),
('18370', '4597', '10'),
('18370', '4789', '5'),
('18371', '4303', '1'),
('18371', '4413', '8'),
('18371', '4573', '8'),
('18371', '4670', '12'),
('18372', '4077', '6'),
('18372', '4257', '6'),
('18372', '4303', '1'),
('18372', '4410', '16'),
('18372', '4411', '16'),
('18372', '4413', '9'),
('18373', '4247', '5'),
('18373', '4303', '1'),
('18373', '4410', '15'),
('18373', '4411', '14'),
('18373', '4413', '11'),
('18374', '4086', '1'),
('18374', '4244', '6'),
('18374', '4303', '1'),
('18374', '4410', '15'),
('18374', '4411', '17'),
('18374', '4413', '10'),
('18374', '4471', '1'),
('18375', '4085', '1'),
('18375', '4086', '1'),
('18375', '4088', '5'),
('18375', '4303', '1'),
('18375', '4410', '15'),
('18375', '4411', '15'),
('18375', '4413', '10'),
('18376', '4078', '5'),
('18376', '4094', '8'),
('18376', '4097', '10'),
('18376', '4099', '2'),
('18376', '4303', '1'),
('18376', '4410', '15'),
('18376', '4411', '15'),
('18376', '4413', '10'),
('18377', '4078', '7'),
('18377', '4101', '8'),
('18377', '4120', '7'),
('18377', '4303', '1'),
('18377', '4410', '12'),
('22264', '4257', '10'),
('22264', '4410', '14'),
('22264', '4411', '15'),
('22264', '4419', '5'),
('22264', '4789', '8'),
('22272', '4208', '10'),
('22272', '4304', '1'),
('22272', '4410', '15'),
('22273', '4152', '10'),
('22273', '4303', '1'),
('22273', '4411', '21'),
('22274', '4303', '1'),
('22274', '4410', '15'),
('22275', '4303', '1'),
('22275', '4333', '6'),
('22275', '4410', '17'),
('22275', '4411', '16'),
('22275', '4789', '10'),
('22276', '4303', '1'),
('22276', '4333', '6'),
('22276', '4410', '20'),
('22276', '4411', '18'),
('22276', '4412', '12'),
('22276', '4413', '11'),
('22276', '4667', '12'),
('22276', '4789', '10'),
('22277', '4303', '1'),
('22277', '4418', '5'),
('22277', '4419', '3'),
('22277', '4789', '8'),
('22278', '4067', '12'),
('22278', '4303', '1'),
('22278', '4410', '12'),
('22278', '4411', '13'),
('22278', '4412', '13'),
('22278', '4413', '12'),
('22278', '4418', '5'),
('22278', '4614', '12'),
('22280', '4032', '12'),
('22280', '4303', '1'),
('22280', '4410', '18'),
('22280', '4411', '17'),
('22280', '4412', '15'),
('22280', '4789', '8'),
('22281', '4032', '8'),
('22281', '4303', '1'),
('22281', '4410', '17'),
('22281', '4411', '17'),
('22281', '4422', '3'),
('22281', '4789', '8'),
('22282', '4054', '1'),
('22282', '4077', '10'),
('22282', '4303', '1'),
('22282', '4418', '5'),
('22282', '4486', '10'),
('22282', '4789', '5'),
('22284', '4037', '2'),
('22284', '4244', '12'),
('22284', '4303', '1'),
('22284', '4422', '5'),
('22284', '4629', '10'),
('22284', '4789', '5'),
('22286', '4303', '1'),
('22286', '4410', '17'),
('22286', '4411', '16'),
('22286', '4413', '8'),
('22286', '4422', '2'),
('22286', '4466', '3'),
('22286', '4789', '8'),
('22287', '4077', '6'),
('22287', '4303', '1'),
('22287', '4410', '17'),
('22287', '4411', '18'),
('22287', '4419', '5'),
('22287', '4789', '8'),
('22288', '4303', '1'),
('22288', '4410', '18'),
('22288', '4411', '18'),
('22289', '4410', '18'),
('22289', '4411', '18'),
('22289', '4413', '8'),
('22289', '4600', '12'),
('22292', '4047', '10'),
('22292', '4303', '1'),
('22292', '4410', '14'),
('22292', '4411', '16'),
('22292', '4419', '2'),
('22292', '4657', '5'),
('22292', '4789', '9'),
('22293', '4203', '9'),
('22293', '4303', '1'),
('22293', '4410', '18'),
('22293', '4411', '18'),
('22293', '4413', '13'),
('22293', '4789', '8'),
('22294', '4303', '1'),
('22294', '4410', '15'),
('22294', '4411', '16'),
('22294', '4413', '10'),
('22297', '4032', '10'),
('22297', '4306', '1'),
('22297', '4410', '17'),
('22297', '4411', '15'),
('22297', '4422', '4'),
('22297', '4789', '8'),
('22298', '4306', '1'),
('22298', '4410', '16'),
('22298', '4411', '16'),
('22298', '4412', '12'),
('22298', '4413', '12'),
('22298', '4419', '4'),
('22298', '4789', '8'),
('22299', '4032', '12'),
('22299', '4306', '1'),
('22299', '4410', '19'),
('22299', '4422', '3'),
('22299', '4789', '5'),
('22301', '4032', '11'),
('22301', '4306', '1'),
('22301', '4410', '15'),
('22301', '4789', '8'),
('22303', '4305', '1'),
('22303', '4319', '1'),
('22303', '4410', '15'),
('22303', '4411', '18'),
('22303', '4422', '2'),
('22303', '4789', '9'),
('22304', '4208', '6'),
('22304', '4306', '1'),
('22304', '4422', '4'),
('22304', '4789', '8'),
('22306', '4303', '1'),
('22306', '4410', '17'),
('22306', '4789', '5'),
('22307', '4303', '1'),
('22307', '4410', '15'),
('22307', '4411', '17'),
('22307', '4418', '5'),
('22307', '4789', '5'),
('22309', '4303', '1'),
('22309', '4410', '18'),
('22309', '4789', '5'),
('22310', '4411', '20'),
('22310', '4789', '5'),
('22313', '4032', '10'),
('22313', '4208', '11'),
('22313', '4305', '1'),
('22313', '4410', '18'),
('22313', '4411', '16'),
('22313', '4412', '14'),
('22313', '4419', '2'),
('22313', '4789', '8'),
('22314', '4257', '12'),
('22314', '4305', '1'),
('22314', '4410', '17'),
('22314', '4411', '21'),
('22314', '4606', '11'),
('22314', '4789', '8'),
('22315', '4085', '1'),
('22315', '4204', '10'),
('22315', '4304', '1'),
('22315', '4410', '14'),
('22315', '4411', '15'),
('22315', '4789', '9'),
('22316', '4032', '11'),
('22316', '4304', '1'),
('22316', '4410', '15'),
('22316', '4412', '16'),
('22316', '4419', '2'),
('22316', '4463', '3'),
('22316', '4789', '8'),
('22317', '4257', '11'),
('22317', '4303', '1'),
('22317', '4410', '12'),
('22317', '4411', '22'),
('22317', '4613', '12'),
('22317', '4789', '10'),
('22318', '4303', '1'),
('22318', '4411', '17'),
('22318', '4416', '7'),
('22318', '4613', '12'),
('22318', '4789', '6'),
('22319', '4303', '1'),
('22319', '4411', '17'),
('22319', '4416', '7'),
('22319', '4613', '12'),
('22402', '4303', '1'),
('22416', '4305', '1'),
('22416', '4410', '18'),
('22416', '4789', '5'),
('22418', '4303', '1'),
('22418', '4410', '15'),
('22418', '4411', '14'),
('22418', '4418', '5'),
('22418', '4614', '10'),
('22418', '4789', '2'),
('22419', '4078', '5'),
('22419', '4208', '4'),
('22419', '4303', '1'),
('22419', '4410', '15'),
('22419', '4411', '13'),
('22419', '4614', '10'),
('22420', '4208', '4'),
('22420', '4303', '1'),
('22420', '4410', '15'),
('22420', '4411', '14'),
('22420', '4418', '5'),
('22420', '4614', '10'),
('25531', '4063', '1'),
('25531', '4333', '6'),
('25531', '4409', '17'),
('25532', '733', '1'),
('25532', '734', '1'),
('25532', '4418', '5'),
('25534', '4419', '5'),
('25535', '4419', '5'),
('25535', '5238', '1');


/************ 加入 L2Emu-RT 的欲界設定 (感謝 pmq 提供) ************/
CREATE TABLE IF NOT EXISTS `kamaloka` (`charID` int(10) NOT NULL,`HallAbyss` decimal(20,0) NOT NULL DEFAULT '0',`LabyrinthAbyss` decimal(20,0) NOT NULL DEFAULT '0',PRIMARY KEY (`charID`)) DEFAULT CHARSET=utf8;

-- Kamaloka 23
REPLACE INTO `npc` VALUES (18554, 18554, "Tomlan Kamos", 0, "Kaneus", 0, "LineageMonster.bugbear_bi", 25, 53, 23, "male", "L2RaidBoss", 40, 163178, 1493, 27.500, 8.700, 60, 57, 73, 76, 70, 80, 712311, 38914, 80, 414, 28, 347, 278, 300, 500, 2501, 0, NULL, 30, 120, "", 0, 0, 0, "LAST_HIT", 0, 0, 0, "balanced", "false");

-- Kamaloka 26
REPLACE INTO `npc` VALUES (18555, 18555, "Ol Ariosh", 0, "Kaneus", 0, "LineageMonster.ol_mahum_champion_05te_120p", 8, 34, 26, "male", "L2RaidBoss", 40, 191391, 1493, 27.500, 8.700, 60, 57, 73, 76, 70, 80, 831054, 48708, 135, 966, 25, 392, 409, 0, 3819, 69, 633, NULL, 30, 120, "ARIOSH_CLAN", 1000, 0, 0, "LAST_HIT", 0, 0, 0, "balanced", "false");
REPLACE INTO `npc` VALUES (18556, 18556, "Follower of Ariosh", 0, "", 0, "LineageMonster.ol_mahum_champion", "8.00", "27.00", "26", "male", "L2Minion", 40, "2311", "1859", "22.50", "9.81", "40", "40", "30", "41", "20", "10", "0", "0", "54", "363", "7", "147", "278", "0", "333", "69", "626", NULL, "30", "120", "ARIOSH_CLAN", "1000", 0, "0", "LAST_HIT", 0, 0, 0, "fighter", "false");
REPLACE INTO `minions` VALUES (18555, 18556, 2, 2);

-- Kamaloka 33
REPLACE INTO `npc` VALUES (18558, 18558, "Crimson Hatu Otis", 0, "Kaneus", 0, "LineageMonster.crimson_bear", 19, 36, 33, "male", "L2RaidBoss", 40, 121679, 1493, 27.500, 8.700, 60, 57, 73, 76, 70, 80, 1647512, 106242, 178, 610, 77, 516, 278, 300, 500, 0, 0, NULL, 30, 120, "", 0, 0, 0, "LAST_HIT", 0, 0, 0, "balanced", "false");

-- Kamaloka 36
REPLACE INTO `npc` VALUES (18559, 18559, "Seer Flouros", 0, "Kaneus", 0, "LineageMonster.monster_eye_05te_ef", "8.00", "45.00", "36", "male", "L2RaidBoss", 40, "148876", "1493", "0.00", "0.00", "10", "10", "10", "10", "10", "10", "1867512", "126242", "221", "679", "100", "575", "278", "300", "500", "0", "0", NULL, "30", "120", "FLOUROS_CLAN", "1000", 0, "0", "LAST_HIT", 0, 0, 0, "balanced", "false");
REPLACE INTO `npc` VALUES (18560, 18560, "Follower of Flouros", 0, "", 0, "LineageMonster.monster_eye", "8.00", "45.00", "36", "male", "L2Minion", 40, "3837", "1493", "0.00", "0.00", "10", "10", "10", "10", "10", "10", "0", "0", "121", "170", "100", "144", "278", "0", "333", "0", "0", NULL, "30", "120", "FLOUROS_CLAN", "1000", 0, "0", "LAST_HIT", 0, 0, 0, "balanced", "false");
REPLACE INTO `minions` VALUES (18559, 18560, 2, 2);

-- Kamaloka 43
REPLACE INTO `npc` VALUES (18562, 18562, "Blade Otis", 0, "Kaneus", 0, "LineageMonster.blade_stakato_drone_10_sm", 14, 35.10, 43, "male", "L2RaidBoss", 40, 209562, 1493, 27.500, 8.700, 60, 57, 73, 76, 70, 80, 3380139, 275904, 351, 859, 172, 728, 278, 0, 333, 229, 0, NULL, 30, 120, "BLADE_OTIS", 1000, 0, 0, "LAST_HIT", 0, 0, 0, "balanced", "false");
REPLACE INTO `npc` VALUES (18563, 18563, "Follower of Otis", 0, "", 0, "LineageMonster.marsh_stakato_drone", "8.00", "24.00", "43", "male", "L2Minion", 40, "5186", "1493", "0.00", "0.00", "10", "10", "10", "10", "10", "10", "0", "0", "206", "164", "91", "139", "278", "0", "500", "223", "0", NULL, "30", "120", "BLADE_OTIS", "1000", 0, "0", "LAST_HIT", 0, 0, 0, "balanced", "false");
REPLACE INTO `minions` VALUES (18562, 18563, 2, 2);

-- Kamaloka 46
REPLACE INTO `npc` VALUES (18564, 18564, "Weird Bunei", 0, "Kaneus", 0, "LineageMonster3.Water_Drake", 55, 80.50, 46, "male", "L2RaidBoss", 40, 522103, 1493, 27.500, 8.700, 60, 57, 73, 76, 70, 80, 3380139, 275904, 421, 944, 212, 800, 278, 300, 500, 0, 0, NULL, 30, 120, "", 0, 0, 0, "LAST_HIT", 0, 0, 0, "balanced", "false");

-- Kamaloka 53
REPLACE INTO `npc` VALUES (18566, 18566, "Kaim Abigore", 0, "Kaneus", 0, "LineageMonster.kaim_vanul_50_bi", 36, 60, 53, "male", "L2RaidBoss", 40, 464795, 1493,27.500, 8.700, 60, 57, 73, 76, 70, 80, 2903774, 264756, 625, 1161, 330, 984, 278, 300, 500, 0, 0, NULL, 30, 120, "kAIM_ABIGORE_CLAN", 1000, 0, 0, "LAST_HIT", 0, 0, 0, "balanced", "false");
REPLACE INTO `npc` VALUES (18567, 18567, "Follower of Abigore", 0, "", 0, "LineageMonster.liviona", "8.00", "36.00", "53", "male", "L2Minion", 40, "7445", "1493", "0.00", "0.00", "10", "10", "10", "10", "10", "10", "0", "0", "361", "174", "293", "232", "278", "0", "333", "0", "0", NULL, "30", "120", "kAIM_ABIGORE_CLAN", "1000", 0, "0", "LAST_HIT", 0, 0, 0, "balanced", "false");
REPLACE INTO `minions` VALUES (18566, 18567, 2, 2);

-- Kamaloka 56
REPLACE INTO `npc` VALUES (18568, 18568, "Knight Montagnar", 0, "Kaneus", 0, "LineageMonster.skeleton_royal_guard", 11, 28, 56, "male", "L2RaidBoss", 40, 502835, 1493, 27.500, 8.700, 60, 57, 73, 76, 70, 80, 3003773, 294758, 732, 1262, 190, 1070, 278, 300, 500, 946, 945, NULL, 30, 120, "KNIGHT_MONTAGNAR_CLAN", 1000, 0, 0, "LAST_HIT", 0, 0, 0, "balanced", "false");
REPLACE INTO `npc` VALUES (18569, 18569, "Follower of Montagnar", 0, "", 0, "LineageMonster.dark_fencer", "8.00", "13.00", "56", "male", "L2Minion", 40, "8174", "1493", "0.00", "0.00", "10", "10", "10", "10", "10", "10", "0", "0", "431", "266", "175", "226", "278", "0", "500", "0", "0", NULL, "30", "120", "KNIGHT_MONTAGNAR_CLAN", "1000", 0, "0", "LAST_HIT", 0, 0, 0, "balanced", "false");
REPLACE INTO `minions` VALUES (18568, 18569, 1, 1);

-- Kamaloka 63
REPLACE INTO `npc` VALUES (18571, 18571, "Venomous Storace", 0, "Kaneus", 0, "LineageMonster.serpent_slave_50_bi", 25, 72, 63, "male", "L2RaidBoss", 40, 664391, 1493, 27.500, 8.700, 60, 57, 73, 76, 70, 80, 3139394, 358907, 1031, 1516, 565, 1282, 278, 300, 500, 73, 0, NULL, 30, 120, "", 0, 0, 0, "LAST_HIT", 0, 0, 0, "balanced", "false");
REPLACE INTO `npc` VALUES (18572, 18572, "Follower of Storace", 0, "", 0, "LineageMonster.cave_maiden_080p", "8.00", "54.00", "63", "male", "L2Minion", 40, "9906", "2444", "0.00", "0.00", "10", "10", "10", "10", "10", "10", "0", "0", "410", "233", "137", "282", "278", "0", "500", "73", "0", NULL, "30", "120", "", "0", 0, "0", "LAST_HIT", 0, 0, 0, "balanced", "false");
REPLACE INTO `minions` VALUES (18571, 18572, 2, 2);

-- Kamaloka 66
REPLACE INTO `npc` VALUES (18573, 18573, "Kel Bilette", 0, "Kaneus", 0, "LineageMonster.kel_mahum_champion_50_bi", 19, 48, 66, "male", "L2RaidBoss", 40, 704665, 1493, 27.500, 8.700, 60, 57, 73, 76, 70, 80, 3156179, 560675, 1183, 1633, 633, 1383, 278, 400, 500, 147, 0, NULL, 30, 120, "", 0, 0, 0, "LAST_HIT", 0, 0, 0, "balanced", "false");
REPLACE INTO `npc` VALUES (18574, 18574, "Follower of Bilette", 0, "", 0, "LineageMonster.kel_mahum_witch_doctor", "8.00", "24.00", "66", "male", "L2Minion", 40, "14186", "1493", "0.00", "0.00", "10", "10", "10", "10", "10", "10", "0", "0", "735", "470", "380", "382", "278", "0", "500", "202", "0", NULL, "30", "120", "", "0", 0, "0", "LAST_HIT", 0, 0, 0, "balanced", "false");
REPLACE INTO `minions` VALUES (18573, 18574, 2, 2);

-- Kamaloka 73
REPLACE INTO `npc` VALUES (18577, 18577, "White Allosce", 0, "Kaneus", 0, "LineageMonster2.hundred_eye", 21, 55, 73, "male", "L2RaidBoss", 40, 750957, 1493, 27.500, 8.700, 60, 57, 73, 76, 70, 80, 3507226, 608656, 1600, 1923, 894, 1628, 278, 300, 500, 0, 0, NULL, 30, 120, "", 0, 0, 0, "LAST_HIT", 0, 0, 0, "balanced", "false");
REPLACE INTO `npc` VALUES (18578, 18578, "Follower of Allosce", 0, "", 0, "LineageMonster.monster_eye", 8, 45, 73, "male", "L2Minion", 40, 16347, 1493, 27.500, 8.700, 40, 43, 30, 21, 20, 10, 0, 0, 710, 449, 785, 380, 278, 0, 500, 0, 0, NULL, 30, 120, "", 0, 0, 0, "LAST_HIT", 0, 0, 0, "balanced", "false");
REPLACE INTO `minions` VALUES (18577, 18578, 2, 2);

-- Kamaloka 29

REPLACE INTO `npc` VALUES (22485, 22485, "Lost Watcher", 0, "", 0, "LineageMonster4.rahuu", 8, 38, 29, "male", "L2Monster", 40, 7851, 1493, 27.500, 8.700, 40, 43, 30, 21, 20, 10, 0, 0, 500, 500, 500, 500, 253, 0, 253, 0, 0, NULL, 80, 120, "", 400, 0, 0, "LAST_HIT", 0, 0, 0, "balanced", "false");
REPLACE INTO `npc` VALUES (22486, 22486, "Lost Watcher", 0, "", 0, "LineageMonster4.rahuu", 8, 38, 29, "male", "L2Monster", 40, 7851, 1493, 27.500, 8.700, 40, 43, 30, 21, 20, 10, 0, 0, 500, 500, 500, 500, 253, 0, 253, 0, 0, NULL, 80, 120, "", 400, 0, 0, "LAST_HIT", 0, 0, 0, "balanced", "false");
REPLACE INTO `npc` VALUES (22487, 22487, "Lost Beholder", 0, "", 0, "LineageMonster4.rahuu", 8, 38, 29, "male", "L2Monster", 40, 15703, 1493, 27.500, 8.700, 40, 43, 30, 21, 20, 10, 0, 0, 500, 500, 500, 500, 253, 0, 253, 0, 0, NULL, 80, 120, "", 400, 0, 0, "LAST_HIT", 0, 0, 0, "balanced", "false");
REPLACE INTO `npc` VALUES (25616, 25616, "Lost Warden", 0, "", 0, "Monster4.roaming_Fsoul", 8, 38, 29, "male", "L2RaidBoss", 40, 102191, 1493, 27.500, 8.700, 60, 57, 73, 76, 70, 80, 0, 0, 500, 500, 500, 500, 278, 0, 333, 0, 0, NULL, 60, 60, "", 0, 0, 0, "LAST_HIT", 0, 0, 0, "balanced", "false");
REPLACE INTO `npc` VALUES (29129, 29129, "Lost Captain", 0, "", 0, "NPC2.bereth_fake", 8, 74, 29, "male", "L2RaidBoss", 40, 122874, 1493, 27.500, 8.700, 60, 57, 73, 76, 70, 80, 0, 0, 500, 500, 500, 500, 278, 0, 333, 0, 0, NULL, 60, 60, "", 0, 0, 0, "LAST_HIT", 0, 0, 0, "balanced", "false");
REPLACE INTO `npc` VALUES (29130, 29130, "Lost Guard", 0, "", 0, "NPC2.bereth_fake", 8, 38, 29, "male", "L2Minion", 40, 5125, 1493, 27.500, 8.700, 40, 43, 30, 41, 20, 10, 0, 0, 500, 500, 500, 500, 278, 0, 333, 0, 0, NULL, 60, 60, "", 0, 0, 0, "LAST_HIT", 0, 0, 0, "balanced", "false");
REPLACE INTO `npc` VALUES (29131, 29131, "Lost Assistant Guard", 0, "", 0, "NPC2.bereth_fake", 8, 35, 29, "male", "L2Minion", 40, 5125, 1493, 27.500, 8.700, 40, 43, 30, 41, 20, 10, 0, 0, 500, 500, 500, 500, 278, 0, 333, 0, 0, NULL, 60, 60, "", 0, 0, 0, "LAST_HIT", 0, 0, 0, "balanced", "false");
REPLACE INTO `minions` VALUES (29129, 29130, 2, 2);
REPLACE INTO `minions` VALUES (29129, 29131, 2, 2);

-- Kamaloka 39

REPLACE INTO `npc` VALUES (22488, 22488, "Lost Watcher", 0, "", 0, "LineageMonster4.rahuu", 8, 32, 39, "male", "L2Monster", 40, 11560, 1493, 27.500, 8.700, 40, 43, 30, 21, 20, 10, 0, 0, 500, 500, 500, 500, 253, 0, 253, 0, 0, NULL, 80, 120, "", 400, 0, 0, "LAST_HIT", 0, 0, 0, "balanced", "false");
REPLACE INTO `npc` VALUES (22489, 22489, "Lost Watcher", 0, "", 0, "LineageMonster4.rahuu", 8, 32, 39, "male", "L2Monster", 40, 11560, 1493, 27.500, 8.700, 40, 43, 30, 21, 20, 10, 0, 0, 500, 500, 500, 500, 253, 0, 253, 0, 0, NULL, 80, 120, "", 400, 0, 0, "LAST_HIT", 0, 0, 0, "balanced", "false");
REPLACE INTO `npc` VALUES (22490, 22490, "Lost Beholder", 0, "", 0, "LineageMonster4.rahuu", 8, 35, 39, "male", "L2Monster", 40, 23079, 1493, 27.500, 8.700, 40, 43, 30, 21, 20, 10, 0, 0, 500, 500, 500, 500, 253, 0, 253, 0, 0, NULL, 80, 120, "", 400, 0, 0, "LAST_HIT", 0, 0, 0, "balanced", "false");
REPLACE INTO `npc` VALUES (25617, 25617, "Lost Warden", 0, "", 0, "Monster4.roaming_Fsoul", 8, 40, 39, "male", "L2RaidBoss", 40, 163180, 1493, 27.500, 8.700, 60, 57, 73, 76, 70, 80, 0, 0, 500, 500, 500, 500, 278, 0, 333, 0, 0, NULL, 60, 60, "", 0, 0, 0, "LAST_HIT", 0, 0, 0, "balanced", "false");
REPLACE INTO `npc` VALUES (29132, 29132, "Lost Captain", 0, "", 0, "NPC2.bereth_fake", 8, 46, 39, "male", "L2RaidBoss", 40, 201138, 1493, 27.500, 8.700, 60, 57, 73, 76, 70, 80, 0, 0, 500, 500, 500, 500, 278, 0, 333, 0, 0, NULL, 60, 60, "", 0, 0, 0, "LAST_HIT", 0, 0, 0, "balanced", "false");
REPLACE INTO `npc` VALUES (29133, 29133, "Lost Guard", 0, "", 0, "NPC2.bereth_fake", 8, 35, 39, "male", "L2Minion", 40,8184, 1493, 27.500, 8.700, 40, 43, 30, 41, 20, 10, 0, 0, 500, 500, 500, 500, 278, 0, 333, 0, 0, NULL, 60, 60, "", 0, 0, 0, "LAST_HIT", 0, 0, 0, "balanced", "false");
REPLACE INTO `npc` VALUES (29134, 29134, "Lost Assistant Guard", 0, "", 0, "NPC2.bereth_fake", 8, 35, 39, "male", "L2Minion", 40, 8184, 1493, 27.500, 8.700, 40, 43, 30, 41, 20, 10, 0, 0, 500, 500, 500, 500, 278, 0, 333, 0, 0, NULL, 60, 60, "", 0, 0, 0, "LAST_HIT", 0, 0, 0, "balanced", "false");
REPLACE INTO `minions` VALUES (29132, 29133, 2, 2);
REPLACE INTO `minions` VALUES (29132, 29134, 2, 2);

-- Kamaloka 49

REPLACE INTO `npc` VALUES (22491, 22491, "Lost Watcher", 0, "", 0, "LineageMonster4.rahuu", 8, 32, 49, "male", "L2Monster", 40, 26236, 1493, 27.500, 8.700, 40, 43, 30, 21, 20, 10, 0, 0, 500, 500, 500, 500, 253, 0, 253, 0, 0, NULL, 80, 120, "", 400, 0, 0, "LAST_HIT", 0, 0, 0, "balanced", "false");
REPLACE INTO `npc` VALUES (22492, 22492, "Lost Watcher", 0, "", 0, "LineageMonster4.rahuu", 8, 32, 49, "male", "L2Monster", 40, 26236, 1493, 27.500, 8.700, 40, 43, 30, 21, 20, 10, 0, 0, 500, 500, 500, 500, 253, 0, 253, 0, 0, NULL, 80, 120, "", 400, 0, 0, "LAST_HIT", 0, 0, 0, "balanced", "false");
REPLACE INTO `npc` VALUES (22493, 22493, "Lost Beholder", 0, "", 0, "LineageMonster4.rahuu", 8, 54, 49, "male", "L2Monster", 40, 52473, 1493, 27.500, 8.700, 40, 43, 30, 21, 20, 10, 0, 0, 500, 500, 500, 500, 253, 0, 253, 0, 0, NULL, 80, 120, "", 400, 0, 0, "LAST_HIT", 0, 0, 0, "balanced", "false");
REPLACE INTO `npc` VALUES (25618, 25618, "Lost Warden", 0, "", 0, "Monster4.roaming_Fsoul", 8, 60, 49, "male", "L2RaidBoss", 40, 261170, 1493, 27.500, 8.700, 60, 57, 73, 76, 70, 80, 0, 0, 500, 500, 500, 500, 278, 0, 333, 0, 0, NULL, 60, 60, "", 0, 0, 0, "LAST_HIT", 0, 0, 0, "balanced", "false");
REPLACE INTO `npc` VALUES (29135, 29135, "Lost Captain", 0, "", 0, "NPC2.bereth_fake", 8, 58, 49, "male", "L2RaidBoss", 40, 329378, 1493, 27.500, 8.700, 60, 57, 73, 76, 70, 80, 0, 0, 500, 500, 500, 500, 278, 0, 333, 0, 0, NULL, 60, 60, "", 0, 0, 0, "LAST_HIT", 0, 0, 0, "balanced", "false");
REPLACE INTO `npc` VALUES (29136, 29136, "Lost Guard", 0, "", 0, "NPC2.bereth_fake", 8, 36, 49, "male", "L2Minion", 40, 13099, 1493, 27.500, 8.700, 40, 43, 30, 41, 20, 10, 0, 0, 500, 500, 500, 500, 278, 0, 333, 0, 0, NULL, 60, 60, "", 0, 0, 0, "LAST_HIT", 0, 0, 0, "balanced", "false");
REPLACE INTO `npc` VALUES (29137, 29137, "Lost Assistant Guard", 0, "", 0, "NPC2.bereth_fake", 8, 36, 49, "male", "L2Minion", 40, 13099, 1493, 27.500, 8.700, 40, 43, 30, 41, 20, 10, 0, 0, 500, 500, 500, 500, 278, 0, 333, 0, 0, NULL, 60, 60, "", 0, 0, 0, "LAST_HIT", 0, 0, 0, "balanced", "false");
REPLACE INTO `minions` VALUES (29135, 29136, 2, 2);
REPLACE INTO `minions` VALUES (29135, 29137, 2, 2);

-- Kamaloka 59

REPLACE INTO `npc` VALUES (22494, 22494, "Lost Watcher", 0, "", 0, "LineageMonster4.rahuu", 8, 28, 59, "male", "L2Monster", 40, 47350, 1493, 27.500, 8.700, 40, 43, 30, 21, 20, 10, 0, 0, 500, 500, 500, 500, 253, 0, 253, 0, 0, NULL, 80, 120, "", 400, 0, 0, "LAST_HIT", 0, 0, 0, "balanced", "false");
REPLACE INTO `npc` VALUES (22495, 22495, "Lost Watcher", 0, "", 0, "LineageMonster4.rahuu", 8, 28, 59, "male", "L2Monster", 40, 47350, 1493, 27.500, 8.700, 40, 43, 30, 21, 20, 10, 0, 0, 500, 500, 500, 500, 253, 0, 253, 0, 0, NULL, 80, 120, "", 400, 0, 0, "LAST_HIT", 0, 0, 0, "balanced", "false");
REPLACE INTO `npc` VALUES (22496, 22496, "Lost Beholder", 0, "", 0, "LineageMonster4.rahuu", 8, 40, 59, "male", "L2Monster", 40, 94601, 1493, 27.500, 8.700, 40, 43, 30, 21, 20, 10, 0, 0, 500, 500, 500, 500, 253, 0, 253, 0, 0, NULL, 80, 120, "", 400, 0, 0, "LAST_HIT", 0, 0, 0, "balanced", "false");
REPLACE INTO `npc` VALUES (25619, 25619, "Lost Warden", 0, "", 0, "Monster4.roaming_Fsoul", 8, 36, 59, "male", "L2RaidBoss", 40, 366591, 1493, 27.500, 8.700, 60, 57, 73, 76, 70, 80, 0, 0, 500, 500, 500, 500, 278, 0, 333, 0, 0, NULL, 60, 60, "", 0, 1, 0, "LAST_HIT", 0, 0, 0, "balanced", "false");
REPLACE INTO `npc` VALUES (29138, 29138, "Lost Captain", 0, "", 0, "NPC2.bereth_fake", 8, 55, 59, "male", "L2RaidBoss", 40, 468133, 1493, 27.500, 8.700, 60, 57, 73, 76, 70, 80, 0, 0, 500, 500, 500, 500, 278, 0, 333, 0, 0, NULL, 60, 60, "", 0, 1, 0, "LAST_HIT", 0, 0, 0, "balanced", "false");
REPLACE INTO `npc` VALUES (29139, 29139, "Lost Guard", 0, "", 0, "NPC2.bereth_fake", 8, 38, 59, "male", "L2Minion", 40, 18386, 1493, 27.500, 8.700, 40, 43, 30, 41, 20, 10, 0, 0, 500, 500, 500, 500, 278, 0, 333, 0, 0, NULL, 60, 60, "", 0, 1, 0, "LAST_HIT", 0, 0, 0, "balanced", "false");
REPLACE INTO `npc` VALUES (29140, 29140, "Lost Assistant Guard", 0, "", 0, "NPC2.bereth_fake", 8, 38, 59, "male", "L2Minion", 40, 18386, 1493, 27.500, 8.700, 40, 43, 30, 41, 20, 10, 0, 0, 500, 500, 500, 500, 278, 0, 333, 0, 0, NULL, 60, 60, "", 0, 1, 0, "LAST_HIT", 0, 0, 0, "balanced", "false");
REPLACE INTO `minions` VALUES (29138, 29139, 2, 2);
REPLACE INTO `minions` VALUES (29138, 29140, 2, 2);

-- Kamaloka 69

REPLACE INTO `npc` VALUES (22497, 22497, "Lost Watcher", 0, "", 0, "LineageMonster4.rahuu", 8, 23.50, 69, "male", "L2Monster", 40, 54800, 1493, 27.500, 8.700, 40, 43, 30, 21, 20, 10, 0, 0, 500, 500, 500, 500, 253, 0, 253, 0, 0, NULL, 80, 120, "", 400, 0, 0, "LAST_HIT", 0, 0, 0, "balanced", "false");
REPLACE INTO `npc` VALUES (22498, 22498, "Lost Watcher", 0, "", 0, "LineageMonster4.rahuu", 8, 23.50, 69, "male", "L2Monster", 40, 54800, 1493, 27.500, 8.700, 40, 43, 30, 21, 20, 10, 0, 0, 500, 500, 500, 500, 253, 0, 253, 0, 0, NULL, 80, 120, "", 400, 0, 0, "LAST_HIT", 0, 0, 0, "balanced", "false");
REPLACE INTO `npc` VALUES (22499, 22499, "Lost Beholder", 0, "", 0, "LineageMonster4.rahuu", 8, 25, 69, "male", "L2Monster", 40, 109489, 1493, 27.500, 8.700, 40, 43, 30, 21, 20, 10, 0, 0, 500, 500, 500, 500, 253, 0, 253, 0, 0, NULL, 80, 120, "", 400, 0, 0, "LAST_HIT", 0, 0, 0, "balanced", "false");
REPLACE INTO `npc` VALUES (25620, 25620, "Lost Warden", 0, "", 0, "Monster4.roaming_Fsoul", 8, 36, 69, "male", "L2RaidBoss", 40, 444769, 1493, 27.500, 8.700, 60, 57, 73, 76, 70, 80, 0, 0, 500, 500, 500, 500, 278, 0, 333, 0, 0, NULL, 60, 60, "", 0, 0, 0, "LAST_HIT", 0, 0, 0, "balanced", "false");
REPLACE INTO `npc` VALUES (29141, 29141, "Lost Captain", 0, "", 0, "NPC2.bereth_fake", 8, 47, 69, "male", "L2RaidBoss", 40, 570579, 1493, 27.500, 8.700, 60, 57, 73, 76, 70, 80, 0, 0, 500, 500, 500, 500, 278, 0, 333, 0, 0, NULL, 60, 60, "", 0, 0, 0, "LAST_HIT", 0, 0, 0, "balanced", "false");
REPLACE INTO `npc` VALUES (29142, 29142, "Lost Guard", 0, "", 0, "NPC2.bereth_fake", 8, 45, 69, "male", "L2Minion", 40, 20307, 1493, 27.500, 8.700, 40, 43, 30, 41, 20, 10, 0, 0, 500, 500, 500, 500, 278, 0, 333, 0, 0, NULL, 60, 60, "", 0, 0, 0, "LAST_HIT", 0, 0, 0, "balanced", "false");
REPLACE INTO `npc` VALUES (29143, 29143, "Lost Assistant Guard", 0, "", 0, "NPC2.bereth_fake", 8, 45, 69, "male", "L2Minion", 40, 20307, 1493, 27.500, 8.700, 40, 43, 30, 41, 20, 10, 0, 0, 500, 500, 500, 500, 278, 0, 333, 0, 0, NULL, 60, 60, "", 0, 0, 0, "LAST_HIT", 0, 0, 0, "balanced", "false");
REPLACE INTO `minions` VALUES (29141, 29142, 2, 2);
REPLACE INTO `minions` VALUES (29141, 29143, 2, 2);

-- Kamaloka 78

REPLACE INTO `npc` VALUES (22500, 22500, "Lost Watcher", 0, "", 0, "LineageMonster4.rahuu", 8, 36, 78, "male", "L2Monster", 40, 89836, 1493, 27.500, 8.700, 40, 43, 30, 21, 20, 10, 0, 0, 500, 500, 500, 500, 253, 0, 253, 0, 0, NULL, 80, 120, "", 400, 0, 0, "LAST_HIT", 0, 0, 0, "balanced", "false");
REPLACE INTO `npc` VALUES (22501, 22501, "Lost Watcher", 0, "", 0, "LineageMonster4.rahuu", 8, 36, 78, "male", "L2Monster", 40, 89836, 1493, 27.500, 8.700, 40, 43, 30, 21, 20, 10, 0, 0, 500, 500, 500, 500, 253, 0, 253, 0, 0, NULL, 80, 120, "", 400, 0, 0, "LAST_HIT", 0, 0, 0, "balanced", "false");
REPLACE INTO `npc` VALUES (22502, 22502, "Lost Beholder", 0, "", 0, "LineageMonster4.rahuu", 8, 30, 78, "male", "L2Monster", 40, 179530, 1493, 27.500, 8.700, 40, 43, 30, 21, 20, 10, 0, 0, 500, 500, 500, 500, 253, 0, 253, 0, 0, NULL, 80, 120, "", 400, 0, 0, "LAST_HIT", 0, 0, 0, "balanced", "false");
REPLACE INTO `npc` VALUES (25621, 25621, "Lost Warden", 0, "", 0, "Monster4.roaming_Fsoul", 8, 47, 78, "male", "L2RaidBoss", 40, 494896, 1493, 27.500, 8.700, 60, 57, 73, 76, 70, 80, 1259508, 191197, 500, 500, 500, 500, 278, 0, 333, 0, 0, NULL, 60, 60, "", 0, 0, 0, "LAST_HIT", 0, 0, 0, "balanced", "false");
REPLACE INTO `npc` VALUES (29144, 29144, "Lost Captain", 0, "", 0, "NPC2.bereth_fake", 8, 78, 78, "male", "L2RaidBoss", 40, 635633, 1493, 27.500, 8.700, 60, 57, 73, 76, 70, 80, 0, 0, 500, 500, 500, 500, 278, 0, 333, 0, 0, NULL, 60, 60, "", 0, 0, 0, "LAST_HIT", 0, 0, 0, "balanced", "false");
REPLACE INTO `npc` VALUES (29145, 29145, "Lost Guard", 0, "", 0, "NPC2.bereth_fake", 8, 47, 78, "male", "L2Minion", 40, 24821, 1493, 27.500, 8.700, 40, 43, 30, 41, 20, 10, 0, 0, 500, 500, 500, 500, 278, 0, 333, 0, 0, NULL, 60, 60, "", 0, 0, 0, "LAST_HIT", 0, 0, 0, "balanced", "false");
REPLACE INTO `npc` VALUES (29146, 29146, "Lost Assistant Guard", 0, "", 0, "NPC2.bereth_fake", 8, 38, 78, "male", "L2Minion", 40, 24821, 1493, 27.500, 8.700, 40, 43, 30, 41, 20, 10, 0, 0, 500, 500, 500, 500, 278, 0, 333, 0, 0, NULL, 60, 60, "", 0, 0, 0, "LAST_HIT", 0, 0, 0, "balanced", "false");
REPLACE INTO `minions` VALUES (29144, 29145, 2, 2);
REPLACE INTO `minions` VALUES (29144, 29146, 2, 2);

-- Kamaloka 81

REPLACE INTO `npc` VALUES (22503, 22503, "Lost Watcher", 0, "", 0, "LineageMonster4.rahuu", 8, 38, 81, "male", "L2Monster", 40, 89276, 1493, 27.500, 8.700, 40, 43, 30, 21, 20, 10, 0, 0, 500, 500, 500, 500, 253, 0, 253, 0, 0, NULL, 80, 120, "", 400, 0, 0, "LAST_HIT", 0, 0, 0, "balanced", "false");
REPLACE INTO `npc` VALUES (22504, 22504, "Lost Watcher", 0, "", 0, "LineageMonster4.rahuu", 8, 38, 81, "male", "L2Monster", 40, 89276, 1493, 27.500, 8.700, 40, 43, 30, 21, 20, 10, 0, 0, 500, 500, 500, 500, 253, 0, 253, 0, 0, NULL, 80, 120, "", 400, 0, 0, "LAST_HIT", 0, 0, 0, "balanced", "false");
REPLACE INTO `npc` VALUES (22505, 22505, "Lost Beholder", 0, "", 0, "LineageMonster4.rahuu", 8, 50, 81, "male", "L2Monster", 40, 178417, 1493, 27.500, 8.700, 40, 43, 30, 21, 20, 10, 0, 0, 500, 500, 500, 500, 253, 0, 253, 0, 0, NULL, 80, 120, "", 400, 0, 0, "LAST_HIT", 0, 0, 0, "balanced", "false");
REPLACE INTO `npc` VALUES (25622, 25622, "Lost Warden", 0, "", 0, "Monster4.roaming_Fsoul", 8, 40, 81, "male", "L2RaidBoss", 40, 510245, 1493, 27.500, 8.700, 60, 57, 73, 76, 70, 80, 1373121, 198217, 500, 500, 500, 500, 278, 0, 333, 0, 0, NULL, 60, 60, "", 0, 0, 0, "LAST_HIT", 0, 0, 0, "balanced", "false");
REPLACE INTO `npc` VALUES (29147, 29147, "Lost Captain", 0, "", 0, "NPC2.bereth_fake", 8, 50, 81, "male", "L2RaidBoss", 40, 655396, 1493, 27.500, 8.700, 60, 57, 73, 76, 70, 80, 0, 0, 500, 500, 500, 500, 278, 0, 333, 0, 0, NULL, 60, 60, "", 0, 0, 0, "LAST_HIT", 0, 0, 0, "balanced", "false");
REPLACE INTO `npc` VALUES (29148, 29148, "Lost Guard", 0, "", 0, "NPC2.bereth_fake", 8, 34, 81, "male", "L2Minion", 40, 25591, 1493, 27.500, 8.700, 40, 43, 30, 41, 20, 10, 0, 0, 500, 500, 500, 500, 278, 0, 333, 0, 0, NULL, 60, 60, "", 0, 0, 0, "LAST_HIT", 0, 0, 0, "balanced", "false");
REPLACE INTO `npc` VALUES (29149, 29149, "Lost Assistant Guard", 0, "", 0, "NPC2.bereth_fake", 8, 34, 81, "male", "L2Minion", 40, 25591, 1493, 27.500, 8.700, 40, 43, 30, 41, 20, 10, 0, 0, 500, 500, 500, 500, 278, 0, 333, 0, 0, NULL, 60, 60, "", 0, 0, 0, "LAST_HIT", 0, 0, 0, "balanced", "false");
REPLACE INTO `minions` VALUES (29147, 29148, 2, 2);
REPLACE INTO `minions` VALUES (29147, 29149, 2, 2);

-- NPC Kamaloka Tele

REPLACE INTO `npc` VALUES (32496,32496,'Escape Device',0,'',0,'LineageNPC.a_fighterguild_teacher_MDarkElf',8.00,50.00,70,'male','L2Npc',40,2444,2444,0.00,0.00,10,10,10,10,10,10,0,0,500,500,500,500,278,0,333,0,0,NULL,60,60,'',0,0,0,'LAST_HIT',0,0,0,'balanced','false');

-- drop 23-63

REPLACE INTO `droplist` VALUES
(18554,1926,8,38,-1,219000), -- Piece Bone Breastplate Fragment
(18554,956,3,9,2,211700), -- Scroll: Enchant Armor (D)
(18554,955,1,1,-1,138700), -- Scroll: Enchant Weapon (D)
(18554,25,1,13,1,124100), -- Piece Bone Breastplate
(18554,1928,38,131,1,116800), -- Piece Bone Gaiters Fragment
(18554,26,1,2,1,102200), -- Bronze Breastplate
(18554,34,6,11,1,36500), -- Bronze Gaiters
(18555,465,1,6,-1,708100), -- Cursed Stockings
(18555,432,1,5,0,584000), -- Cursed Tunic
(18555,956,3,9,2,562100), -- Scroll: Enchant Armor (D)
(18555,955,1,1,-1,481800), -- Scroll: Enchant Weapon (D)
(18558,955,1,1,-1,664300), -- Scroll: Enchant Weapon (D)
(18558,2447,1,2,0,613200), -- Gloves of Knowledge
(18558,2446,1,2,0,51100), -- Reinforced Leather Gloves
(18558,2422,1,9,0,335800), -- Reinforced Leather Boots
(18558,2423,1,12,0,284700), -- Boots of Knowledge
(18558,956,12,35,2,182500), -- Scroll: Enchant Armor (D)
(18558,553,5,9,0,131400), -- Iron Boots
(18558,63,3,8,0,116800), -- Gauntlets
(18558,1940,66,184,0,102200), -- Iron Boots Design
(18559,956,12,36,2,540200), -- Scroll: Enchant Armor (D)
(18559,47,1,1,0, 433000), -- Helmet
(18559,628,1,6,0,41200), -- Hoplon
(18559,955,1,1,-1,38600), -- Scroll: Enchant Weapon (D)
(18562,1951,4,68,1,248200), -- Plate Gaiters Part
(18562,951,1,1,-1,167900), -- Scroll: Enchant Weapon (Grade C)
(18562,1950,8,36,1,167900), -- Half Plate Temper
(18562,952,3,7,2,124100), -- Scroll: Enchant Armor (Grade C)
(18562,380,1,1,0,73000), -- Plate Gaiters
(18562,353,1,1,0,65700), -- Half Plate Armor
(18564,951,1,1,-1,941700), -- Scroll: Enchant Weapon (Grade C)
(18564,281,1,1,1,182500), -- Crystallized Ice Bow
(18564,952,3,7,2,499000), -- Scroll: Enchant Armor (Grade C)
(18564,2074,1,12,1,816000), -- Crystallized Ice Bow Shaft
(18566,947,1,1,2,219000), -- Scroll: Enchant Weapon (Grade B)
(18566,266,1,1,0,51100), -- Great Pata
(18566,948,1,3,2,563000), -- Scroll: Enchant Armor (Grade B)
(18566,2120,1,6,-1,951000), -- Great Pata Blade
(18568,948,1,1,2,759200), -- Scroll: Enchant Armor (Grade B)
(18568,4057,7,24,1,394200), -- Zubei\'s Gaiter Material
(18568,4065,12,58,1,299300), -- Avadon Gaiters Material
(18568,4064,3,66,1,284700), -- Avadon Breastplate Part
(18568,4056,16,66,1,160600), -- Zubei\'s Breastplate Part
(18568,947,1,1,2,138700), -- Scroll: Enchant Weapon (Grade B)
(18568,2379,1,1,0,51100), -- Avadon Gaiters
(18568,2376,1,1,0,29200), -- Avadon Breastplate
(18568,383,1,1,0,21900), -- Zubei\'s Gaiters
(18568,357,1,1,0,14600), -- Zubei\'s Breastplate
(18571,4086,6,28,1,248200), -- Blue Wolf Stockings Pattern
(18571,4085,3,60,1,240900), -- Tunic of Doom Pattern
(18571,4087,11,34,1,211700), -- Stockings of Doom Pattern
(18571,730,1,1,2,175200), -- Scroll: Enchant Armor (Grade A)
(18571,4084,20,47,1,109500), -- Blue Wolf Tunic Fabric
(18571,2403,1,1,0,36500), -- Blue Wolf Stockings
(18571,2404,1,1,0,29200), -- Stockings of Doom
(18571,2399,1,1,0,21900), -- Tunic of Doom
(18571,729,1,1,2,21900), -- Scroll: Enchant Weapon (Grade A)
(18571,2398,1,1,0,7300); -- Blue Wolf Tunic

-- drop 66-73lvl

REPLACE INTO `droplist` VALUES
(18573,4091,16,47,1,226300), -- Doom Gloves Part
(18573,730,1,1,2,204400), -- Scroll: Enchant Armor (Grade A)
(18573,4096,32,73,1,153300), -- Blue Wolf Gloves Fabric
(18573,4090,12,267,1,131400), -- Blue Wolf Boots Design
(18573,2439,1,1,0,116800), -- Blue Wolf Boots
(18573,2487,1,2,0,65700), -- Blue Wolf Gloves
(18573,4099,92,184,0,58400), -- Doom Boots Part
(18573,2475,1,1,0,43800), -- Doom Gloves
(18573,729,1,1,2,36500), -- Scroll: Enchant Weapon (Grade A)
(18573,601,1,1,0,14600), -- Boots of Doom
(18577,6341,10,45,0,372300), -- Sealed Phoenix Earring Gemstone
(18577,6343,14,61,0,240900), -- Sealed Phoenix Necklace Beads
(18577,730,1,1,2,197100), -- Scroll: Enchant Armor (Grade A)
(18577,6325,1,1,0,87600), -- Sealed Phoenix Ring
(18577,6345,52,115,0,7300), -- Sealed Phoenix Ring Gemstone
(18577,6324,1,1,0,36500), -- Sealed Phoenix Earring
(18577,6323,1,1,0,14600); -- Sealed Phoenix Necklace

REPLACE INTO `npcskills` (`npcid`,`skillid`,`level`) VALUES
(18554,4168,1), -- BOSS Strike
(18554,4416,11), -- Giants
(18554,4473,1), -- Stun
(18555,4171,2), -- BOSS Spinning Slash
(18555,4416,6), -- Humanoids 6
(18556,4416,6), -- Humanoids 6
(18558,4171,4), -- BOSS Spinning Slash
(18558,4175,3), -- BOSS Haste 3
(18558,4416,4), -- Animals 4
(18559,4192,5), -- BOSS HP Drain 5
(18559,4194,5), -- BOSS Aura Burn 5
(18559,4416,2), -- Magic Creatures 2
(18560,4194,5), -- BOSS Aura Burn 5
(18560,4416,2), -- Magic Creatures 2
(18562,4087,5), -- NPC Blaze 5
(18562,4178,5), -- BOSS Flamestrike 5
(18562,4416,6), -- Humanoids 6
(18562,4641,4), -- NPC Super Strike 4
(18563,4065,4), -- NPC Heal 4
(18563,4209,4), -- BOSS Heal 4
(18563,4416,6), -- Humanoids 6
(18564,4137,4), -- Hydro Screw 4
(18564,4416,10), -- Dragons 10
(18564,5249,7), -- Boss Dark Circle 7
(18564,5624,1), -- Soul Confinement 1
(18566,4416,9), -- Demons 9
(18566,5043,8), -- NPC Super Sonic Blaster 8
(18566,5260,8), -- Disarm 8
(18567,4417,9), -- Magic Creatures 9
(18567,4614,8), -- NPC Death Bomb 8
(18568,4416,1), -- Undead 1
(18568,5043,9), -- NPC Super Sonic Blaster 9
(18569,4416,4), -- Animals 4
(18571,4417,3), -- Beasts 3
(18572,4414,3), -- Light Armor Type 3
(18572,4417,3), -- Beasts 3
(18573,4416,8), -- Angels 8
(18574,4414,3), -- Light Armor Type 3
(18574,4416,8), -- Angels 8
(18577,4417,9), -- Magic Creatures 9
(18577,5022,1), -- Decrease Speed 1
(18577,5024,1), -- Decrease Atk. Spd. 1
(18578,4417,9), -- Magic Creatures 2
(18578,5624,1); -- Soul Confinement 1

-- droplist for Kamaloka Labyrinth monster lvl 29-49 03.06.2009
-- L2Emu-RT Addon
REPLACE INTO `droplist` VALUES
(29129,6576,3,8,2,434800), -- Blessed Scroll: Enchant Armor (Grade D)
(29129,2040,16,33,1,434800), -- Strengthened Long Bow Shaft
(29129,395,1,1,0,434800), -- Manticore Skin Shirt
(29129,279,1,1,1,260900), -- Strengthened Long Bow
(29129,1942,53,121,0,173900), -- Manticore Skin Shirt Texture
(29129,417,5,7,0,67300), -- Manticore Skin Gaiters
(29129,1943,476,476,0,53300), -- Manticore Skin Gaiters Pattern
(29132,2059,9,21,1,400000), -- Flamberge Blade
(29132,4589,4,12,-1,250000), -- Greater Dye of STR <Str+2 Con-2>
(29132,439,1,1,0,250000), -- Karmian Tunic
(29132,6574,1,1,2,200000), -- Blessed Scroll: Enchant Armor (Grade C)
(29132,1962,79,156,0,200000), -- Karmian Tunic Pattern
(29132,4590,15,21,-1,150000), -- Greater Dye of STR <Str+2 Dex-2>
(29132,2060,24,72,1,96600), -- Stormbringer Blade
(29132,72,1,1,1,66300), -- Stormbringer
(29132,71,1,1,1,66300), -- Flamberge
(29132,1954,192,576,0,53900), -- Karmian Stocking Design
(29132,471,11,11,0,47500), -- Karmian Stockings
(29135,2121,15,33,-1,538500), -- Eminence Bow Shaft
(29135,4608,2,4,2,461500), -- Greater Dye of Intelligence <Int+3 Wit-3>
(29135,854,1,1,0,384600), -- Earring of Binding
(29135,4609,3,5,2,230800), -- Greater Dye of Mental Strength <Men+3 Int-3>
(29135,855,1,1,0,153800), -- Nassen\'s Earring
(29135,4607,9,12,2,118700), -- Greater Dye of Intelligence <Int+3 Men-3>
(29135,1918,113,168,-1,98000), -- Nassen\'s Earring Gemstone
(29135,286,1,1,1,70000), -- Eminence Bow
(29135,1920,349,349,1,44800), -- Necklace of Binding Chain
(29135,6573,1,1,2,35600), -- Blessed Scroll: Enchant Weapon (Grade C)
(29135,886,15,15,0,30700), -- Ring of Binding
(29135,2917,480,1440,0,21900); -- Ring of Binding Gemstone

-- kamaloka Labyrinth
REPLACE INTO `npcskills` (`npcid`,`skillid`,`level`) VALUES
(22485,4416,6), -- Race
(22485,4032,2), -- NPC Strike
(22485,4047,1), -- Hold
(22486,4416,6), -- Race
(22486,4032,2), -- NPC Strike
(22486,4047,1), -- Hold
(22487,4416,6), -- Race
(22487,4032,1), -- NPC Strike
(22487,1064,1), -- Silence,Instantly blocks an enemy's magic skills
(22487,4613,1), -- NPC Clan Heal
(22488,4416,6), -- Race
(22488,4414,3), -- Light Armor Type     ,Weak P. Def. and strong Evasion.
(22488,4032,2), -- NPC Strike
(22488,4047,1), -- Hold
(22489,4416,6), -- Race
(22489,4414,3), -- Light Armor Type     ,Weak P. Def. and strong Evasion.
(22489,4032,2), -- NPC Strike
(22489,4047,1), -- Hold
(22490,4416,6), -- Race
(22490,4414,3), -- Light Armor Type     ,Weak P. Def. and strong Evasion.
(22490,4032,2), -- NPC Strike
(22490,1064,2), -- Silence,Instantly blocks an enemy's magic skills
(22490,4613,3), -- NPC Clan Heal
(22491,4416,2), -- Race
(22491,4414,1), -- Heavy Armor Type, Strong P. Def. and weak Evasion
(22491,4032,2), -- NPC Strike
(22491,4047,3), -- Hold
(22492,4416,2), -- Race
(22492,4414,1), -- Heavy Armor Type, Strong P. Def. and weak Evasion
(22492,4032,2), -- NPC Strike
(22492,4047,3), -- Hold
(22493,4416,2), -- Race
(22493,4414,1), -- Heavy Armor Type, Strong P. Def. and weak Evasion
(22493,4032,3), -- NPC Strike
(22493,1064,3), -- Silence,Instantly blocks an enemy's magic skills
(22493,4613,3), -- NPC Clan Heal
(22494,4416,1), -- Race
(22494,4032,2), -- NPC Strike
(22494,4047,1), -- Hold
(22495,4416,1), -- Race
(22495,4032,2), -- NPC Strike
(22495,4047,1), -- Hold
(22496,4416,1), -- Race
(22496,4414,3), -- Light Armor Type     ,Weak P. Def. and strong Evasion.
(22496,4032,3), -- NPC Strike
(22496,1064,3), -- Silence,Instantly blocks an enemy's magic skills
(22496,4613,4), -- NPC Clan Heal
(22497,4416,3), -- Race
(22497,4032,2), -- NPC Strike
(22497,4047,4), -- Hold
(22498,4416,3), -- Race
(22498,4032,2), -- NPC Strike
(22498,4047,4), -- Hold
(22499,4416,3), -- Race
(22499,4032,4), -- NPC Strike
(22499,1064,3), -- Silence,Instantly blocks an enemy's magic skills
(22499,4613,4), -- NPC Clan Heal
(22500,4416,3), -- Race
(22500,5464,1), -- Wind Attacks
(22500,4414,3), -- Light Armor Type     ,Weak P. Def. and strong Evasion.
(22500,4032,2), -- NPC Strike
(22500,4047,5), -- Hold
(22501,4416,3), -- Race
(22501,5464,1), -- Wind Attacks
(22501,4414,3), -- Light Armor Type     ,Weak P. Def. and strong Evasion.
(22501,4032,2), -- NPC Strike
(22501,4047,5), -- Hold
(22502,4416,8), -- Race
(22502,5465,1), -- Earth Attacks,Strong against the element of earth
(22502,4414,3), -- Light Armor Type     ,Weak P. Def. and strong Evasion.
(22502,4032,4), -- NPC Strike
(22502,1064,3), -- Silence,Instantly blocks an enemy's magic skills
(22502,4613,4), -- NPC Clan Heal
(22503,4416,9), -- Race
(22503,5467,1), -- Dark Attacks
(22503,4414,1), -- Heavy Armor Type, Strong P. Def. and weak Evasion
(22503,4032,2), -- NPC Strike
(22503,4047,5), -- Hold
(22504,4416,9), -- Race
(22504,5467,1), -- Dark Attacks
(22504,4414,1), -- Heavy Armor Type, Strong P. Def. and weak Evasion
(22504,4032,2), -- NPC Strike
(22504,4047,5), -- Hold
(22505,4416,2), -- Race
(22505,5463,1), -- Water Attacks,Strong against the element of water
(22505,4032,4), -- NPC Strike
(22505,1064,3), -- Silence,Instantly blocks an enemy's magic skills
(22505,4613,4), -- NPC Clan Heal
(25616,4416,6), -- Race
(25616,4211,1), -- BOSS Might
(25616,4177,1), -- BOSS Cancel Magic
(25616,4179,1), -- BOSS Strike
(25616,4171,1), -- BOSS Spinning Slash
(25617,4416,6), -- Race
(25617,4414,3), -- Light Armor Type     ,Weak P. Def. and strong Evasion.
(25617,4211,1), -- BOSS Might
(25617,4177,1), -- BOSS Cancel Magic
(25617,4179,1), -- BOSS Strike
(25617,4171,1), -- BOSS Spinning Slash
(25618,4416,2), -- Race
(25618,4414,1), -- Heavy Armor Type, Strong P. Def. and weak Evasion
(25618,4211,1), -- BOSS Might
(25618,4177,1), -- BOSS Cancel Magic
(25618,4179,1), -- BOSS Strike
(25618,4171,1), -- BOSS Spinning Slash
(25619,4416,1), -- Race
(25619,4211,1), -- BOSS Might
(25619,4177,1), -- BOSS Cancel Magic
(25619,4179,1), -- BOSS Strike
(25619,4171,1), -- BOSS Spinning Slash
(25620,4416,3), -- Race
(25620,4211,1), -- BOSS Might
(25620,4177,1), -- BOSS Cancel Magic
(25620,4179,1), -- BOSS Strike
(25620,4171,1), -- BOSS Spinning Slash
(25621,4416,8), -- Race
(25621,5462,1), -- Fire Attacks
(25621,4211,1), -- BOSS Might
(25621,4177,1), -- BOSS Cancel Magic
(25621,4179,1), -- BOSS Strike
(25621,4171,1), -- BOSS Spinning Slash
(25622,4416,1), -- Race
(25622,5467,1), -- Dark Attacks
(25622,4414,1), -- Heavy Armor Type, Strong P. Def. and weak Evasion
(25622,4211,1), -- BOSS Might
(25622,4177,1), -- BOSS Cancel Magic
(25622,4179,1), -- BOSS Strike
(25622,4171,1), -- BOSS Spinning Slash
(29129,4416,6), -- Race
(29129,4178,1), -- BOSS Flamestrike
(29129,5701,1), -- P. Atk. is decreased. Effect 2
(29132,4416,6), -- Race
(29132,4178,1), -- BOSS Flamestrike
(29132,5701,1), -- P. Atk. is decreased. Effect 2
(29135,4416,2), -- Race
(29135,4414,1), -- Heavy Armor Type, Strong P. Def. and weak Evasion
(29135,4178,1), -- BOSS Flamestrike
(29135,5701,1), -- P. Atk. is decreased. Effect 2
(29138,4416,1), -- Race
(29138,4178,1), -- BOSS Flamestrike
(29138,5701,1), -- P. Atk. is decreased. Effect 2
(29141,4416,4), -- Race
(29141,4414,3), -- Light Armor Type     ,Weak P. Def. and strong Evasion.
(29141,4178,1), -- BOSS Flamestrike
(29141,5701,1), -- P. Atk. is decreased. Effect 2
(29144,4416,8), -- Race
(29144,5462,1), -- Fire Attacks
(29144,4178,1), -- BOSS Flamestrike
(29144,5701,1), -- P. Atk. is decreased. Effect 2
(29147,4416,10), -- Race
(29147,5464,1), -- Wind Attacks
(29147,4178,1), -- BOSS Flamestrike
(29147,5701,1); -- P. Atk. is decreased. Effect 2
