/************ Made IN Taiwan ************/

/************ 修正32007加爾巴-釣魚會員 ************/
DELETE FROM `spawnlist` WHERE `id` > 820000 AND `id` < 880000;
INSERT INTO `spawnlist` VALUES ('820001', '', '1', '32007', '140967', '-123600', '-1905', '0', '0', '11829', '60', '0', '0');
UPDATE `npc` SET `type` = 'L2Fisherman' WHERE `id` IN (32007);
UPDATE `npc` SET `rhand` = '7560' WHERE `id` IN (32007);
REPLACE INTO `merchant_shopids` VALUES (3200700,32007);
DELETE FROM `merchant_buylists` WHERE shop_id IN (3200700);
INSERT INTO `merchant_buylists` (`item_id`,`price`,`shop_id`,`order`) VALUES
(7807,-1,3200700,0),
(7808,-1,3200700,1),
(7809,-1,3200700,2),
(6520,-1,3200700,3),
(6523,-1,3200700,4),
(6526,-1,3200700,5),
(8506,-1,3200700,6),
(8509,-1,3200700,7),
(8512,-1,3200700,8),
(8484,-1,3200700,9),
(8485,-1,3200700,10),
(8486,-1,3200700,11),
(6529,-1,3200700,12),
(6530,-1,3200700,13),
(6531,-1,3200700,14),
(6532,-1,3200700,15),
(6533,-1,3200700,16),
(6534,-1,3200700,17),
(7561,-1,3200700,18),
(8193,-1,3200700,19),
(8194,-1,3200700,20),
(8195,-1,3200700,21),
(8196,-1,3200700,22),
(8197,-1,3200700,23),
(8198,-1,3200700,24),
(8199,-1,3200700,25),
(8200,-1,3200700,26),
(8202,-1,3200700,27);


/************ 修正赤紅座龍 ************/
REPLACE INTO `npc` VALUES ('16038', '16038', 'Red Wind Strider', '0', '', '0', 'Monster.strider', '23.00', '31.00', '70', 'male', 'L2Pet', '40', '2444', '2444', '0.00', '0.00', '10', '10', '10', '10', '10', '10', '0', '0', '500', '500', '500', '500', '253', '0', '253', '0', '0', '0', '80', '120', '', '0', '0', '0', 'LAST_HIT', '0', '0', '0', 'balanced', "false");
REPLACE INTO `npc` VALUES ('16039', '16039', 'Red Star Strider', '0', '', '0', 'Monster.strider', '23.00', '31.00', '70', 'male', 'L2Pet', '40', '2444', '2444', '0.00', '0.00', '10', '10', '10', '10', '10', '10', '0', '0', '500', '500', '500', '500', '253', '0', '253', '0', '0', '0', '80', '120', '', '0', '0', '0', 'LAST_HIT', '0', '0', '0', 'balanced', "false");
REPLACE INTO `npc` VALUES ('16040', '16040', 'Red Twilight Strider', '0', '', '0', 'Monster.strider', '23.00', '31.00', '70', 'male', 'L2Pet', '40', '2444', '2444', '0.00', '0.00', '10', '10', '10', '10', '10', '10', '0', '0', '500', '500', '500', '500', '253', '0', '253', '0', '0', '0', '80', '120', '', '0', '0', '0', 'LAST_HIT', '0', '0', '0', 'balanced', "false");


/************ 修正要塞/小天使/小惡魔/愛心/媽祖/普萊皮塔/貓熊的手鐲 ************/
UPDATE `armor` SET `skill` = '3361-1;3267-1;5458-1;' WHERE `item_id` IN (9909,10018);
UPDATE `armor` SET `skill` = '3423-1;3267-1;5535-1;' WHERE `item_id` IN (10320,12779);
UPDATE `armor` SET `skill` = '3424-1;3267-1;5536-1;' WHERE `item_id` IN (10326,12780);
UPDATE `armor` SET `skill` = '8245-1;3267-1;' WHERE `item_id` IN (13023,13254,13309,13340,14775,20253);
UPDATE `armor` SET `skill` = '21000-1;3267-1;23000-1;' WHERE `item_id` IN (20006);
UPDATE `armor` SET `skill` = '21001-1;3267-1;23001-1;' WHERE `item_id` IN (20007);
UPDATE `armor` SET `skill` = '21002-1;3267-1;23002-1;' WHERE `item_id` IN (20008);
UPDATE `armor` SET `skill` = '21003-1;3267-1;23003-1;' WHERE `item_id` IN (20012);
UPDATE `armor` SET `skill` = '21008-1;3267-1;23010-1;' WHERE `item_id` IN (20063);
UPDATE `armor` SET `skill` = '21009-1;3267-1;23011-1;' WHERE `item_id` IN (20064);
UPDATE `armor` SET `skill` = '21010-1;3267-1;23012-1;' WHERE `item_id` IN (20065);


/************ 修正邱比特/招財貓/獨眼蝙蝠群/飛馬/土地公的壺精手鐲/食人妖的手鐲 ************/
UPDATE `armor` SET `skill` = '21031-1;3267-1;23025-1;' WHERE `item_id` IN (20212);
UPDATE `armor` SET `skill` = '21032-1;3267-1;23026-1;' WHERE `item_id` IN (20213);
UPDATE `armor` SET `skill` = '21033-1;3267-1;23027-1;23046-1;' WHERE `item_id` IN (20221);
UPDATE `armor` SET `skill` = '21034-1;3267-1;23028-1;23047-1;' WHERE `item_id` IN (20222);
UPDATE `armor` SET `skill` = '21035-1;3267-1;23029-1;23048-1;' WHERE `item_id` IN (20223);
UPDATE `armor` SET `skill` = '21033-1;3267-1;23027-1;23046-1;23030-1;' WHERE `item_id` IN (20224);
UPDATE `armor` SET `skill` = '21034-1;3267-1;23028-1;23047-1;23031-1;' WHERE `item_id` IN (20225);
UPDATE `armor` SET `skill` = '21036-1;3267-1;23033-1;' WHERE `item_id` IN (20230);
UPDATE `armor` SET `skill` = '21036-1;3267-1;23033-1;23034-1;' WHERE `item_id` IN (20231);
UPDATE `armor` SET `skill` = '21037-1;3267-1;23036-1;' WHERE `item_id` IN (20236);
UPDATE `armor` SET `skill` = '21037-1;3267-1;23036-1;23037-1;' WHERE `item_id` IN (20237);
UPDATE `armor` SET `skill` = '21037-1;3267-1;23036-1;23038-1;' WHERE `item_id` IN (20238);
UPDATE `armor` SET `skill` = '21038-1;3267-1;23039-1;' WHERE `item_id` IN (20245);
UPDATE `armor` SET `skill` = '21039-1;3267-1;23040-1;' WHERE `item_id` IN (20246);
UPDATE `armor` SET `skill` = '21040-1;3267-1;23041-1;' WHERE `item_id` IN (20247);
UPDATE `armor` SET `skill` = '21038-1;3267-1;23039-1;23042-1;' WHERE `item_id` IN (20248);
UPDATE `armor` SET `skill` = '21039-1;3267-1;23040-1;23043-1;' WHERE `item_id` IN (20249);
UPDATE `armor` SET `skill` = '21040-1;3267-1;23041-1;23044-1;' WHERE `item_id` IN (20250);
UPDATE `armor` SET `skill` = '21041-1;3267-1;23045-1;' WHERE `item_id` IN (20252);


/************ 增加頭飾的附加技能(祝福復活/祝福返回/大頭/煙火) ************/
UPDATE `armor` SET `skill` = '3263-1;' WHERE `item_id` IN (9177,9178,9179,9180,9181,9182,9183,10621,10625,10629);
UPDATE `armor` SET `skill` = '3264-1;' WHERE `item_id` IN (9184,9185,9186,9187,9188,9189,9190,10620,10624,10628,14753,14756,14759,14762);
UPDATE `armor` SET `skill` = '3265-1;' WHERE `item_id` IN (9191,9192,9193,9194,9195,9196,9197,10623,10627,10631,14754,14757,14760,14763);
UPDATE `armor` SET `skill` = '3266-1;' WHERE `item_id` IN (9198,9199,9200,9201,9202,9203,9204,9890,9891,9892,9893,9894,9895,9896,10622,10626,10630,14755,14758,14761,14764);
UPDATE `armor` SET `skill` = '21005-3;' WHERE `item_id` IN (20016);
UPDATE `armor` SET `skill` = '21006-1;21007-1;' WHERE `item_id` IN (20018);
UPDATE `armor` SET `skill` = '21004-1;' WHERE `item_id` IN (20019);


/************ 增加壺精的附加技能(祝福復活/祝福返回/大頭/煙火) ************/
UPDATE `armor` SET `skill` = '3423-1;3267-1;5538-1;' WHERE `item_id` IN (10316);
UPDATE `armor` SET `skill` = '3423-1;3267-1;5539-1;' WHERE `item_id` IN (10317);
UPDATE `armor` SET `skill` = '3423-1;3267-1;5540-1;' WHERE `item_id` IN (10318);
UPDATE `armor` SET `skill` = '3423-1;3267-1;5541-1;' WHERE `item_id` IN (10319);
UPDATE `armor` SET `skill` = '3424-1;3267-1;5542-1;' WHERE `item_id` IN (10322);
UPDATE `armor` SET `skill` = '3424-1;3267-1;5543-1;' WHERE `item_id` IN (10323);
UPDATE `armor` SET `skill` = '3424-1;3267-1;5544-1;' WHERE `item_id` IN (10324);
UPDATE `armor` SET `skill` = '3424-1;3267-1;5545-1;' WHERE `item_id` IN (10325);
UPDATE `armor` SET `skill` = '21000-1;3267-1;23000-1;23004-1;' WHERE `item_id` IN (20009);
UPDATE `armor` SET `skill` = '21001-1;3267-1;23001-1;23005-1;' WHERE `item_id` IN (20010);
UPDATE `armor` SET `skill` = '21002-1;3267-1;23002-1;23006-1;' WHERE `item_id` IN (20011);
UPDATE `armor` SET `skill` = '21003-1;3267-1;23003-1;23007-1;' WHERE `item_id` IN (20013);
UPDATE `armor` SET `skill` = '21003-1;3267-1;23003-1;23009-1;' WHERE `item_id` IN (20014);
UPDATE `armor` SET `skill` = '21003-1;3267-1;23003-1;23008-1;' WHERE `item_id` IN (20015);
UPDATE `armor` SET `skill` = '21008-1;3267-1;23010-1;23013-1;' WHERE `item_id` IN (20066);
UPDATE `armor` SET `skill` = '21008-1;3267-1;23011-1;23014-1;' WHERE `item_id` IN (20067);
UPDATE `armor` SET `skill` = '21010-1;3267-1;23012-1;23015-1;' WHERE `item_id` IN (20068);


/************ 增加道具的變身技能 ************/
UPDATE `weapon` SET `skill` = '3418-1;' WHERE `item_id` IN (10167); -- 豬豬塔糖
UPDATE `weapon` SET `skill` = '8244-1;' WHERE `item_id` IN (12814); -- 守門人變身魔杖
UPDATE `weapon` SET `skill` = '8246-1;' WHERE `item_id` IN (12800,13253,13324,13339); -- 南瓜變身魔杖
REPLACE INTO `armorsets` VALUES ('200', '9670', '9671', '9669', '0', '0', '3359', '1', '0', '0', '0', '0', '0', '0', '0', '0'); -- 土著全套


/************ 增加狩獵幫手 ************/
REPLACE INTO `npc` VALUES ('16043', '16043', 'Fox Shaman', '0', '', '0', 'LineageMonster4.foxian_wizard_pet', '10', '19', '70', 'male', 'L2Pet', '40', '2444', '2444', '0.00', '0.00', '40', '43', '30', '21', '20', '25', '0', '0', '500', '500', '500', '500', '253', '0', '253', '0', '0', '0', '80', '120', 'NULL', '0', '0', '0', 'LAST_HIT', '0', '0', '0', 'fighter', 'false');
REPLACE INTO `npc` VALUES ('16044', '16044', 'Wild Beast Fighter', '0', '', '0', 'LineageMonster4.beast_fighter_pet', '10', '17', '70', 'male', 'L2Pet', '40', '2444', '2444', '0.00', '0.00', '40', '43', '30', '21', '20', '25', '0', '0', '500', '500', '500', '500', '253', '0', '253', '0', '0', '0', '80', '120', 'NULL', '0', '0', '0', 'LAST_HIT', '0', '0', '0', 'fighter', 'false');
REPLACE INTO `npc` VALUES ('16045', '16045', 'White Weasel', '0', '', '0', 'LineageMonster4.ferret_pet', '10', '13', '70', 'male', 'L2Pet', '40', '2444', '2444', '0.00', '0.00', '40', '43', '30', '21', '20', '25', '0', '0', '500', '500', '500', '500', '253', '0', '253', '0', '0', '0', '80', '120', 'NULL', '0', '0', '0', 'LAST_HIT', '0', '0', '0', 'fighter', 'false');
REPLACE INTO `npc` VALUES ('16046', '16046', 'Fairy Princess', '0', '', '0', 'LineageMonster4.fairy_princess_pet', '10', '18', '70', 'male', 'L2Pet', '40', '2444', '2444', '0.00', '0.00', '40', '43', '30', '21', '20', '25', '0', '0', '500', '500', '500', '500', '253', '0', '253', '0', '0', '0', '80', '120', 'NULL', '0', '0', '0', 'LAST_HIT', '0', '0', '0', 'fighter', 'false');
UPDATE `etcitem` SET `handler` = 'SummonItems' WHERE `item_id` IN (13017,13018,13019,13020);
REPLACE INTO `pets_skills` VALUES
(16044,1,5745,1),
(16044,72,5745,2),
(16044,74,5745,3),
(16044,76,5745,4),
(16044,78,5745,5),
(16044,79,5745,6),
(16044,80,5745,7),
(16044,81,5745,8),
(16044,82,5745,9),
(16044,83,5745,10),
(16044,84,5745,11),
(16044,85,5745,12),
(16045,1,5745,1),
(16045,72,5745,2),
(16045,74,5745,3),
(16045,76,5745,4),
(16045,78,5745,5),
(16045,79,5745,6),
(16045,80,5745,7),
(16045,81,5745,8),
(16045,82,5745,9),
(16045,83,5745,10),
(16045,84,5745,11),
(16045,85,5745,12),
(16044,1,5746,1),
(16044,72,5746,2),
(16044,74,5746,3),
(16044,76,5746,4),
(16044,78,5746,5),
(16044,79,5746,6),
(16044,80,5746,7),
(16044,81,5746,8),
(16044,82,5746,9),
(16044,83,5746,10),
(16044,84,5746,11),
(16044,85,5746,12),
(16044,1,5747,1),
(16044,72,5747,2),
(16044,74,5747,3),
(16044,76,5747,4),
(16044,78,5747,5),
(16044,79,5747,6),
(16044,80,5747,7),
(16044,81,5747,8),
(16044,82,5747,9),
(16044,83,5747,10),
(16044,84,5747,11),
(16044,85,5747,12),
(16044,1,5748,1),
(16044,72,5748,2),
(16044,74,5748,3),
(16044,76,5748,4),
(16044,78,5748,5),
(16044,79,5748,6),
(16044,80,5748,7),
(16044,81,5748,8),
(16044,82,5748,9),
(16044,83,5748,10),
(16044,84,5748,11),
(16044,85,5748,12),
(16043,1,5749,1),
(16043,72,5749,2),
(16043,74,5749,3),
(16043,76,5749,4),
(16043,78,5749,5),
(16043,79,5749,6),
(16043,80,5749,7),
(16043,81,5749,8),
(16043,82,5749,9),
(16043,83,5749,10),
(16043,84,5749,11),
(16043,85,5749,12),
(16043,1,5750,1),
(16043,72,5750,2),
(16043,74,5750,3),
(16043,76,5750,4),
(16043,78,5750,5),
(16043,79,5750,6),
(16043,80,5750,7),
(16043,81,5750,8),
(16043,82,5750,9),
(16043,83,5750,10),
(16043,84,5750,11),
(16043,85,5750,12),
(16043,1,5751,1),
(16043,72,5751,2),
(16043,74,5751,3),
(16043,76,5751,4),
(16043,78,5751,5),
(16043,79,5751,6),
(16043,80,5751,7),
(16043,81,5751,8),
(16043,82,5751,9),
(16043,83,5751,10),
(16043,84,5751,11),
(16043,85,5751,12),
(16043,1,5752,1),
(16043,72,5752,2),
(16043,74,5752,3),
(16043,76,5752,4),
(16043,78,5752,5),
(16043,79,5752,6),
(16043,80,5752,7),
(16043,81,5752,8),
(16043,82,5752,9),
(16043,83,5752,10),
(16043,84,5752,11),
(16043,85,5752,12),
(16046,1,5752,1),
(16046,72,5752,2),
(16046,74,5752,3),
(16046,76,5752,4),
(16046,78,5752,5),
(16046,79,5752,6),
(16046,80,5752,7),
(16046,81,5752,8),
(16046,82,5752,9),
(16046,83,5752,10),
(16046,84,5752,11),
(16046,85,5752,12),
(16043,1,5753,1),
(16044,1,5753,1),
(16045,1,5753,1),
(16046,1,5753,1),
(16045,1,5771,1),
(16046,1,5771,1),
(16034,1,5771,1),
(16035,1,5771,1),
(16036,1,5771,1),
(14916,1,5761,1),
(14916,70,5761,1),
(14917,1,5761,1),
(14917,70,5761,1);
REPLACE INTO `pets_stats` VALUES
('Fox Shaman',16043,70,266966617,3161,1039,1075,502,1155,444,110,100,44,187,278,333,100000000,0,0,92287,40,15,0.05),
('Fox Shaman',16043,71,311043873,3250,1115,1085,509,1158,447,112,102,44,187,278,333,100000000,0,0,92287,40,15,0.05),
('Fox Shaman',16043,72,366944678,3340,1151,1097,517,1161,450,114,105,44,187,278,333,100000000,0,0,92287,40,15,0.05),
('Fox Shaman',16043,73,436722878,3433,1199,1108,526,1164,453,116,108,44,187,278,333,100000000,0,0,92287,40,15,0.05),
('Fox Shaman',16043,74,522505733,3527,1247,1119,534,1167,456,118,110,44,187,278,333,100000000,0,0,92287,40,15,0.05),
('Fox Shaman',16043,75,626774887,3621,1299,1130,542,1170,459,120,113,44,187,278,333,100000000,0,0,92287,40,15,0.05),
('Fox Shaman',16043,76,772136519,3718,1350,1142,550,1173,462,122,116,44,187,278,333,100000000,0,0,92287,40,15,0.05),
('Fox Shaman',16043,77,944761536,3815,1403,1154,559,1176,465,124,119,44,187,278,333,100000000,0,0,92287,40,15,0.05),
('Fox Shaman',16043,78,1148089335,3985,1465,1140,569,1180,468,126,121,44,187,278,333,100000000,0,0,92287,40,15,0.05),
('Fox Shaman',16043,79,1386786292,4009,1514,1179,577,1184,471,128,123,44,187,278,333,100000000,0,0,92287,40,15,0.05),
('Fox Shaman',16043,80,1664975622,4109,1572,1192,585,1188,474,130,125,44,187,278,333,100000000,0,0,92287,40,15,0.05),
('Fox Shaman',16043,81,1998969732,4209,1632,1205,594,1192,477,132,127,44,187,278,333,100000000,0,0,92287,40,15,0.05),
('Fox Shaman',16043,82,2379093816,4311,1693,1219,602,1196,480,134,130,44,187,278,333,100000000,0,0,92287,40,15,0.05),
('Fox Shaman',16043,83,2831502296,4416,1756,1233,612,1200,483,136,133,44,187,278,333,100000000,0,0,92287,40,15,0.05),
('Fox Shaman',16043,84,3340379889,4521,1821,1248,622,1204,486,138,135,44,187,278,333,100000000,0,0,92287,40,15,0.05),
('Fox Shaman',16043,85,3905839397,4629,1887,1263,631,1208,489,141,137,44,187,278,333,100000000,0,0,92287,40,15,0.05),
('Fox Shaman',16043,86,4567019890,4740,1955,1278,641,1212,492,145,140,44,187,278,333,100000000,0,0,92287,40,15,0.05),
('Wild Beast Fighter',16044,70,266966617,4647,623,1688,502,578,444,110,100,44,187,278,333,100000000,0,0,92287,40,15,0.05),
('Wild Beast Fighter',16044,71,311043873,4778,669,1703,509,579,447,112,102,44,187,278,333,100000000,0,0,92287,40,15,0.05),
('Wild Beast Fighter',16044,72,366944678,4910,691,1722,517,581,450,114,105,44,187,278,333,100000000,0,0,92287,40,15,0.05),
('Wild Beast Fighter',16044,73,436722878,5047,719,1740,526,582,453,116,108,44,187,278,333,100000000,0,0,92287,40,15,0.05),
('Wild Beast Fighter',16044,74,522505733,5185,748,1757,534,584,456,118,110,44,187,278,333,100000000,0,0,92287,40,15,0.05),
('Wild Beast Fighter',16044,75,626774887,5323,779,1774,542,585,459,120,113,44,187,278,333,100000000,0,0,92287,40,15,0.05),
('Wild Beast Fighter',16044,76,772136519,5465,810,1793,550,587,462,122,116,44,187,278,333,100000000,0,0,92287,40,15,0.05),
('Wild Beast Fighter',16044,77,944761536,5608,842,1812,559,588,465,124,119,44,187,278,333,100000000,0,0,92287,40,15,0.05),
('Wild Beast Fighter',16044,78,1148089335,5845,879,1835,569,589,468,126,121,44,187,278,333,100000000,0,0,92287,40,15,0.05),
('Wild Beast Fighter',16044,79,1386786292,5893,908,1851,577,592,471,128,123,44,187,278,333,100000000,0,0,92287,40,15,0.05),
('Wild Beast Fighter',16044,80,1664975622,6040,943,1871,585,594,474,130,125,44,187,278,333,100000000,0,0,92287,40,15,0.05),
('Wild Beast Fighter',16044,81,1998969732,6187,979,1892,594,596,477,132,127,44,187,278,333,100000000,0,0,92287,40,15,0.05),
('Wild Beast Fighter',16044,82,2379093816,6337,1016,1914,602,598,480,134,130,44,187,278,333,100000000,0,0,92287,40,15,0.05),
('Wild Beast Fighter',16044,83,2831502296,6492,1054,1936,612,600,483,136,133,44,187,278,333,100000000,0,0,92287,40,15,0.05),
('Wild Beast Fighter',16044,84,3340379889,6646,1093,1959,622,602,486,138,135,44,187,278,333,100000000,0,0,92287,40,15,0.05),
('Wild Beast Fighter',16044,85,3905839397,6805,1132,1983,631,604,489,141,137,44,187,278,333,100000000,0,0,92287,40,15,0.05),
('Wild Beast Fighter',16044,86,4567019890,6968,1173,2006,641,606,492,145,140,44,187,278,333,100000000,0,0,92287,40,15,0.05),
('White Weasel',16045,70,266966617,3856,1320,1381,502,866,444,110,100,44,187,278,333,100000000,0,0,92287,40,15,0.05),
('White Weasel',16045,71,311043873,3965,1416,1394,509,869,447,112,102,44,187,278,333,100000000,0,0,92287,40,15,0.05),
('White Weasel',16045,72,366944678,4075,1462,1409,517,871,450,114,105,44,187,278,333,100000000,0,0,92287,40,15,0.05),
('White Weasel',16045,73,436722878,4188,1523,1423,526,873,453,116,108,44,187,278,333,100000000,0,0,92287,40,15,0.05),
('White Weasel',16045,74,522505733,4303,1584,1437,534,875,456,118,110,44,187,278,333,100000000,0,0,92287,40,15,0.05),
('White Weasel',16045,75,626774887,4418,1650,1451,542,878,459,120,113,44,187,278,333,100000000,0,0,92287,40,15,0.05),
('White Weasel',16045,76,772136519,4536,1715,1467,550,880,462,122,116,44,187,278,333,100000000,0,0,92287,40,15,0.05),
('White Weasel',16045,77,944761536,4654,1782,1482,559,882,465,124,119,44,187,278,333,100000000,0,0,92287,40,15,0.05),
('White Weasel',16045,78,1148089335,4871,1856,1500,569,883,468,126,121,44,187,278,333,100000000,0,0,92287,40,15,0.05),
('White Weasel',16045,79,1386786292,4891,1923,1514,577,888,471,128,123,44,187,278,333,100000000,0,0,92287,40,15,0.05),
('White Weasel',16045,80,1664975622,5013,1996,1531,585,891,474,130,125,44,187,278,333,100000000,0,0,92287,40,15,0.05),
('White Weasel',16045,81,1998969732,5135,2073,1547,594,894,477,132,127,44,187,278,333,100000000,0,0,92287,40,15,0.05),
('White Weasel',16045,82,2379093816,5259,2150,1565,602,897,480,134,130,44,187,278,333,100000000,0,0,92287,40,15,0.05),
('White Weasel',16045,83,2831502296,5388,2230,1583,612,900,483,136,133,44,187,278,333,100000000,0,0,92287,40,15,0.05),
('White Weasel',16045,84,3340379889,5516,2313,1602,622,903,486,138,135,44,187,278,333,100000000,0,0,92287,40,15,0.05),
('White Weasel',16045,85,3905839397,5647,2396,1622,631,906,489,141,137,44,187,278,333,100000000,0,0,92287,40,15,0.05),
('White Weasel',16045,86,4567019890,5783,2483,1642,641,909,492,145,140,44,187,278,333,100000000,0,0,92287,40,15,0.05),
('Fairy Princess',16046,70,266966617,3477,1386,1075,502,961,444,110,100,44,187,278,333,100000000,0,0,92287,40,15,0.05),
('Fairy Princess',16046,71,311043873,3575,1487,1085,509,963,447,112,102,44,187,278,333,100000000,0,0,92287,40,15,0.05),
('Fairy Princess',16046,72,366944678,3674,1535,1097,517,966,450,114,105,44,187,278,333,100000000,0,0,92287,40,15,0.05),
('Fairy Princess',16046,73,436722878,3777,1599,1108,526,968,453,116,108,44,187,278,333,100000000,0,0,92287,40,15,0.05),
('Fairy Princess',16046,74,522505733,3880,1663,1119,534,971,456,118,110,44,187,278,333,100000000,0,0,92287,40,15,0.05),
('Fairy Princess',16046,75,626774887,3983,1733,1130,542,973,459,120,113,44,187,278,333,100000000,0,0,92287,40,15,0.05),
('Fairy Princess',16046,76,772136519,4090,1801,1142,550,976,462,122,116,44,187,278,333,100000000,0,0,92287,40,15,0.05),
('Fairy Princess',16046,77,944761536,4197,1872,1154,559,978,465,124,119,44,187,278,333,100000000,0,0,92287,40,15,0.05),
('Fairy Princess',16046,78,1148089335,4384,1954,1165,569,982,468,126,121,44,187,278,333,100000000,0,0,92287,40,15,0.05),
('Fairy Princess',16046,79,1386786292,4410,2020,1179,577,985,471,128,123,44,187,278,333,100000000,0,0,92287,40,15,0.05),
('Fairy Princess',16046,80,1664975622,4520,2097,1192,585,988,474,130,125,44,187,278,333,100000000,0,0,92287,40,15,0.05),
('Fairy Princess',16046,81,1998969732,4630,2177,1205,594,992,477,132,127,44,187,278,333,100000000,0,0,92287,40,15,0.05),
('Fairy Princess',16046,82,2379093816,4743,2258,1219,602,995,480,134,130,44,187,278,333,100000000,0,0,92287,40,15,0.05),
('Fairy Princess',16046,83,2831502296,4858,2343,1233,612,998,483,136,133,44,187,278,333,100000000,0,0,92287,40,15,0.05),
('Fairy Princess',16046,84,3340379889,4974,2429,1248,622,1002,486,138,135,44,187,278,333,100000000,0,0,92287,40,15,0.05),
('Fairy Princess',16046,85,3905839397,5092,2517,1263,631,1005,489,141,137,44,187,278,333,100000000,0,0,92287,40,15,0.05),
('Fairy Princess',16046,86,4567019890,5214,2608,1278,641,1008,492,145,140,44,187,278,333,100000000,0,0,92287,40,15,0.05);


/************ 增加寵物的技能(鬃狼/座狼/座龍) ************/
REPLACE INTO `pets_skills` VALUES
(16025,1,5443,1),
(16025,60,5443,2),
(16025,65,5443,3),
(16025,70,5443,4),
(16037,1,5443,1),
(16037,60,5443,2),
(16037,65,5443,3),
(16037,70,5443,4),
(16041,1,5443,1),
(16041,60,5443,2),
(16041,65,5443,3),
(16041,70,5443,4),
(16042,1,5443,1),
(16042,60,5443,2),
(16042,65,5443,3),
(16042,70,5443,4),
(16025,1,5444,1),
(16025,60,5444,2),
(16037,1,5444,1),
(16037,60,5444,2),
(16041,1,5444,1),
(16041,60,5444,2),
(16042,1,5444,1),
(16042,60,5444,2),
(16025,1,5445,1),
(16037,1,5445,1),
(16041,1,5445,1),
(16042,1,5445,1),
(16037,1,5584,1),
(16042,1,5584,1);


/************ 增加/修正/刪除NPC ************/
UPDATE `npc` SET `collision_radius` = '13.5', `collision_height` = '36.5' WHERE `id` IN (27323); -- 修正神的密使(任務怪物)
UPDATE `npc` SET `type` = 'L2VillageMaster' WHERE `id` IN (32191); -- 修正漢娜琳  宗師的NPC類型
UPDATE `npc` SET `type` = 'L2Adventurer' WHERE `id` IN (32074); -- 修正古魯丁分會長的NPC類型
UPDATE `npc` SET `type` = 'L2Npc', `collision_radius` = '9', `collision_height` = '16.5', `rhand` = '0' WHERE `id` IN (35417,35418); -- 修正地獄守門人
UPDATE `spawnlist` SET `npc_templateid` = '35440' WHERE `id` = 33771; -- 修正NPC ID:丹尼爾(根據地守門人)
UPDATE `npc` SET `rhand` = '316' WHERE `id` IN (50007); -- 結婚管理員
UPDATE `npc` SET `rhand` = '0' WHERE `id` IN (70010); -- TVT活動管理員
DELETE FROM `spawnlist` WHERE `npc_templateid` IN (30880,30881,30882,30883,30884,30885,30886,30887,30888,30889); -- 刪除不存在的NPC

-- 加入維他命管理者
REPLACE INTO `spawnlist` VALUES
('810001', '', '1', '32478', '17735', '169802', '-3495', '0', '0', '19465', '60', '0', '0'); -- 獵人村莊

-- 修正NPC位置
REPLACE INTO `spawnlist` VALUES
('33472', 'oren16_npc2218_016', '1', '31605', '85692', '16400', '-2803', '0', '0', '38000', '60', '0', '0'),   -- 金斯雷(象牙塔)
('33485', 'oren17_npc2219_009', '1', '30676', '81655', '54737', '-1509', '0', '0', '24576', '60', '0', '0'),   -- 庫羅普(歐瑞倉庫)
('33594', 'innadril09_npc2324_23', '1', '31092', '114486', '217413', '-3631', '0', '0', '0', '60', '0', '0'),  -- 財富的地下商人(水上都市海音斯)
('33613', 'aden17_npc2317_01', '1', '31675', '111186', '-13261', '-1702', '0', '0', '13828', '60', '0', '0'),  -- 維克特 馮 德伊克(國境守備隊隊長)
('33614', 'aden17_npc2317_02', '1', '31679', '111532', '-17238', '-1702', '0', '0', '49586', '60', '0', '0'),  -- 尤斯特斯 馮 伊森(邊境警備隊隊長)
('33628', 'aden17_npc2317_03', '1', '31677', '111532', '-13266', '-1704', '0', '0', '14508', '60', '0', '0'),  -- 國境守備隊員
('33635', 'aden17_npc2317_03', '1', '31677', '111178', '-17234', '-1702', '0', '0', '46468', '60', '0', '0'),  -- 國境守備隊員
('51231', 'schuttgart', '1', '30767', '85792', '-142809', '-1341', '0', '0', '10508', '60', '0', '0'),         -- 拍賣管理者(修加特城鎮)
('51232', 'schuttgart', '1', '35558', '89344', '-141591', '-1541', '0', '0', '64817', '60', '0', '0'),         -- 莊園管理員(修加特城鎮)
('35426', 'schuttgart', '1', '31916', '-115728', '-186423', '-6752', '0', '0', '0', '60', '0', '0');           -- 禁界的守護者(次元的裂痕)

-- 加入漏掉的NPC
INSERT INTO `spawnlist` VALUES
('820002', '', '1', '35644', '116178', '-181602', '-1365', '0', '0', '0', '60', '0', '0'),      -- 莊園管理員(矮人村莊)
('820003', '', '1', '35645', '-44159', '-112229', '-239', '0', '0', '39768', '60', '0', '0'),   -- 莊園管理員(半獸人村莊)
('820004', '', '1', '32321', '147271', '28647', '-2268', '0', '0', '53514', '60', '0', '0'),    -- 道具仲介商(亞丁城鎮)
('820005', '', '1', '32071', '84432', '-144032', '-1538', '0', '0', '8764', '60', '0', '0'),    -- 琳達(修加特城鎮)
('820006', '', '1', '31691', '86123', '-145764', '-1292', '0', '0', '0', '60', '0', '0'),       -- 訓練用草人(修加特城鎮的戰士公會)
('820007', '', '1', '31691', '86123', '-145628', '-1295', '0', '0', '0', '60', '0', '0'),       -- 訓練用草人(修加特城鎮的戰士公會)
('820008', '', '1', '31691', '86123', '-145492', '-1292', '0', '0', '0', '60', '0', '0'),       -- 訓練用草人(修加特城鎮的戰士公會)
('820009', '', '1', '31691', '86123', '-145356', '-1292', '0', '0', '0', '60', '0', '0'),       -- 訓練用草人(修加特城鎮的戰士公會)
('820010', '', '1', '31691', '86123', '-145220', '-1292', '0', '0', '0', '60', '0', '0'),       -- 訓練用草人(修加特城鎮的戰士公會)
('820011', '', '1', '31691', '86315', '-145764', '-1292', '0', '0', '0', '60', '0', '0'),       -- 訓練用草人(修加特城鎮的戰士公會)
('820012', '', '1', '31691', '86315', '-145628', '-1292', '0', '0', '0', '60', '0', '0'),       -- 訓練用草人(修加特城鎮的戰士公會)
('820013', '', '1', '31691', '86315', '-145492', '-1295', '0', '0', '0', '60', '0', '0'),       -- 訓練用草人(修加特城鎮的戰士公會)
('820014', '', '1', '31691', '86315', '-145356', '-1292', '0', '0', '0', '60', '0', '0'),       -- 訓練用草人(修加特城鎮的戰士公會)
('820015', '', '1', '31691', '86315', '-145220', '-1292', '0', '0', '0', '60', '0', '0'),       -- 訓練用草人(修加特城鎮的戰士公會)
('820016', '', '1', '32484', '42668', '-47915', '-796', '0', '0', '52507', '60', '0', '0'),     -- 開拓者幹員(魯因城鎮)
('820017', '', '1', '32271', '153570', '142067', '-9727', '0', '0', '0', '60', '0', '0'),       -- 帕爾米
('820018', '', '1', '32469', '-111520', '41743', '2172', '0', '0', '30892', '60', '0', '0'),    -- 艾特伯格 副長老(闇天使村莊)
('820019', '', '1', '32119', '23707', '-19108', '-2815', '0', '0', '37776', '60', '0', '0'),    -- 烏魯 凱莫
('820020', '', '1', '32120', '27716', '-11685', '-2281', '0', '0', '31470', '60', '0', '0'),    -- 巴魯 凱莫
('820021', '', '1', '32121', '18714', '-9635', '-2790', '0', '0', '54407', '60', '0', '0'),     -- 裘太 凱莫
('820022', '', '1', '32109', '23666', '-7144', '-1134', '0', '0', '46433', '60', '0', '0'),     -- 席琳聖像
('820023', '', '1', '35601', '141162', '-124264', '-1876', '0', '0', '10648', '60', '0', '0'),  -- 守門人(虹彩泉根據地)
('820024', '', '1', '35602', '140705', '-124025', '-1913', '0', '0', '27931', '60', '0', '0'),  -- 守門人(虹彩泉根據地)
('820025', '', '1', '35602', '140737', '-123823', '-1911', '0', '0', '1297', '60', '0', '0'),   -- 守門人(虹彩泉根據地)
('820026', '', '1', '35603', '152937', '-126582', '-2314', '0', '0', '26339', '60', '0', '0'),  -- 入場管理員(虹彩泉根據地)
('820027', '', '1', '35604', '143922', '-119195', '-2140', '0', '0', '0', '60', '0', '0'),      -- 傳令(虹彩泉根據地)
('820028', '', '1', '35625', '55180', '-93023', '-1366', '0', '0', '34826', '60', '0', '0'),    -- 外城守門人(野獸農莊根據地)
('820029', '', '1', '35626', '55419', '-92952', '-1365', '0', '0', '55689', '60', '0', '0'),    -- 外城守門人(野獸農莊根據地)
('820030', '', '1', '35627', '53555', '-93765', '-1583', '0', '0', '47671', '60', '0', '0'),    -- 傳令(野獸農莊根據地)
('820031', '', '1', '32500', '143546', '-58929', '-3468', '0', '0', '40092', '60', '0', '0'),   -- 調查官 悉奈
('820032', '', '1', '32347', '8962', '253278', '-1932', '0', '0', '49909', '60', '0', '0');     -- 夏代 傳說的鐵匠

-- 加入高等城鎮的轉職貓
INSERT INTO `spawnlist` VALUES
('820101', '', '1', '31228', '147449', '25946', '-2012', '0', '0', '21221', '60', '0', '0'),
('820102', '', '1', '31228', '83509', '147962', '-3404', '0', '0', '20253', '60', '0', '0'),
('820103', '', '1', '31228', '82879', '53133', '-1495', '0', '0', '18940', '60', '0', '0'),
('820104', '', '1', '31228', '15740', '142896', '-2705', '0', '0', '19740', '60', '0', '0'),
('820105', '', '1', '31228', '111457', '219419', '-3545', '0', '0', '43515', '60', '0', '0'),
('820106', '', '1', '31228', '-12835', '122741', '-3116', '0', '0', '57344', '60', '0', '0'),
('820107', '', '1', '31228', '148006', '-55266', '-2734', '0', '0', '38727', '60', '0', '0'),
('820108', '', '1', '31228', '87006', '-143414', '-1292', '0', '0', '4363', '60', '0', '0'),
('820109', '', '1', '31228', '-80679', '149837', '-3070', '0', '0', '20834', '60', '0', '0'),
('820110', '', '1', '31228', '117170', '76807', '-2694', '0', '0', '32768', '60', '0', '0'),
('820111', '', '1', '31228', '43877', '-47676', '-823', '0', '0', '49152', '60', '0', '0'),
('820112', '', '1', '31228', '46989', '51487', '-2976', '0', '0', '42643', '60', '0', '0'),
('820113', '', '1', '31228', '-116776', '46545', '368', '0', '0', '40092', '60', '0', '0');

-- 加入地下競技場的入場管理員
DELETE FROM `spawnlist` WHERE `npc_templateid` IN (32377); -- 刪除地下競技場重複的入場管理員
UPDATE `npc` SET `type` = 'L2Teleporter' WHERE `id` IN (32503); -- 入場管理員 柯雷塔的晶體
INSERT INTO `spawnlist` VALUES
('830001', '', '1', '32491', '-82166', '-49176', '-10341', '0', '0', '31175', '60', '0', '0'),  -- 地下競技場助手
('830002', '', '1', '32497', '-80571', '151295', '-3045', '0', '0', '20607', '60', '0', '0'),   -- 調查官 艾德勒
('830003', '', '1', '32498', '85093', '147609', '-3404', '0', '0', '49151', '60', '0', '0'),    -- 惡魔島的復活者
('830005', '', '1', '32503', '-70661', '-71066', '-1419', '0', '0', '49151', '60', '0', '0'),   -- 入場管理員 柯雷塔的晶體
('830006', '', '1', '32513', '-84640', '-45360', '-10728', '0', '0', '56156', '60', '0', '0'),  -- 孔     入場管理員
('830007', '', '1', '32514', '-77408', '-50656', '-10728', '0', '0', '29664', '60', '0', '0'),  -- 塔里翁 入場管理員
('830008', '', '1', '32515', '-81904', '-53904', '-10728', '0', '0', '17044', '60', '0', '0'),  -- 利歐   入場管理員
('830009', '', '1', '32516', '-86359', '-50593', '-10728', '0', '0', '3704', '60', '0', '0'),   -- 康丁斯 入場管理員
('830010', '', '1', '32377', '-79117', '-45433', '-10731', '0', '0', '40959', '60', '0', '0');  -- 庫朗   入場管理員

-- 加入移動到柯雷塔的晶體/各等級的地下競技場外面
REPLACE INTO `teleport` VALUES
('Fantasy Isle -> Underground Coliseum', '12060', '-82271', '-49196', '-10352', '0', '0'),
('Underground Coliseum -> Underground Coliseum LV40', '3249140', '-84451', '-45452', '-10728', '0', '0'),
('Underground Coliseum -> Underground Coliseum LV50', '3249150', '-86154', '-50429', '-10728', '0', '0'),
('Underground Coliseum -> Underground Coliseum LV60', '3249160', '-82009', '-53652', '-10728', '0', '0'),
('Underground Coliseum -> Underground Coliseum LV70', '3249170', '-77586', '-50503', '-10728', '0', '0'),
('Underground Coliseum -> Underground Coliseum LV00', '3249100', '-79309', '-45561', '-10728', '0', '0');

-- 加入黎明/黃昏的神諭處可觀看比賽
REPLACE INTO `npc` VALUES ('830000', '31031', 'Broadcasting Tower', '0', '', '0', 'NPC.broadcasting_tower', '7.00', '35.00', '70', 'etc', 'L2Observation', '40', '3862', '1493', '11.85', '2.78', '40', '43', '30', '21', '20', '10', '0', '0', '1314', '470', '780', '382', '278', '0', '333', '0', '0', '0', '55', '132', 'NULL', '0', '1', '0', 'LAST_HIT', '0', '0', '0', 'fighter', 'false');
UPDATE `spawnlist` SET `npc_templateid` = '830000' WHERE `id` IN (48128,48129,48130,48131);


/************ 修正BOSS ************/
REPLACE INTO `grandboss_data` VALUES
(29001, -21610, 181594, -5734, 0, 0, 229898, 667, 0),
(29006, 17726, 108915, -6480, 0, 0, 622493, 3793, 0),
(29014, 43728, 17220, -4342, 10126, 0, 622493, 3793, 0),
(29019, 181323, 114850, -7618, 32542, 0, 13090000, 39960, 0),
(29020, 116067, 17484, 10110, 41740, 0, 3698520, 39960, 0),
(29022, 55312, 219168, -3223, 0, 0, 858518, 1975, 0),
(29028, 212852, -114842, -1632, 833, 0, 16660000, 39960, 0),
(29065, -123348, -248881, -15537, 44732, 0, 1532678, 4255, 0),
(29099, 153569, 142075, -12732, 60025, 0, 1448567, 3718, 0);
UPDATE `npc` SET `aggro` = 500 WHERE `id` IN (29020,29021,29022,29065,29069,29070);
UPDATE `npc` SET `aggro` = 800 WHERE `id` IN (29019,29028);
UPDATE `npc` SET `hp` = '13090000', `mp` = '39960' WHERE `id` IN (29019);
UPDATE `npc` SET `hp` = '3698520', `mp` = '39960' WHERE `id` IN (29020);
UPDATE `npc` SET `hp` = '16660000', `mp` = '39960' WHERE `id` IN (29028);
UPDATE `npc` SET `hp` = '1532678', `mp` = '4255', `type` = 'L2GrandBoss', `level` = '87', `AI` = 'fighter' WHERE `id` IN (29065);
UPDATE `npc` SET `idTemplate` = '29099', `level` = '83', `type` = 'L2GrandBoss', `faction_id` = 'baylor_clan', `faction_range`= '1000', `atkspd` = '540', `matkspd` = '253', `walkspd` = '80', `runspd` = '120' WHERE `id` IN (29099);
UPDATE `npc` SET `level` = '78', `type` = 'L2Monster', `faction_id` = 'baylor_clan', `faction_range` = '1000' WHERE `id` IN (29100);
UPDATE `npc` SET `collision_radius` = '38.00', `collision_height` = '77.00' WHERE `id` IN (29108);
UPDATE `npc` SET `collision_radius` = '0.10', `collision_height` = '0.10' WHERE `id` IN (29109);
UPDATE `npc` SET `level` = '78', `type` = 'L2Monster' WHERE `id` IN (29116);
UPDATE `npc` SET `mp` = '3793' WHERE `id` IN (29006,29014);
UPDATE `npc` SET `level` = '78' WHERE `id` IN (29070);
UPDATE `npc` SET `faction_id` = 'antharas_clan', `faction_range` = '1000' WHERE `id` IN (29019,29069,29070);
UPDATE `npc` SET `faction_id` = 'baium_clan', `faction_range` = '1000' WHERE `id` IN (29020,29021);
DELETE FROM `npcskills` Where `skillid` IN (5224,5225);
DELETE FROM `raidboss_spawnlist` WHERE `boss_id` = '29099';
REPLACE INTO `droplist` VALUES
(29065,959,1,5,2,100000),
(29065,960,1,5,2,100000),
(29065,6379,1,1,1,80000),
(29065,6367,1,1,1,60000),
(29065,6577,1,2,2,100000),
(29065,57,100000,160000,0,1000000),
(29099,6578,1,10,2,500000),
(29099,9458,1,1,1,300000),
(29099,9467,1,1,1,300000),
(29099,10170,1,1,1,1000000),
(29099,57,180000,220000,0,1000000);


REPLACE INTO `npcskills` VALUES
(29020,4127,1),
(29020,4128,1),
(29020,4129,1),
(29020,4130,1),
(29020,4131,1),
(29020,4256,1),
(29021,4133,1),
(29022,4216,1),
(29022,4217,1),
(29022,4218,1),
(29022,4219,1),
(29022,4220,1),
(29022,4221,1),
(29022,4222,1),
(29022,4223,1),
(29022,4224,1),
(29022,4227,1),
(29022,4242,1),
(29022,4258,1),
(29028,4679,1),
(29028,4680,1),
(29028,4681,1),
(29028,4682,1),
(29028,4683,1),
(29028,4684,1),
(29028,4685,1),
(29028,4688,1),
(29028,4689,1),
(29028,4690,1),
(29099,4298,1),
(29099,4422,5),
(29099,4789,1),
(29100,4305,1);

               
/************ 加入81級技能(效果尚未完全實裝) ************/
REPLACE INTO `skill_trees` VALUES
('88', '755', '1', 'Protection of Rune', '0', '81'),
('88', '756', '1', 'Protection of Elemental', '0', '81'),
('88', '757', '1', 'Protection of Alignment', '0', '81'),
('88', '758', '1', 'Fighters Will', '0', '81'),
('88', '759', '1', 'Archers Will', '0', '81'),
('88', '775', '1', 'Weapon Blockade', '0', '81'),
('89', '755', '1', 'Protection of Rune', '0', '81'),
('89', '756', '1', 'Protection of Elemental', '0', '81'),
('89', '757', '1', 'Protection of Alignment', '0', '81'),
('89', '758', '1', 'Fighters Will', '0', '81'),
('89', '759', '1', 'Archers Will', '0', '81'),
('89', '774', '1', 'Dread Pool', '0', '81'),
('90', '755', '1', 'Protection of Rune', '0', '81'),
('90', '756', '1', 'Protection of Elemental', '0', '81'),
('90', '757', '1', 'Protection of Alignment', '0', '81'),
('90', '758', '1', 'Fighters Will', '0', '81'),
('90', '759', '1', 'Archers Will', '0', '81'),
('90', '760', '1', 'Anti Magic Armor', '0', '81'),
('90', '784', '1', 'Spirit of Phoenix', '0', '81'),
('90', '785', '1', 'Flame Icon', '0', '81'),
('91', '755', '1', 'Protection of Rune', '0', '81'),
('91', '756', '1', 'Protection of Elemental', '0', '81'),
('91', '757', '1', 'Protection of Alignment', '0', '81'),
('91', '758', '1', 'Fighters Will', '0', '81'),
('91', '759', '1', 'Archers Will', '0', '81'),
('91', '760', '1', 'Anti Magic Armor', '0', '81'),
('91', '761', '1', 'Seed of Revenge', '0', '81'),
('91', '762', '1', 'Insane Crusher', '0', '81'),
('91', '763', '1', 'Hell Scream', '0', '81'),
('92', '755', '1', 'Protection of Rune', '0', '81'),
('92', '756', '1', 'Protection of Elemental', '0', '81'),
('92', '757', '1', 'Protection of Alignment', '0', '81'),
('92', '758', '1', 'Fighters Will', '0', '81'),
('92', '759', '1', 'Archers Will', '0', '81'),
('92', '771', '1', 'Flame Hawk', '0', '81'),
('93', '755', '1', 'Protection of Rune', '0', '81'),
('93', '756', '1', 'Protection of Elemental', '0', '81'),
('93', '757', '1', 'Protection of Alignment', '0', '81'),
('93', '758', '1', 'Fighters Will', '0', '81'),
('93', '759', '1', 'Archers Will', '0', '81'),
('93', '766', '1', 'Sixth Sense', '0', '81'),
('93', '767', '1', 'Expose Weak Point', '0', '81'),
('93', '768', '1', 'Exciting Adventure', '0', '81'),
('94', '755', '1', 'Protection of Rune', '0', '81'),
('94', '756', '1', 'Protection of Elemental', '0', '81'),
('94', '757', '1', 'Protection of Alignment', '0', '81'),
('94', '1492', '1', 'Flame Armor', '0', '81'),
('95', '755', '1', 'Protection of Rune', '0', '81'),
('95', '756', '1', 'Protection of Elemental', '0', '81'),
('95', '757', '1', 'Protection of Alignment', '0', '81'),
('96', '755', '1', 'Protection of Rune', '0', '81'),
('96', '756', '1', 'Protection of Elemental', '0', '81'),
('96', '757', '1', 'Protection of Alignment', '0', '81'),
('95', '1495', '1', 'Vampiric Mist', '0', '81'),
('96', '1496', '1', 'Servitor Barrier', '0', '81'),
('96', '1497', '1', 'Excessive Loyalty', '0', '81'),
('96', '1498', '1', 'Mutual Response', '0', '81'),
('97', '1505', '1', 'Sublime Self-Sacrifice', '0', '81'),
('97', '755', '1', 'Protection of Rune', '0', '81'),
('97', '756', '1', 'Protection of Elemental', '0', '81'),
('97', '757', '1', 'Protection of Alignment', '0', '81'),
('98', '755', '1', 'Protection of Rune', '0', '81'),
('98', '756', '1', 'Protection of Elemental', '0', '81'),
('98', '757', '1', 'Protection of Alignment', '0', '81'),
('99', '755', '1', 'Protection of Rune', '0', '81'),
('99', '756', '1', 'Protection of Elemental', '0', '81'),
('99', '757', '1', 'Protection of Alignment', '0', '81'),
('99', '758', '1', 'Fighters Will', '0', '81'),
('99', '759', '1', 'Archers Will', '0', '81'),
('99', '760', '1', 'Anti Magic Armor', '0', '81'),
('99', '786', '1', 'Evas Will', '0', '81'),
('99', '787', '1', 'Touch of Eva', '0', '81'),
('100', '755', '1', 'Protection of Rune', '0', '81'),
('100', '756', '1', 'Protection of Elemental', '0', '81'),
('100', '757', '1', 'Protection of Alignment', '0', '81'),
('100', '758', '1', 'Fighters Will', '0', '81'),
('100', '759', '1', 'Archers Will', '0', '81'),
('101', '755', '1', 'Protection of Rune', '0', '81'),
('101', '756', '1', 'Protection of Elemental', '0', '81'),
('101', '757', '1', 'Protection of Alignment', '0', '81'),
('101', '758', '1', 'Fighters Will', '0', '81'),
('101', '759', '1', 'Archers Will', '0', '81'),
('101', '766', '1', 'Sixth Sense', '0', '81'),
('101', '767', '1', 'Expose Weak Point', '0', '81'),
('101', '769', '1', 'Wind Riding', '0', '81'),
('102', '755', '1', 'Protection of Rune', '0', '81'),
('102', '756', '1', 'Protection of Elemental', '0', '81'),
('102', '757', '1', 'Protection of Alignment', '0', '81'),
('102', '758', '1', 'Fighters Will', '0', '81'),
('102', '759', '1', 'Archers Will', '0', '81'),
('102', '772', '1', 'Arrow Rain', '0', '81'),
('103', '755', '1', 'Protection of Rune', '0', '81'),
('103', '756', '1', 'Protection of Elemental', '0', '81'),
('103', '757', '1', 'Protection of Alignment', '0', '81'),
('103', '1493', '1', 'Frost Armor', '0', '81'),
('104', '755', '1', 'Protection of Rune', '0', '81'),
('104', '756', '1', 'Protection of Elemental', '0', '81'),
('104', '757', '1', 'Protection of Alignment', '0', '81'),
('104', '1496', '1', 'Servitor Barrier', '0', '81'),
('104', '1497', '1', 'Excessive Loyalty', '0', '81'),
('104', '1498', '1', 'Mutual Response', '0', '81'),
('105', '1506', '1', 'Blessing of Eva', '0', '81'),
('105', '755', '1', 'Protection of Rune', '0', '81'),
('105', '756', '1', 'Protection of Elemental', '0', '81'),
('105', '757', '1', 'Protection of Alignment', '0', '81'),
('106', '755', '1', 'Protection of Rune', '0', '81'),
('106', '756', '1', 'Protection of Elemental', '0', '81'),
('106', '757', '1', 'Protection of Alignment', '0', '81'),
('106', '758', '1', 'Fighters Will', '0', '81'),
('106', '759', '1', 'Archers Will', '0', '81'),
('106', '760', '1', 'Anti Magic Armor', '0', '81'),
('106', '788', '1', 'Pain of Shilen', '0', '81'),
('106', '789', '1', 'Touch of Shilen', '0', '81'),
('107', '755', '1', 'Protection of Rune', '0', '81'),
('107', '756', '1', 'Protection of Elemental', '0', '81'),
('107', '757', '1', 'Protection of Alignment', '0', '81'),
('108', '755', '1', 'Protection of Rune', '0', '81'),
('108', '756', '1', 'Protection of Elemental', '0', '81'),
('108', '757', '1', 'Protection of Alignment', '0', '81'),
('108', '758', '1', 'Fighters Will', '0', '81'),
('108', '759', '1', 'Archers Will', '0', '81'),
('108', '766', '1', 'Sixth Sense', '0', '81'),
('108', '767', '1', 'Expose Weak Point', '0', '81'),
('108', '770', '1', 'Ghost Walking', '0', '81'),
('109', '755', '1', 'Protection of Rune', '0', '81'),
('109', '756', '1', 'Protection of Elemental', '0', '81'),
('109', '757', '1', 'Protection of Alignment', '0', '81'),
('109', '758', '1', 'Fighters Will', '0', '81'),
('109', '759', '1', 'Archers Will', '0', '81'),
('109', '773', '1', 'Ghost Piercing', '0', '81'),
('110', '755', '1', 'Protection of Rune', '0', '81'),
('110', '756', '1', 'Protection of Elemental', '0', '81'),
('110', '757', '1', 'Protection of Alignment', '0', '81'),
('110', '1494', '1', 'Hurricane Armor', '0', '81'),
('111', '755', '1', 'Protection of Rune', '0', '81'),
('111', '756', '1', 'Protection of Elemental', '0', '81'),
('111', '757', '1', 'Protection of Alignment', '0', '81'),
('111', '1496', '1', 'Servitor Barrier', '0', '81'),
('111', '1497', '1', 'Excessive Loyalty', '0', '81'),
('111', '1498', '1', 'Mutual Response', '0', '81'),
('112', '1507', '1', 'Lord of Vampire', '0', '81'),
('112', '1508', '1', 'Throne Root', '0', '81'),
('112', '755', '1', 'Protection of Rune', '0', '81'),
('112', '756', '1', 'Protection of Elemental', '0', '81'),
('112', '757', '1', 'Protection of Alignment', '0', '81'),
('113', '755', '1', 'Protection of Rune', '0', '81'),
('113', '756', '1', 'Protection of Elemental', '0', '81'),
('113', '757', '1', 'Protection of Alignment', '0', '81'),
('113', '758', '1', 'Fighters Will', '0', '81'),
('113', '759', '1', 'Archers Will', '0', '81'),
('113', '777', '1', 'Demolition Impact', '0', '81'),
('114', '755', '1', 'Protection of Rune', '0', '81'),
('114', '756', '1', 'Protection of Elemental', '0', '81'),
('114', '757', '1', 'Protection of Alignment', '0', '81'),
('114', '758', '1', 'Fighters Will', '0', '81'),
('114', '759', '1', 'Archers Will', '0', '81'),
('114', '776', '1', 'Force of Destruction', '0', '81'),
('115', '755', '1', 'Protection of Rune', '0', '81'),
('115', '756', '1', 'Protection of Elemental', '0', '81'),
('115', '757', '1', 'Protection of Alignment', '0', '81'),
('115', '1509', '1', 'Seal of Limit', '0', '81'),
('116', '755', '1', 'Protection of Rune', '0', '81'),
('116', '756', '1', 'Protection of Elemental', '0', '81'),
('116', '757', '1', 'Protection of Alignment', '0', '81'),
('117', '755', '1', 'Protection of Rune', '0', '81'),
('117', '756', '1', 'Protection of Elemental', '0', '81'),
('117', '757', '1', 'Protection of Alignment', '0', '81'),
('117', '758', '1', 'Fighters Will', '0', '81'),
('117', '759', '1', 'Archers Will', '0', '81'),
('118', '755', '1', 'Protection of Rune', '0', '81'),
('118', '756', '1', 'Protection of Elemental', '0', '81'),
('118', '757', '1', 'Protection of Alignment', '0', '81'),
('118', '758', '1', 'Fighters Will', '0', '81'),
('118', '759', '1', 'Archers Will', '0', '81'),
('118', '778', '1', 'Golem Armor', '0', '81'),
('131', '755', '1', 'Protection of Rune', '0', '81'),
('131', '756', '1', 'Protection of Elemental', '0', '81'),
('131', '757', '1', 'Protection of Alignment', '0', '81'),
('131', '758', '1', 'Fighters Will', '0', '81'),
('131', '759', '1', 'Archers Will', '0', '81'),
('132', '755', '1', 'Protection of Rune', '0', '81'),
('132', '756', '1', 'Protection of Elemental', '0', '81'),
('132', '757', '1', 'Protection of Alignment', '0', '81'),
('132', '758', '1', 'Fighters Will', '0', '81'),
('132', '759', '1', 'Archers Will', '0', '81'),
('132', '791', '1', 'Lightning Shock', '0', '81'),
('134', '755', '1', 'Protection of Rune', '0', '81'),
('134', '756', '1', 'Protection of Elemental', '0', '81'),
('134', '757', '1', 'Protection of Alignment', '0', '81'),
('134', '758', '1', 'Fighters Will', '0', '81'),
('134', '759', '1', 'Archers Will', '0', '81'),
('134', '790', '1', 'Wild Shot', '0', '81');


/************ 其他修正 ************/
-- 修正傳送到不同的房間挑戰莉莉絲/亞納
REPLACE INTO `teleport` VALUES
('Disciples Necropolis -> Anakim',449,184467,-13102,-5500,0,0),
('Disciples Necropolis -> Lilith',450,184448,-10120,-5500,0,0);

-- 修正奇岩港口的傳送價格
UPDATE `teleport` SET `price` = '5200' WHERE `id` IN (63);
UPDATE `teleport` SET `price` = '7100' WHERE `id` IN (107);

-- 修正獵捕石的道具類型
UPDATE `etcitem` SET `item_type` = 'none' WHERE `item_id` IN (8764);

-- 修正價格
UPDATE `etcitem` SET `price` = '7' WHERE `item_id` = '1835';       -- 靈魂彈-普通
UPDATE `etcitem` SET `price` = '2' WHERE `item_id` = '9632';       -- 木製弩箭
UPDATE `etcitem` SET `price` = '7' WHERE `item_id` = '9635';       -- 銀弩箭
UPDATE `etcitem` SET `price` = '8' WHERE `item_id` = '9636';       -- 米索莉弩箭
UPDATE `etcitem` SET `price` = '10' WHERE `item_id` = '9637';      -- 閃耀弩箭
UPDATE `etcitem` SET `price` = '1550000' WHERE `item_id` = '729';  -- 武器強化卷軸-A級
UPDATE `etcitem` SET `price` = '2250000' WHERE `item_id` = '959';  -- 武器強化卷軸-S級
UPDATE `etcitem` SET `price` = '2700000' WHERE `item_id` = '6569'; -- 祝福的武器強化卷軸-A級
UPDATE `etcitem` SET `price` = '5000000' WHERE `item_id` = '6577'; -- 祝福的武器強化卷軸-S級

-- 修正首領重生時，HP/MP全滿(感謝 wolo 提供)
Update `npc`, `raidboss_spawnlist` SET `raidboss_spawnlist`.`heading`=0, `raidboss_spawnlist`.`currentHp`=`npc`.`hp`,`raidboss_spawnlist`.`currentMp`=`npc`.`mp` WHERE `npc`.`type`='L2RaidBoss' AND `npc`.`id`=`raidboss_spawnlist`.`boss_id`;

-- 修正寵物
REPLACE INTO `pets_stats` VALUES
('great_wolf',16025,56,33396358,1384,597,107,66,70,42,95,89,40,187,278,333,4740,39,7,54510,2,1,0.1);

-- 修正根據地投標價
UPDATE `auction` SET `startingBid` = '20000000' WHERE `id` IN (58,59,60,61) AND `sellerId` = '0';


/************ 加入破滅國境的道具 ************/
-- S84薄暮武器
REPLACE INTO `weapon` VALUES
(13457,'Vesper Cutter','rhand','true',1520,1,1,'steel','s84',396,10,'sword',8,0.00000,0,0,0,379,0,176,-1,-1,0,0,'True','True','True','True',0,0,0,0,0,0,0,0,13468,'0-0;'),
(13458,'Vesper Slasher','lrhand','true',1740,1,1,'steel','s84',482,10,'bigsword',8,0.00000,0,0,0,325,0,176,-1,-1,0,0,'True','True','True','True',0,0,0,0,0,0,0,0,13470,'0-0;'),
(13467,'Vesper Thrower','lrhand','true',1520,1,1,'steel','s84',724,5,'bow',12,-3.00000,0,0,0,293,12,176,-1,-1,0,0,'True','True','True','True',0,0,0,0,0,0,0,0,13469,'0-0;'),
(13468,'Vesper Pincer','rhand','true',1280,1,1,'steel','s84',359,40,'rapier',10,-1.00000,0,0,0,406,0,176,-1,-1,0,0,'True','True','True','True',3426,1,0,0,0,0,0,0,13457,'0-0;'),
(13469,'Vesper Sheutjeh','lrhand','true',1580,1,1,'steel','s84',444,10,'crossbow',10,-1.00000,0,0,0,303,0,176,-1,-1,0,0,'True','True','True','True',0,0,0,0,0,0,0,0,13467,'0-0;'),
(13470,'Vesper Nagan','lrhand','true',1800,1,1,'steel','s84',429,15,'ancient',8,2.00000,0,0,0,350,0,176,-1,-1,0,0,'True','True','True','True',0,0,0,0,0,0,0,0,13458,'0-0;');

-- S84搜魂石特效的薄暮武器
REPLACE INTO `weapon` VALUES
(14118,'Vesper Cutter','rhand','true',1520,1,1,'fine_steel','s84',396,10,'sword',8,0.00000,0,0,0,379,0,176,-1,-1,0,0,'True','True','True','True',0,0,0,0,0,0,0,0,14151,'0-0;'),
(14119,'Vesper Cutter','rhand','true',1520,1,1,'fine_steel','s84',396,10,'sword',8,0.00000,0,0,0,379,0,176,-1,-1,0,0,'True','True','True','True',0,0,0,0,0,0,0,0,14152,'0-0;'),
(14120,'Vesper Cutter','rhand','true',1520,1,1,'fine_steel','s84',396,10,'sword',8,0.00000,0,0,0,379,0,176,-1,-1,0,0,'True','True','True','True',0,0,0,0,0,0,0,0,14153,'0-0;'),
(14121,'Vesper Slasher','lrhand','true',1740,1,1,'fine_steel','s84',482,10,'bigsword',8,0.00000,0,0,0,325,0,176,-1,-1,0,0,'True','True','True','True',0,0,0,0,0,0,0,0,14157,'0-0;'),
(14122,'Vesper Slasher','lrhand','true',1740,1,1,'fine_steel','s84',482,10,'bigsword',8,0.00000,0,0,0,325,0,176,-1,-1,0,0,'True','True','True','True',0,0,0,0,0,0,0,0,14158,'0-0;'),
(14123,'Vesper Slasher','lrhand','true',1740,1,1,'fine_steel','s84',482,10,'bigsword',8,0.00000,0,0,0,325,0,176,-1,-1,0,0,'True','True','True','True',0,0,0,0,0,0,0,0,14159,'0-0;'),
(14126,'Vesper Buster','rhand','true',1520,1,1,'fine_steel','s84',317,10,'sword',8,0.00000,0,0,0,379,0,234,-1,-1,0,0,'True','True','True','True',0,0,3577,1,20,0,0,0,0,'0-0;'),
(14132,'Vesper Fighter','lrhand','true',1550,1,1,'fine_steel','s84',482,5,'dualfist',4,4.00000,0,0,0,325,0,176,-1,-1,0,0,'True','True','True','True',0,0,0,0,0,3070,1,43,0,'0-0;'),
(14148,'Vesper Thrower','lrhand','true',1520,1,1,'fine_steel','s84',724,5,'bow',12,-3.00000,0,0,0,293,12,176,-1,-1,0,0,'True','True','True','True',0,0,0,0,0,0,0,0,14154,'0-0;'),
(14149,'Vesper Thrower','lrhand','true',1520,1,1,'fine_steel','s84',724,5,'bow',12,-3.00000,0,0,0,293,12,176,-1,-1,0,0,'True','True','True','True',0,0,0,0,0,0,0,0,14155,'0-0;'),
(14150,'Vesper Thrower','lrhand','true',1520,1,1,'fine_steel','s84',724,5,'bow',12,-3.00000,0,0,0,293,12,176,-1,-1,0,0,'True','True','True','True',0,0,0,0,0,1160,1,33,14156,'0-0;'),
(14151,'Vesper Pincer','rhand','true',1280,1,1,'fine_steel','s84',359,40,'rapier',10,-1.00000,0,0,0,406,0,176,-1,-1,0,0,'True','True','True','True',3426,1,0,0,0,0,0,0,14118,'0-0;'),
(14152,'Vesper Pincer','rhand','true',1280,1,1,'fine_steel','s84',359,40,'rapier',10,-1.00000,0,0,0,406,0,176,-1,-1,0,0,'True','True','True','True',3426,1,0,0,0,0,0,0,14119,'0-0;'),
(14153,'Vesper Pincer','rhand','true',1280,1,1,'fine_steel','s84',359,40,'rapier',10,-1.00000,0,0,0,406,0,176,-1,-1,0,0,'True','True','True','True',3426,1,0,0,0,0,0,0,14120,'0-0;'),
(14154,'Vesper Sheutjeh','lrhand','true',1580,1,1,'fine_steel','s84',444,10,'crossbow',10,-1.00000,0,0,0,303,0,176,-1,-1,0,0,'True','True','True','True',0,0,0,0,0,0,0,0,14148,'0-0;'),
(14155,'Vesper Sheutjeh','lrhand','true',1580,1,1,'fine_steel','s84',444,10,'crossbow',10,-1.00000,0,0,0,303,0,176,-1,-1,0,0,'True','True','True','True',0,0,0,0,0,0,0,0,14149,'0-0;'),
(14156,'Vesper Sheutjeh','lrhand','true',1580,1,1,'fine_steel','s84',444,10,'crossbow',10,-1.00000,0,0,0,303,0,176,-1,-1,0,0,'True','True','True','True',0,0,0,0,0,1160,1,24,14150,'0-0;'),
(14157,'Vesper Nagan','lrhand','true',1800,1,1,'fine_steel','s84',429,15,'ancient',8,2.00000,0,0,0,350,0,176,-1,-1,0,0,'True','True','True','True',0,0,0,0,0,0,0,0,14121,'0-0;'),
(14158,'Vesper Nagan','lrhand','true',1800,1,1,'fine_steel','s84',429,15,'ancient',8,2.00000,0,0,0,350,0,176,-1,-1,0,0,'True','True','True','True',0,0,0,0,0,0,0,0,14122,'0-0;'),
(14159,'Vesper Nagan','lrhand','true',1800,1,1,'fine_steel','s84',429,15,'ancient',8,2.00000,0,0,0,350,0,176,-1,-1,0,0,'True','True','True','True',0,0,0,0,0,0,0,0,14123,'0-0;');

-- 修正斗篷/手鐲的強化和賦予屬性
UPDATE `items` SET `enchant_level` = '0' WHERE `item_id` IN (13687,13688,13689,13690,13889,13890,13891,13892,14601,14602,14608,14609,14610) AND `enchant_level` > 0 ;
DELETE FROM `item_attributes` WHERE `itemId` IN ( SELECT `object_id` FROM `items` WHERE `item_id` IN (13687,13688,13689,13690,13889,13890,13891,13892,14601,14602,14608,14609,14610,9592,10210));

-- 法國麵包武器
DELETE FROM `armor` WHERE `item_id` IN (20266); -- L2J 錯誤設定為防具
REPLACE INTO `weapon` VALUES
(20255,'Baguette Sword','rhand','false',500,3,3,'fine_steel','none',1,1,'sword',8,0.00000,0,0,0,379,0,2,-1,10080,0,0,'true','true','true','true',0,0,0,0,0,0,0,0,0,'0-0;'),
(20256,'Baguette Dagger','rhand','false',500,3,3,'fine_steel','none',1,1,'dagger',12,0.00000,0,0,0,433,0,2,-1,10080,0,0,'true','true','true','true',0,0,0,0,0,0,0,0,0,'0-0;'),
(20257,'Baguette Dual Sword','lrhand','false',500,3,3,'fine_steel','none',1,1,'bigsword',8,0.00000,0,0,0,325,0,2,-1,10080,0,0,'true','true','true','true',0,0,0,0,0,0,0,0,0,'0-0;'),
(20258,'Baguette Mace','rhand','false',500,3,3,'fine_steel','none',1,1,'blunt',4,0.00000,0,0,0,379,0,2,-1,10080,0,0,'true','true','true','true',0,0,0,0,0,0,0,0,0,'0-0;'),
(20259,'Baguette Heavy Hammer','lrhand','false',500,3,3,'fine_steel','none',1,1,'bigblunt',4,0.00000,0,0,0,325,0,2,-1,10080,0,0,'true','true','true','true',0,0,0,0,0,0,0,0,0,'0-0;'),
(20260,'Baguette Spear','lrhand','false',500,3,3,'fine_steel','none',1,1,'pole',8,0.00000,0,0,0,325,0,2,-1,10080,0,0,'true','true','true','true',0,0,0,0,0,0,0,0,0,'0-0;'),
(20261,'Baguette Bow','lrhand','false',500,10,3,'fine_steel','none',1,1,'bow',12,0.00000,0,0,0,227,0,3,-1,10080,0,0,'true','true','true','true',0,0,0,0,0,0,0,0,0,'0-0;'),
(20262,'Baguette Fist','lrhand','false',500,3,3,'fine_steel','none',1,1,'dualfist',4,0.00000,0,0,0,325,0,2,-1,10080,0,0,'true','true','true','true',0,0,0,0,0,0,0,0,0,'0-0;'),
(20263,'Baguette Magic Sword','rhand','false',500,3,3,'fine_steel','none',1,1,'sword',8,0.00000,0,0,0,379,0,2,-1,10080,0,0,'true','true','true','true',0,0,0,0,0,0,0,0,0,'0-0;'),
(20264,'Baguette Staff','rhand','false',500,3,3,'fine_steel','none',1,1,'blunt',4,0.00000,0,0,0,379,0,2,-1,10080,0,0,'true','true','true','true',0,0,0,0,0,0,0,0,0,'0-0;'),
(20265,'Baguette Great Staff','lrhand','false',500,3,3,'fine_steel','none',1,1,'bigblunt',4,0.00000,0,0,0,325,0,2,-1,10080,0,0,'true','true','true','true',0,0,0,0,0,0,0,0,0,'0-0;'),
(20266,'Baguette Shield','lhand','false',500,0,0,'fine_steel','none',0,0,'none',0,0.00000,-8,2,20,0,0,0,-1,10080,0,0,'true','true','true','true',0,0,0,0,0,0,0,0,0,'0-0;'),
(20267,'Baguette Rapier','rhand','false',500,3,3,'fine_steel','none',1,1,'rapier',10,0.00000,0,0,0,406,0,3,-1,10080,0,0,'true','true','true','true',3426,0,0,0,0,0,0,0,0,'0-0;'),
(20268,'Baguette Ancient Sword','lrhand','false',500,3,3,'fine_steel','none',1,1,'ancient',6,0.00000,0,0,0,350,0,3,-1,10080,0,0,'true','true','true','true',0,0,0,0,0,0,0,0,0,'0-0;'),
(20269,'Baguette Crossbow','lrhand','false',500,6,3,'fine_steel','none',1,1,'crossbow',10,0.00000,0,0,0,303,0,3,-1,10080,0,0,'true','true','true','true',0,0,0,0,0,0,0,0,0,'0-0;'),
(20270,'Baguette\'s Dualsword','lrhand','false',500,3,3,'fine_steel','none',1,1,'dual',8,0.00000,0,0,0,325,0,2,-1,10080,0,0,'true','true','true','true',0,0,0,0,0,0,0,0,0,'0-0;');

-- 新頭飾
REPLACE INTO `armor` VALUES
(20401,'20401','hairall','false','none',10,'wood','none',0,-1,-1,0,0,0,0,0,'true','true','true','true','0-0','0-0;'); -- 勤勞者帽子

-- 新壺精
REPLACE INTO `armor` VALUES
(14776,'Agathion Seal Bracelet - Juju','lbracelet','false','none',150, 'wood','none',0,-1,20160,0,0,0,0,0,'false','false','true','false','0-0','8327-1;6136-1;6137-1;3267-1;'); -- 壺精封印手鐲-愛心
UPDATE `armor` SET `skill` = '8275-1;3267-1;' WHERE `item_id` IN (13756);        -- 壺精召喚手鐲-騎士
UPDATE `armor` SET `skill` = '8257-1;5956-1;3267-1;' WHERE `item_id` IN (14075); -- 怒氣壺精
UPDATE `armor` SET `skill` = '8256-1;5955-1;3267-1;' WHERE `item_id` IN (14076); -- 開心壺精
UPDATE `armor` SET `skill` = '8258-1;5957-1;3267-1;' WHERE `item_id` IN (14077); -- 嗚咽壺精

-- 新騎乘手鐲
UPDATE `armor` SET `skill` = '8261-1;' WHERE `item_id` IN (13546,14054,14067,20396); -- 蒸汽甲蟲騎乘手鐲
UPDATE `armor` SET `skill` = '8262-1;' WHERE `item_id` IN (13547,14053,14066);       -- 黃鬃獅子騎乘手鐲

-- 新狩獵幫手
REPLACE INTO `npc` VALUES
('16050', '16050', 'Owl Monk', '0', '', '0', 'LineageMonster4.owl_wizard_the_pet', '15', '20', '80', 'male', 'L2Pet', '40', '2444', '2444', '0.00', '0.00', '40', '43', '30', '21', '20', '25', '0', '0', '500', '500', '500', '500', '253', '0', '253', '0', '0', '0', '80', '120', 'NULL', '0', '0', '0', 'LAST_HIT', '0', '0', '0', 'fighter', 'false'),
('16051', '16051', 'Spirit Shaman', '0', '', '0', 'LineageMonster4.sprit_magician_the_pet', '15', '15', '80', 'male', 'L2Pet', '40', '2444', '2444', '0.00', '0.00', '40', '43', '30', '21', '20', '25', '0', '0', '500', '500', '500', '500', '253', '0', '253', '0', '0', '0', '80', '120', 'NULL', '0', '0', '0', 'LAST_HIT', '0', '0', '0', 'fighter', 'false'),
('16052', '16052', 'Toy Knight', '0', '', '0', 'LineageMonster4.toy_knight_the_pet', '12', '15', '80', 'male', 'L2Pet', '40', '2444', '2444', '0.00', '0.00', '40', '43', '30', '21', '20', '25', '0', '0', '500', '500', '500', '500', '253', '0', '253', '0', '0', '0', '80', '120', 'NULL', '0', '0', '0', 'LAST_HIT', '0', '0', '0', 'fighter', 'false'),
('16053', '16053', 'Turtle Ascetic', '0', '', '0', 'LineageMonster4.turtle_buffer_the_pet', '12', '10', '80', 'male', 'L2Pet', '40', '2444', '2444', '0.00', '0.00', '40', '43', '30', '21', '20', '25', '0', '0', '500', '500', '500', '500', '253', '0', '253', '0', '0', '0', '80', '120', 'NULL', '0', '0', '0', 'LAST_HIT', '0', '0', '0', 'fighter', 'false');
UPDATE `etcitem` SET `handler` = 'SummonItems' WHERE `item_id` IN (14061,14062,14063,14064);
REPLACE INTO `pets_stats` VALUES
('Owl Monk',16050,70,266966617,6046,729,3812,502,646,481,110,100,44,198,278,333,100000000,0,0,92287,40,15,0.05),
('Owl Monk',16050,71,311043873,6217,782,3846,509,647,484,112,102,44,198,278,333,100000000,0,0,92287,40,15,0.05),
('Owl Monk',16050,72,366944678,6388,808,3889,517,649,488,114,105,44,198,278,333,100000000,0,0,92287,40,15,0.05),
('Owl Monk',16050,73,436722878,6567,841,3929,526,651,491,116,108,44,198,278,333,100000000,0,0,92287,40,15,0.05),
('Owl Monk',16050,74,522505733,6746,875,3968,534,653,494,118,110,44,198,278,333,100000000,0,0,92287,40,15,0.05),
('Owl Monk',16050,75,626774887,6926,911,4006,542,654,497,120,113,44,198,278,333,100000000,0,0,92287,40,15,0.05),
('Owl Monk',16050,76,772136519,7111,947,4049,550,656,501,122,116,44,198,278,333,100000000,0,0,92287,40,15,0.05),
('Owl Monk',16050,77,944761536,7297,985,4092,559,657,504,124,119,44,198,278,333,100000000,0,0,92287,40,15,0.05),
('Owl Monk',16050,78,1148089335,7605,1028,4144,569,658,507,126,121,44,198,278,333,100000000,0,0,92287,40,15,0.05),
('Owl Monk',16050,79,1386786292,7667,1062,4180,577,662,510,128,123,44,198,278,333,100000000,0,0,92287,40,15,0.05),
('Owl Monk',16050,80,1664975622,7859,1103,4225,585,664,514,130,125,44,198,278,333,100000000,0,0,92287,40,15,0.05),
('Owl Monk',16050,81,1998969732,8050,1145,4273,594,666,517,132,127,44,198,278,333,100000000,0,0,92287,40,15,0.05),
('Owl Monk',16050,82,2379093816,8245,1188,4322,602,668,520,134,130,44,198,278,333,100000000,0,0,92287,40,15,0.05),
('Owl Monk',16050,83,2831502296,8447,1233,4372,612,671,523,136,133,44,198,278,333,100000000,0,0,92287,40,15,0.05),
('Owl Monk',16050,84,3340379889,8647,1278,4424,622,673,527,138,135,44,198,278,333,100000000,0,0,92287,40,15,0.05),
('Owl Monk',16050,85,3905839397,8854,1324,4478,631,675,530,141,137,44,198,278,333,100000000,0,0,92287,40,15,0.05),
('Owl Monk',16050,86,4567019890,9066,1372,4530,641,677,533,145,140,44,198,278,333,100000000,0,0,92287,40,15,0.05),
('Spirit Shaman',16051,70,266966617,3020,1701,1077,502,1984,481,110,100,44,198,278,333,100000000,0,0,92287,40,15,0.05),
('Spirit Shaman',16051,71,311043873,3105,1825,1087,509,1988,484,112,102,44,198,278,333,100000000,0,0,92287,40,15,0.05),
('Spirit Shaman',16051,72,366944678,3191,1884,1099,517,1994,488,114,105,44,198,278,333,100000000,0,0,92287,40,15,0.05),
('Spirit Shaman',16051,73,436722878,3281,1962,1110,526,1999,491,116,108,44,198,278,333,100000000,0,0,92287,40,15,0.05),
('Spirit Shaman',16051,74,522505733,3370,2041,1121,534,2005,494,118,110,44,198,278,333,100000000,0,0,92287,40,15,0.05),
('Spirit Shaman',16051,75,626774887,3460,2127,1132,542,2009,497,120,113,44,198,278,333,100000000,0,0,92287,40,15,0.05),
('Spirit Shaman',16051,76,772136519,3553,2210,1144,550,2015,501,122,116,44,198,278,333,100000000,0,0,92287,40,15,0.05),
('Spirit Shaman',16051,77,944761536,3646,2297,1156,559,2019,504,124,119,44,198,278,333,100000000,0,0,92287,40,15,0.05),
('Spirit Shaman',16051,78,1148089335,3808,2398,1167,569,2027,507,126,121,44,198,278,333,100000000,0,0,92287,40,15,0.05),
('Spirit Shaman',16051,79,1386786292,3831,2479,1181,577,2034,510,128,123,44,198,278,333,100000000,0,0,92287,40,15,0.05),
('Spirit Shaman',16051,80,1664975622,3926,2573,1194,585,2040,514,130,125,44,198,278,333,100000000,0,0,92287,40,15,0.05),
('Spirit Shaman',16051,81,1998969732,4022,2672,1207,594,2048,517,132,127,44,198,278,333,100000000,0,0,92287,40,15,0.05),
('Spirit Shaman',16051,82,2379093816,4120,2771,1221,602,2054,520,134,130,44,198,278,333,100000000,0,0,92287,40,15,0.05),
('Spirit Shaman',16051,83,2831502296,4220,2875,1235,612,2060,523,136,133,44,198,278,333,100000000,0,0,92287,40,15,0.05),
('Spirit Shaman',16051,84,3340379889,4320,2981,1250,622,2069,527,138,135,44,198,278,333,100000000,0,0,92287,40,15,0.05),
('Spirit Shaman',16051,85,3905839397,4423,3089,1265,631,2075,530,141,137,44,198,278,333,100000000,0,0,92287,40,15,0.05),
('Spirit Shaman',16051,86,4567019890,4529,3201,1280,641,2081,533,145,140,44,198,278,333,100000000,0,0,92287,40,15,0.05),
('Toy Knight',16052,70,266966617,3616,1417,1921,502,851,481,110,100,44,198,278,333,100000000,0,0,92287,40,15,0.05),
('Toy Knight',16052,71,311043873,3718,1521,1938,509,852,484,112,102,44,198,278,333,100000000,0,0,92287,40,15,0.05),
('Toy Knight',16052,72,366944678,3820,1571,1960,517,855,488,114,105,44,198,278,333,100000000,0,0,92287,40,15,0.05),
('Toy Knight',16052,73,436722878,3927,1635,1980,526,857,491,116,108,44,198,278,333,100000000,0,0,92287,40,15,0.05),
('Toy Knight',16052,74,522505733,4034,1701,2000,534,860,494,118,110,44,198,278,333,100000000,0,0,92287,40,15,0.05),
('Toy Knight',16052,75,626774887,4142,1771,2019,542,861,497,120,113,44,198,278,333,100000000,0,0,92287,40,15,0.05),
('Toy Knight',16052,76,772136519,4252,1842,2041,550,864,501,122,116,44,198,278,333,100000000,0,0,92287,40,15,0.05),
('Toy Knight',16052,77,944761536,4364,1915,2062,559,865,504,124,119,44,198,278,333,100000000,0,0,92287,40,15,0.05),
('Toy Knight',16052,78,1148089335,4548,1999,2088,569,867,507,126,121,44,198,278,333,100000000,0,0,92287,40,15,0.05),
('Toy Knight',16052,79,1386786292,4585,2065,2107,577,871,510,128,123,44,198,278,333,100000000,0,0,92287,40,15,0.05),
('Toy Knight',16052,80,1664975622,4700,2144,2129,585,874,514,130,125,44,198,278,333,100000000,0,0,92287,40,15,0.05),
('Toy Knight',16052,81,1998969732,4814,2226,2153,594,877,517,132,127,44,198,278,333,100000000,0,0,92287,40,15,0.05),
('Toy Knight',16052,82,2379093816,4931,2310,2178,602,880,520,134,130,44,198,278,333,100000000,0,0,92287,40,15,0.05),
('Toy Knight',16052,83,2831502296,5051,2397,2203,612,883,523,136,133,44,198,278,333,100000000,0,0,92287,40,15,0.05),
('Toy Knight',16052,84,3340379889,5171,2485,2230,622,886,527,138,135,44,198,278,333,100000000,0,0,92287,40,15,0.05),
('Toy Knight',16052,85,3905839397,5295,2574,2257,631,889,530,141,137,44,198,278,333,100000000,0,0,92287,40,15,0.05),
('Toy Knight',16052,86,4567019890,5422,2667,2283,641,892,533,145,140,44,198,278,333,100000000,0,0,92287,40,15,0.05),
('Turtle Ascetic',16053,70,266966617,3295,1702,1793,502,1574,481,110,100,44,198,278,333,100000000,0,0,92287,40,15,0.05),
('Turtle Ascetic',16053,71,311043873,3388,1826,1810,509,1580,484,112,102,44,198,278,333,100000000,0,0,92287,40,15,0.05),
('Turtle Ascetic',16053,72,366944678,3482,1885,1829,517,1583,488,114,105,44,198,278,333,100000000,0,0,92287,40,15,0.05),
('Turtle Ascetic',16053,73,436722878,3578,1963,1847,526,1587,491,116,108,44,198,278,333,100000000,0,0,92287,40,15,0.05),
('Turtle Ascetic',16053,74,522505733,3676,2042,1866,534,1591,494,118,110,44,198,278,333,100000000,0,0,92287,40,15,0.05),
('Turtle Ascetic',16053,75,626774887,3775,2127,1884,542,1596,497,120,113,44,198,278,333,100000000,0,0,92287,40,15,0.05),
('Turtle Ascetic',16053,76,772136519,3876,2211,1905,550,1600,501,122,116,44,198,278,333,100000000,0,0,92287,40,15,0.05),
('Turtle Ascetic',16053,77,944761536,3976,2297,1924,559,1603,504,124,119,44,198,278,333,100000000,0,0,92287,40,15,0.05),
('Turtle Ascetic',16053,78,1148089335,4162,2393,1947,569,1605,507,126,121,44,198,278,333,100000000,0,0,92287,40,15,0.05),
('Turtle Ascetic',16053,79,1386786292,4179,2479,1966,577,1614,510,128,123,44,198,278,333,100000000,0,0,92287,40,15,0.05),
('Turtle Ascetic',16053,80,1664975622,4283,2573,1988,585,1620,514,130,125,44,198,278,333,100000000,0,0,92287,40,15,0.05),
('Turtle Ascetic',16053,81,1998969732,4387,2673,2008,594,1625,517,132,127,44,198,278,333,100000000,0,0,92287,40,15,0.05),
('Turtle Ascetic',16053,82,2379093816,4493,2772,2032,602,1631,520,134,130,44,198,278,333,100000000,0,0,92287,40,15,0.05),
('Turtle Ascetic',16053,83,2831502296,4604,2875,2055,612,1636,523,136,133,44,198,278,333,100000000,0,0,92287,40,15,0.05),
('Turtle Ascetic',16053,84,3340379889,4713,2982,2080,622,1641,527,138,135,44,198,278,333,100000000,0,0,92287,40,15,0.05),
('Turtle Ascetic',16053,85,3905839397,4825,3089,2106,631,1647,530,141,137,44,198,278,333,100000000,0,0,92287,40,15,0.05),
('Turtle Ascetic',16053,86,4567019890,4941,3201,2132,641,1652,533,145,140,44,198,278,333,100000000,0,0,92287,40,15,0.05);
REPLACE INTO `pets_skills` VALUES
(16051,70,5749,1),
(16051,72,5749,2),
(16051,75,5749,3),
(16051,77,5749,4),
(16051,78,5749,5),
(16051,79,5749,6),
(16051,80,5749,7),
(16051,81,5749,8),
(16051,82,5749,9),
(16051,83,5749,10),
(16051,84,5749,11),
(16051,85,5749,12),
(16051,70,5750,1),
(16051,72,5750,2),
(16051,75,5750,3),
(16051,77,5750,4),
(16051,78,5750,5),
(16051,79,5750,6),
(16051,80,5750,7),
(16051,81,5750,8),
(16051,82,5750,9),
(16051,83,5750,10),
(16051,84,5750,11),
(16051,85,5750,12),
(16051,70,5751,1),
(16051,72,5751,2),
(16051,75,5751,3),
(16051,77,5751,4),
(16051,78,5751,5),
(16051,79,5751,6),
(16051,80,5751,7),
(16051,81,5751,8),
(16051,82,5751,9),
(16051,83,5751,10),
(16051,84,5751,11),
(16051,85,5751,12),
(16051,70,5771,1),
(16051,70,6054,1),
(16052,70,6046,1),
(16052,72,6046,2),
(16052,74,6046,3),
(16052,75,6046,4),
(16052,76,6046,5),
(16052,77,6046,6),
(16052,78,6046,7),
(16052,79,6046,8),
(16052,80,6046,9),
(16052,81,6046,10),
(16052,82,6046,11),
(16052,83,6046,12),
(16052,84,6046,13),
(16052,85,6046,14),
(16052,70,6047,1),
(16052,72,6047,2),
(16052,74,6047,3),
(16052,75,6047,4),
(16052,76,6047,5),
(16052,77,6047,6),
(16052,78,6047,7),
(16052,79,6047,8),
(16052,80,6047,9),
(16052,81,6047,10),
(16052,82,6047,11),
(16052,83,6047,12),
(16052,84,6047,13),
(16052,85,6047,14),
(16052,70,6048,1),
(16052,72,6048,2),
(16052,74,6048,3),
(16052,75,6048,4),
(16052,76,6048,5),
(16052,77,6048,6),
(16052,78,6048,7),
(16052,79,6048,8),
(16052,80,6048,9),
(16052,81,6048,10),
(16052,82,6048,11),
(16052,83,6048,12),
(16052,84,6048,13),
(16052,85,6048,14),
(16052,70,6049,1),
(16052,75,6049,2),
(16052,80,6049,3),
(16052,85,6049,4),
(16052,70,6054,1),
(16053,70,6050,1),
(16053,72,6050,2),
(16053,74,6050,3),
(16053,75,6050,4),
(16053,76,6050,5),
(16053,77,6050,6),
(16053,78,6050,7),
(16053,79,6050,8),
(16053,80,6050,9),
(16053,81,6050,10),
(16053,82,6050,11),
(16053,83,6050,12),
(16053,84,6050,13),
(16053,85,6050,14),
(16053,70,6051,1),
(16053,72,6051,2),
(16053,74,6051,3),
(16053,75,6051,4),
(16053,76,6051,5),
(16053,77,6051,6),
(16053,78,6051,7),
(16053,79,6051,8),
(16053,80,6051,9),
(16053,81,6051,10),
(16053,82,6051,11),
(16053,83,6051,12),
(16053,84,6051,13),
(16053,85,6051,14),
(16053,70,6052,1),
(16053,72,6052,2),
(16053,74,6052,3),
(16053,75,6052,4),
(16053,76,6052,5),
(16053,77,6052,6),
(16053,78,6052,7),
(16053,79,6052,8),
(16053,80,6052,9),
(16053,81,6052,10),
(16053,82,6052,11),
(16053,83,6052,12),
(16053,84,6052,13),
(16053,85,6052,14),
(16053,70,6053,1),
(16053,75,6053,2),
(16053,80,6053,3),
(16053,85,6053,4),
(16053,70,6054,1);

-- 新變身魔杖
UPDATE `weapon` SET `skill` = '8263-1;' WHERE `item_id` IN (12798,14056,14069,14088,14096); -- 雪人變身魔杖
UPDATE `weapon` SET `skill` = '8264-1;' WHERE `item_id` IN (12799,14057,14070,14089,14097); -- 草人變身魔杖
UPDATE `weapon` SET `skill` = '8265-1;' WHERE `item_id` IN (13060,14058,14071,14090,14098); -- 洋鐵高崙變身魔杖

-- 破滅國境的新 NPC (感謝 pmq 提供)
UPDATE `npc` SET `type` = 'L2Npc' WHERE `id` IN (32628,32629); -- 修正碼頭巡邏兵
UPDATE `npc` SET `type` = 'L2Teleporter' WHERE `id` IN (32534,32602); -- 札耶汀 不滅的引導者/臨時傳送師
UPDATE `spawnlist` SET `heading` = '16383' WHERE `npc_templateid` = '32609' AND `heading` = '20771'; -- 修正飛空艇控制裝置
UPDATE `npc` SET `rhand` = '2500', `lhand` = '6377' WHERE `id` IN (36481,36482,36483,36484,36485,36486,36487,36488,36489); -- 傭兵隊隊長

-- 破滅國境的新 NPC 位置 (感謝 pmq 提供)
REPLACE INTO `spawnlist` VALUES
(840001, '', 1,36481, -15067, 124128, -3125, 0, 0, 49298, 10, 0, 0),   -- 古魯丁傭兵隊隊長
(840002, '', 1,36482, 19345, 144895, -3109, 0, 0, 0, 10, 0, 0),        -- 狄恩傭兵隊隊長
(840003, '', 1,36483, 82184, 149608, -3477, 0, 0, 57343, 10, 0, 0),    -- 奇岩傭兵隊隊長
(840004, '', 1,36484, 83051, 55335, -1533, 0, 0, 19739, 10, 0, 0),     -- 歐瑞傭兵隊隊長
(840005, '', 1,36485, 146447, 28340, -2277, 0, 0, 58977, 10, 0, 0),    -- 亞丁傭兵隊隊長
(840006, '', 1,36486, 115338, 218753, -3671, 0, 0, 31928, 10, 0, 0),   -- 因納得立傭兵隊隊長
(840007, '', 1,36487, 145795, -57309, -2989, 0, 0, 43737, 10, 0, 0),   -- 高達特傭兵隊隊長
(840008, '', 1,36488, 38184, -47912, 888, 0, 0, 13640, 10, 0, 0),      -- 魯因傭兵隊隊長
(840009, '', 1,36489, 89242, -141418, -1549, 0, 0, 5753, 10, 0, 0),    -- 修加特傭兵隊隊長
(840010, '', 1,36490, -12222, 122652, -3109, 0, 0, 22295, 10, 0, 0),   -- 古魯丁領地管理員
(840011, '', 1,36490, -15175, 124236, -3125, 0, 0, 46596, 10, 0, 0),   -- 古魯丁領地管理員
(840012, '', 1,36490, -82690, 150019, -3137, 0, 0, 17184, 10, 0, 0),   -- 古魯丁領地管理員
(840013, '', 1,36490, -83582, 243271, -3737, 0, 0, 26243, 10, 0, 0),   -- 古魯丁領地管理員
(840014, '', 1,36491, 17754, 144216, -3054, 0, 0, 50275, 10, 0, 0),    -- 狄恩領地管理員
(840015, '', 1,36491, 19336, 145052, -3114, 0, 0, 32452, 10, 0, 0),    -- 狄恩領地管理員
(840016, '', 1,36492, 79352, 148128, -3541, 0, 0, 52729, 10, 0, 0),    -- 奇岩領地管理員
(840017, '', 1,36492, 80546, 152331, -3541, 0, 0, 27131, 10, 0, 0),    -- 奇岩領地管理員
(840018, '', 1,36492, 81891, 149582, -3477, 0, 0, 47930, 10, 0, 0),    -- 奇岩領地管理員
(840019, '', 1,36493, 43881, 50585, -3068, 0, 0, 59165, 10, 0, 0),     -- 歐瑞領地管理員
(840020, '', 1,36493, 80141, 53479, -1568, 0, 0, 57343, 10, 0, 0),     -- 歐瑞領地管理員
(840021, '', 1,36493, 82683, 55323, -1533, 0, 0, 27523, 10, 0, 0),     -- 歐瑞領地管理員
(840022, '', 1,36493, 9436, 17735, -4583, 0, 0, 45693, 10, 0, 0),      -- 歐瑞領地管理員
(840023, '', 1,36494, -115132, 44208, 506, 0, 0, 31287, 10, 0, 0),     -- 亞丁領地管理員
(840024, '', 1,36494, 116815, 75510, -2736, 0, 0, 20779, 10, 0, 0),    -- 亞丁領地管理員
(840025, '', 1,36494, 146506, 28511, -2277, 0, 0, 62180, 10, 0, 0),    -- 亞丁領地管理員
(840026, '', 1,36494, 148397, 28530, -2277, 0, 0, 37821, 10, 0, 0),    -- 亞丁領地管理員
(840027, '', 1,36495, 107418, 217843, -3683, 0, 0, 3355, 10, 0, 0),    -- 因納得立領地管理員
(840028, '', 1,36495, 115481, 218849, -3671, 0, 0, 18442, 10, 0, 0),   -- 因納得立領地管理員
(840029, '', 1,36496, 145689, -57186, -2989, 0, 0, 40644, 10, 0, 0),   -- 高達特領地管理員
(840030, '', 1,36497, 38272, -48001, 888, 0, 0, 254, 10, 0, 0),        -- 魯因領地管理員
(840031, '', 1,36498, -44111, -112280, -247, 0, 0, 40959, 10, 0, 0),   -- 修加特領地管理員
(840032, '', 1,36498, 116188, -181558, -1370, 0, 0, 0, 10, 0, 0),      -- 修加特領地管理員
(840033, '', 1,36498, 89314, -141487, -1549, 0, 0, 2555, 10, 0, 0);    -- 修加特領地管理員

-- 新傳送
REPLACE INTO `teleport` VALUES
('3253401', '3253401', '-183321', '205994', '-12896', '0', '0'),
('3260201', '3260201', '-245833', '220174', '-12104', '0', '0'),
('3260202', '3260202', '-251624', '213420', '-12072', '0', '0'),
('3260203', '3260203', '-249774', '207316', '-11952', '0', '0');

-- 刪除不會動的 NPC Walk
DELETE FROM `spawnlist` WHERE `npc_templateid` IN (31356,31357,31358,31359,31360,31361,31362,31363,31364,31365,32070,32072,32619,32549,32628,32629);
DELETE FROM `fort_spawnlist` WHERE `npcId` IN (35659,35690,35728,35759,35797,35828,35859,35897,35928,35966,36004,36035,36073,36111,36142,36173,36211,36249,36287,36318,36356);
UPDATE `npc` SET `walkspd` = '8' WHERE `id` IN (32072);
UPDATE `npc` SET `walkspd` = '50' WHERE `id` IN (35659,35690,35728,35759,35797,35828,35859,35897,35928,35966,36004,36035,36073,36111,36142,36173,36211,36249,36287,36318,36356);

-- 防具修正
UPDATE `armor` SET `m_def` = 71  WHERE `item_id` IN (9452,11604); -- 封印的王朝耳環
UPDATE `armor` SET `m_def` = 95  WHERE `item_id` IN (9453,11602); -- 封印的王朝項鍊
UPDATE `armor` SET `m_def` = 79  WHERE `item_id` IN (9455,11601); -- 王朝耳環
UPDATE `armor` SET `m_def` = 106 WHERE `item_id` IN (9456,11599); -- 王朝項鍊
UPDATE `armor` SET `armor_type` = 'none' WHERE `item_id` IN (9422,9423,9424,9429,9430,9431,9438,9439,9440,9516,9517,9518,9521,9522,9523,9526,9527,9528,13137,13138,13139,13140,13141,13142,13143,13144,13145,13146,13147,13148,13439,13440,13442,13443,13445,13446,13449,13450,13452,13453,13455,13456,14109,14110,14113,14114,14116,14117,14584,14585,14587,14588,14590,14591); -- 頭盔/手套/鞋
UPDATE `armor` SET `armor_type` = 'light' WHERE `item_id` IN (9670,9671); -- 土著上衣/土著下衣
UPDATE `armor` SET `armor_type` = 'heavy' WHERE `item_id` IN (9821,9831,10019,10020); -- 幻象裝備-盟誓盔甲/進階型阿貝拉盔甲/鎖子胸甲/鋼鐵脛甲
UPDATE `armor` SET `armor_type` = 'light' WHERE `item_id` IN (9824,9834,10021,10022); -- 幻象裝備-盟誓禮服/進階型阿貝拉禮服/水晶獅皮襯衫/水晶獅皮脛甲
UPDATE `armor` SET `armor_type` = 'magic' WHERE `item_id` IN (9827,9837,10023,10024); -- 幻象裝備-盟誓長袍/進階型阿貝拉長袍/受詛咒的外衣/受詛咒的長襪
UPDATE `armor` SET `armor_type` = 'light' WHERE `item_id` IN (10487,10488,10489,10490); -- 王朝寶石皮甲 力量大師/王朝寶石皮甲 武器大師/王朝寶石皮甲 法師/王朝寶石皮甲 召喚士
UPDATE `armor` SET `crystallizable` = 'false' WHERE `item_id` IN (9826,13885,13886,13887); -- 幻象武器-盟誓禮鞋 輕裝用/封印的祕儀符印/封印的王朝符印/封印的薄暮符印

-- 武器修正
UPDATE `weapon` SET `m_dam` = 11 WHERE `item_id` = 748; -- 噶爾林特的橡木杖
UPDATE `weapon` SET `m_dam` = 24 WHERE `item_id` = 8576; -- 見習生魔杖-禮券活動用
UPDATE `weapon` SET `m_dam` = 111 WHERE `item_id` = 8843; -- 幻象裝備-帕格立歐之鎚
UPDATE `weapon` SET `m_dam` = 31 WHERE `item_id` IN (8977,9908,13158); -- 幻象裝備-法師魔杖/進階型法師魔杖/限時-法師魔杖 限時60分鐘
UPDATE `weapon` SET `m_dam` = 24 WHERE `item_id` = 10474; -- 幻象裝備-見習生魔杖
UPDATE `weapon` SET `m_dam` = 39 WHERE `item_id` = 11610; -- 基本型-骨頭魔杖
UPDATE `weapon` SET `m_dam` = 122 WHERE `item_id` = 11855; -- 基本型-惡魔魔杖
UPDATE `weapon` SET `m_dam` = 193 WHERE `item_id` = 12002; -- 基本型-帝國權杖
UPDATE `weapon` SET `m_dam` = 79 WHERE `item_id` = 13168; -- 限時-生命手杖 限時60分鐘
UPDATE `weapon` SET `m_dam` = 132 WHERE `item_id` = 20143; -- 邪靈魔杖-活動 限時4小時
UPDATE `weapon` SET `weight` = 1150 WHERE `item_id` IN (9441,9529); -- 王朝盾/封印的王朝盾
UPDATE `weapon` SET `p_dam` = 422 WHERE `item_id` IN (10226,10467,10468,10469,11309,11310,11311,11312); -- 伊克魯斯之弩/伊克魯斯之弩 節射/伊克魯斯之弩 導引/伊克魯斯之弩 偵測/伊克魯斯之弩-集中/伊克魯斯之弩-集中 節射/伊克魯斯之弩-集中 導引/伊克魯斯之弩-集中 偵測
UPDATE `weapon` SET `p_dam` = 325, `m_dam` = 222, `atk_speed` = 325 WHERE `item_id` IN (10252,10527,10528,10529); -- 王朝魔杖/王朝魔杖 魔力上升/王朝魔杖 魂體轉換/王朝魔杖 靈活思緒
UPDATE `weapon` SET `atk_speed` = 325 WHERE `item_id` IN (10530,10531,10532); -- 王朝毀滅者 怒擊/王朝毀滅者 強健/王朝毀滅者 Rsk.偵測
UPDATE `weapon` SET `bodypart` = 'rhand' WHERE `item_id` IN (13556,13557,20114,20126,20128,20140,20142,20154,20156,20168,20170,20258,20264); -- 飛空艇操控舵/飛空艇大砲/祭司釘鎚-活動/夜叉釘鎚-活動/月蝕斧-活動/工藝戰斧-活動/卡倚巴奴之骨-活動/樂園-活動/火龍之首-活動/玄武岩戰鎚-活動/祕儀權杖-活動/法國麵包吐司鎚/法國麵包香郁杖/
UPDATE `weapon` SET `bodypart` = 'lrhand', `weaponType` = 'bigblunt' WHERE `item_id` IN (9819,13530,13531,13532,13533,13534,13535,13536,13537,13538,13560,13561,13562,13563,13564,13565,13566,13567,13568,13809);  -- 鬥爭旗幟/古魯丁旗幟/狄恩旗幟/奇岩旗幟/歐瑞旗幟/亞丁旗幟/因納得立旗幟/高達特旗幟/魯因旗幟/修加特旗幟/古魯丁 守護之物/狄恩 守護之物/奇岩 守護之物/歐瑞 守護之物/亞丁 守護之物/因納得立 守護之物/高達特 守護之物/魯因 守護之物/修加特 守護之物/宮廷魔法師的魔法棒
UPDATE `weapon` SET `bodypart` = 'lrhand', `weaponType` = 'pole' WHERE `item_id` = 10277; -- 怪物用(貝希莫槍)
UPDATE `weapon` SET `bodypart` = 'lrhand', `weaponType` = 'dual' WHERE `item_id` = 10278; -- 怪物用(貝希莫雙刀)
UPDATE `weapon` SET `bodypart` = 'lhand' WHERE `item_id` = 13770;  -- 艾罕米亞卡修之盾
UPDATE `weapon` SET `weaponType` = 'dual' WHERE `item_id` = 1299; -- 二刀流 測試用
UPDATE `weapon` SET `weaponType` = 'bigsword' WHERE `item_id` = 13842; -- 蒂雅特雙手武器
UPDATE `weapon` SET `weaponType` = 'none' WHERE `item_id` = 13980; -- 怪物用(龍馬軍作戰步兵盾)
UPDATE `weapon` SET `weaponType` = 'bigsword' WHERE `item_id` = 13983; -- 怪物用(死亡騎士_2hs)

-- 增加物品效果
UPDATE `armor` SET `skill` = '3633-2;' WHERE `item_id` = '6841';                               -- 城主的王冠
UPDATE `armor` SET `skill` = '3407-1;' WHERE `item_id` = '9900';                               -- 靜音之步戒指
UPDATE `etcitem` SET `skill` = '2370-1;' WHERE `item_id` = '9897';                             -- 變身卷軸-豬
UPDATE `etcitem` SET `skill` = '2076-1;', `handler` = 'ItemSkills' WHERE `item_id` = '4679';   -- 伊娃的祝福
UPDATE `etcitem` SET `skill` = '2309-1;', `handler` = 'ItemSkills' WHERE `item_id` = '9144';   -- 豬豬禮盒
UPDATE `etcitem` SET `skill` = '2422-1;', `handler` = 'ItemSkills' WHERE `item_id` = '10254';  -- 1級寶袋
UPDATE `etcitem` SET `skill` = '2423-2;', `handler` = 'ItemSkills' WHERE `item_id` = '10255';  -- 2級寶袋
UPDATE `etcitem` SET `skill` = '2424-3;', `handler` = 'ItemSkills' WHERE `item_id` = '10256';  -- 3級寶袋
UPDATE `etcitem` SET `skill` = '2425-4;', `handler` = 'ItemSkills' WHERE `item_id` = '10257';  -- 4級寶袋
UPDATE `etcitem` SET `skill` = '2426-5;', `handler` = 'ItemSkills' WHERE `item_id` = '10258';  -- 5級寶袋
UPDATE `etcitem` SET `skill` = '2427-6;', `handler` = 'ItemSkills' WHERE `item_id` = '10259';  -- 6級寶袋
UPDATE `etcitem` SET `skill` = '2487-1;', `handler` = 'ItemSkills' WHERE `item_id` = '10520';  -- 回聲水晶-倉木麻衣
UPDATE `etcitem` SET `skill` = '2525-1;', `handler` = 'ItemSkills' WHERE `item_id` = '12753';  -- 闇天使村莊移動卷軸
UPDATE `etcitem` SET `skill` = '2670-1;', `handler` = 'ItemSkills' WHERE `item_id` = '13794';  -- 變身體-翻滾方塊變身卷軸
UPDATE `etcitem` SET `skill` = '2671-1;', `handler` = 'ItemSkills' WHERE `item_id` = '13795';  -- 變身體-翻滾方塊變身卷軸
UPDATE `etcitem` SET `skill` = '2631-1;', `handler` = 'ItemSkills' WHERE `item_id` = '13800';  -- 青蛙變身卷軸
UPDATE `etcitem` SET `skill` = '2632-1;', `handler` = 'ItemSkills' WHERE `item_id` = '13801';  -- 小孩變身卷軸
UPDATE `etcitem` SET `skill` = '2672-1;', `handler` = 'ItemSkills' WHERE `item_id` = '13569';  -- 古魯丁人類傭兵變身卷軸
UPDATE `etcitem` SET `skill` = '2673-1;', `handler` = 'ItemSkills' WHERE `item_id` = '13570';  -- 古魯丁精靈傭兵變身卷軸
UPDATE `etcitem` SET `skill` = '2674-1;', `handler` = 'ItemSkills' WHERE `item_id` = '13571';  -- 古魯丁黑暗精靈傭兵變身卷軸
UPDATE `etcitem` SET `skill` = '2675-1;', `handler` = 'ItemSkills' WHERE `item_id` = '13572';  -- 古魯丁半獸人傭兵變身卷軸
UPDATE `etcitem` SET `skill` = '2676-1;', `handler` = 'ItemSkills' WHERE `item_id` = '13573';  -- 古魯丁矮人傭兵變身卷軸
UPDATE `etcitem` SET `skill` = '2677-1;', `handler` = 'ItemSkills' WHERE `item_id` = '13574';  -- 古魯丁闇天使傭兵變身卷軸
UPDATE `etcitem` SET `skill` = '2678-1;', `handler` = 'ItemSkills' WHERE `item_id` = '13575';  -- 古魯丁騎士傭兵變身卷軸
UPDATE `etcitem` SET `skill` = '2679-1;', `handler` = 'ItemSkills' WHERE `item_id` = '13576';  -- 古魯丁弓手傭兵變身卷軸
UPDATE `etcitem` SET `skill` = '2680-1;', `handler` = 'ItemSkills' WHERE `item_id` = '13577';  -- 古魯丁巫師傭兵變身卷軸
UPDATE `etcitem` SET `skill` = '2681-1;', `handler` = 'ItemSkills' WHERE `item_id` = '13578';  -- 古魯丁百人隊長傭兵變身卷軸
UPDATE `etcitem` SET `skill` = '2682-1;', `handler` = 'ItemSkills' WHERE `item_id` = '13579';  -- 古魯丁騎士隊長傭兵變身卷軸
UPDATE `etcitem` SET `skill` = '2683-1;', `handler` = 'ItemSkills' WHERE `item_id` = '13580';  -- 古魯丁司令官傭兵變身卷軸
UPDATE `etcitem` SET `skill` = '2684-1;', `handler` = 'ItemSkills' WHERE `item_id` = '13581';  -- 狄恩人類傭兵變身卷軸
UPDATE `etcitem` SET `skill` = '2685-1;', `handler` = 'ItemSkills' WHERE `item_id` = '13582';  -- 狄恩精靈傭兵變身卷軸
UPDATE `etcitem` SET `skill` = '2686-1;', `handler` = 'ItemSkills' WHERE `item_id` = '13583';  -- 狄恩黑暗精靈傭兵變身卷軸
UPDATE `etcitem` SET `skill` = '2687-1;', `handler` = 'ItemSkills' WHERE `item_id` = '13584';  -- 狄恩半獸人傭兵變身卷軸
UPDATE `etcitem` SET `skill` = '2688-1;', `handler` = 'ItemSkills' WHERE `item_id` = '13585';  -- 狄恩矮人傭兵變身卷軸
UPDATE `etcitem` SET `skill` = '2689-1;', `handler` = 'ItemSkills' WHERE `item_id` = '13586';  -- 狄恩闇天使傭兵變身卷軸
UPDATE `etcitem` SET `skill` = '2690-1;', `handler` = 'ItemSkills' WHERE `item_id` = '13587';  -- 狄恩騎士傭兵變身卷軸
UPDATE `etcitem` SET `skill` = '2691-1;', `handler` = 'ItemSkills' WHERE `item_id` = '13588';  -- 狄恩弓手傭兵變身卷軸
UPDATE `etcitem` SET `skill` = '2692-1;', `handler` = 'ItemSkills' WHERE `item_id` = '13589';  -- 狄恩巫師傭兵變身卷軸
UPDATE `etcitem` SET `skill` = '2693-1;', `handler` = 'ItemSkills' WHERE `item_id` = '13590';  -- 狄恩百人隊長傭兵變身卷軸
UPDATE `etcitem` SET `skill` = '2694-1;', `handler` = 'ItemSkills' WHERE `item_id` = '13591';  -- 狄恩騎士隊長傭兵變身卷軸
UPDATE `etcitem` SET `skill` = '2695-1;', `handler` = 'ItemSkills' WHERE `item_id` = '13592';  -- 狄恩司令官傭兵變身卷軸
UPDATE `etcitem` SET `skill` = '2696-1;', `handler` = 'ItemSkills' WHERE `item_id` = '13593';  -- 奇岩人類傭兵變身卷軸
UPDATE `etcitem` SET `skill` = '2697-1;', `handler` = 'ItemSkills' WHERE `item_id` = '13594';  -- 奇岩精靈傭兵變身卷軸
UPDATE `etcitem` SET `skill` = '2698-1;', `handler` = 'ItemSkills' WHERE `item_id` = '13595';  -- 奇岩黑暗精靈傭兵變身卷軸
UPDATE `etcitem` SET `skill` = '2699-1;', `handler` = 'ItemSkills' WHERE `item_id` = '13596';  -- 奇岩半獸人傭兵變身卷軸
UPDATE `etcitem` SET `skill` = '2700-1;', `handler` = 'ItemSkills' WHERE `item_id` = '13597';  -- 奇岩矮人傭兵變身卷軸
UPDATE `etcitem` SET `skill` = '2701-1;', `handler` = 'ItemSkills' WHERE `item_id` = '13598';  -- 奇岩闇天使傭兵變身卷軸
UPDATE `etcitem` SET `skill` = '2702-1;', `handler` = 'ItemSkills' WHERE `item_id` = '13599';  -- 奇岩騎士傭兵變身卷軸
UPDATE `etcitem` SET `skill` = '2703-1;', `handler` = 'ItemSkills' WHERE `item_id` = '13600';  -- 奇岩弓手傭兵變身卷軸
UPDATE `etcitem` SET `skill` = '2704-1;', `handler` = 'ItemSkills' WHERE `item_id` = '13601';  -- 奇岩巫師傭兵變身卷軸
UPDATE `etcitem` SET `skill` = '2705-1;', `handler` = 'ItemSkills' WHERE `item_id` = '13602';  -- 奇岩百人隊長傭兵變身卷軸
UPDATE `etcitem` SET `skill` = '2706-1;', `handler` = 'ItemSkills' WHERE `item_id` = '13603';  -- 奇岩騎士隊長傭兵變身卷軸
UPDATE `etcitem` SET `skill` = '2707-1;', `handler` = 'ItemSkills' WHERE `item_id` = '13604';  -- 奇岩司令官傭兵變身卷軸
UPDATE `etcitem` SET `skill` = '2708-1;', `handler` = 'ItemSkills' WHERE `item_id` = '13605';  -- 歐瑞人類傭兵變身卷軸
UPDATE `etcitem` SET `skill` = '2709-1;', `handler` = 'ItemSkills' WHERE `item_id` = '13606';  -- 歐瑞精靈傭兵變身卷軸
UPDATE `etcitem` SET `skill` = '2710-1;', `handler` = 'ItemSkills' WHERE `item_id` = '13607';  -- 歐瑞黑暗精靈傭兵變身卷軸
UPDATE `etcitem` SET `skill` = '2711-1;', `handler` = 'ItemSkills' WHERE `item_id` = '13608';  -- 歐瑞半獸人傭兵變身卷軸
UPDATE `etcitem` SET `skill` = '2712-1;', `handler` = 'ItemSkills' WHERE `item_id` = '13609';  -- 歐瑞矮人傭兵變身卷軸
UPDATE `etcitem` SET `skill` = '2713-1;', `handler` = 'ItemSkills' WHERE `item_id` = '13610';  -- 歐瑞闇天使傭兵變身卷軸
UPDATE `etcitem` SET `skill` = '2714-1;', `handler` = 'ItemSkills' WHERE `item_id` = '13611';  -- 歐瑞騎士傭兵變身卷軸
UPDATE `etcitem` SET `skill` = '2715-1;', `handler` = 'ItemSkills' WHERE `item_id` = '13612';  -- 歐瑞弓手傭兵變身卷軸
UPDATE `etcitem` SET `skill` = '2716-1;', `handler` = 'ItemSkills' WHERE `item_id` = '13613';  -- 歐瑞巫師傭兵變身卷軸
UPDATE `etcitem` SET `skill` = '2717-1;', `handler` = 'ItemSkills' WHERE `item_id` = '13614';  -- 歐瑞百人隊長傭兵變身卷軸
UPDATE `etcitem` SET `skill` = '2718-1;', `handler` = 'ItemSkills' WHERE `item_id` = '13615';  -- 歐瑞騎士隊長傭兵變身卷軸
UPDATE `etcitem` SET `skill` = '2719-1;', `handler` = 'ItemSkills' WHERE `item_id` = '13616';  -- 歐瑞司令官傭兵變身卷軸
UPDATE `etcitem` SET `skill` = '2720-1;', `handler` = 'ItemSkills' WHERE `item_id` = '13617';  -- 亞丁人類傭兵變身卷軸
UPDATE `etcitem` SET `skill` = '2721-1;', `handler` = 'ItemSkills' WHERE `item_id` = '13618';  -- 亞丁精靈傭兵變身卷軸
UPDATE `etcitem` SET `skill` = '2722-1;', `handler` = 'ItemSkills' WHERE `item_id` = '13619';  -- 亞丁黑暗精靈傭兵變身卷軸
UPDATE `etcitem` SET `skill` = '2723-1;', `handler` = 'ItemSkills' WHERE `item_id` = '13620';  -- 亞丁半獸人傭兵變身卷軸
UPDATE `etcitem` SET `skill` = '2724-1;', `handler` = 'ItemSkills' WHERE `item_id` = '13621';  -- 亞丁矮人傭兵變身卷軸
UPDATE `etcitem` SET `skill` = '2725-1;', `handler` = 'ItemSkills' WHERE `item_id` = '13622';  -- 亞丁闇天使傭兵變身卷軸
UPDATE `etcitem` SET `skill` = '2726-1;', `handler` = 'ItemSkills' WHERE `item_id` = '13623';  -- 亞丁騎士傭兵變身卷軸
UPDATE `etcitem` SET `skill` = '2727-1;', `handler` = 'ItemSkills' WHERE `item_id` = '13624';  -- 亞丁弓手傭兵變身卷軸
UPDATE `etcitem` SET `skill` = '2728-1;', `handler` = 'ItemSkills' WHERE `item_id` = '13625';  -- 亞丁巫師傭兵變身卷軸
UPDATE `etcitem` SET `skill` = '2729-1;', `handler` = 'ItemSkills' WHERE `item_id` = '13626';  -- 亞丁百人隊長傭兵變身卷軸
UPDATE `etcitem` SET `skill` = '2730-1;', `handler` = 'ItemSkills' WHERE `item_id` = '13627';  -- 亞丁騎士隊長傭兵變身卷軸
UPDATE `etcitem` SET `skill` = '2731-1;', `handler` = 'ItemSkills' WHERE `item_id` = '13628';  -- 亞丁司令官傭兵變身卷軸
UPDATE `etcitem` SET `skill` = '2732-1;', `handler` = 'ItemSkills' WHERE `item_id` = '13629';  -- 因納得立人類傭兵變身卷軸
UPDATE `etcitem` SET `skill` = '2733-1;', `handler` = 'ItemSkills' WHERE `item_id` = '13630';  -- 因納得立精靈傭兵變身卷軸
UPDATE `etcitem` SET `skill` = '2734-1;', `handler` = 'ItemSkills' WHERE `item_id` = '13631';  -- 因納得立黑暗精靈傭兵變身卷軸
UPDATE `etcitem` SET `skill` = '2735-1;', `handler` = 'ItemSkills' WHERE `item_id` = '13632';  -- 因納得立半獸人傭兵變身卷軸
UPDATE `etcitem` SET `skill` = '2736-1;', `handler` = 'ItemSkills' WHERE `item_id` = '13633';  -- 因納得立矮人傭兵變身卷軸
UPDATE `etcitem` SET `skill` = '2737-1;', `handler` = 'ItemSkills' WHERE `item_id` = '13634';  -- 因納得立闇天使傭兵變身卷軸
UPDATE `etcitem` SET `skill` = '2738-1;', `handler` = 'ItemSkills' WHERE `item_id` = '13635';  -- 因納得立騎士傭兵變身卷軸
UPDATE `etcitem` SET `skill` = '2739-1;', `handler` = 'ItemSkills' WHERE `item_id` = '13636';  -- 因納得立弓手傭兵變身卷軸
UPDATE `etcitem` SET `skill` = '2740-1;', `handler` = 'ItemSkills' WHERE `item_id` = '13637';  -- 因納得立巫師傭兵變身卷軸
UPDATE `etcitem` SET `skill` = '2741-1;', `handler` = 'ItemSkills' WHERE `item_id` = '13638';  -- 因納得立百人隊長傭兵變身卷軸
UPDATE `etcitem` SET `skill` = '2742-1;', `handler` = 'ItemSkills' WHERE `item_id` = '13639';  -- 因納得立騎士隊長傭兵變身卷軸
UPDATE `etcitem` SET `skill` = '2743-1;', `handler` = 'ItemSkills' WHERE `item_id` = '13640';  -- 因納得立司令官傭兵變身卷軸
UPDATE `etcitem` SET `skill` = '2744-1;', `handler` = 'ItemSkills' WHERE `item_id` = '13641';  -- 高達特人類傭兵變身卷軸
UPDATE `etcitem` SET `skill` = '2745-1;', `handler` = 'ItemSkills' WHERE `item_id` = '13642';  -- 高達特精靈傭兵變身卷軸
UPDATE `etcitem` SET `skill` = '2746-1;', `handler` = 'ItemSkills' WHERE `item_id` = '13643';  -- 高達特黑暗精靈傭兵變身卷軸
UPDATE `etcitem` SET `skill` = '2747-1;', `handler` = 'ItemSkills' WHERE `item_id` = '13644';  -- 高達特半獸人傭兵變身卷軸
UPDATE `etcitem` SET `skill` = '2748-1;', `handler` = 'ItemSkills' WHERE `item_id` = '13645';  -- 高達特矮人傭兵變身卷軸
UPDATE `etcitem` SET `skill` = '2749-1;', `handler` = 'ItemSkills' WHERE `item_id` = '13646';  -- 高達特闇天使傭兵變身卷軸
UPDATE `etcitem` SET `skill` = '2750-1;', `handler` = 'ItemSkills' WHERE `item_id` = '13647';  -- 高達特騎士傭兵變身卷軸
UPDATE `etcitem` SET `skill` = '2751-1;', `handler` = 'ItemSkills' WHERE `item_id` = '13648';  -- 高達特弓手傭兵變身卷軸
UPDATE `etcitem` SET `skill` = '2752-1;', `handler` = 'ItemSkills' WHERE `item_id` = '13649';  -- 高達特巫師傭兵變身卷軸
UPDATE `etcitem` SET `skill` = '2753-1;', `handler` = 'ItemSkills' WHERE `item_id` = '13650';  -- 高達特百人隊長傭兵變身卷軸
UPDATE `etcitem` SET `skill` = '2754-1;', `handler` = 'ItemSkills' WHERE `item_id` = '13651';  -- 高達特騎士隊長傭兵變身卷軸
UPDATE `etcitem` SET `skill` = '2755-1;', `handler` = 'ItemSkills' WHERE `item_id` = '13652';  -- 高達特司令官傭兵變身卷軸
UPDATE `etcitem` SET `skill` = '2756-1;', `handler` = 'ItemSkills' WHERE `item_id` = '13653';  -- 魯因人類傭兵變身卷軸
UPDATE `etcitem` SET `skill` = '2757-1;', `handler` = 'ItemSkills' WHERE `item_id` = '13654';  -- 魯因精靈傭兵變身卷軸
UPDATE `etcitem` SET `skill` = '2758-1;', `handler` = 'ItemSkills' WHERE `item_id` = '13655';  -- 魯因黑暗精靈傭兵變身卷軸
UPDATE `etcitem` SET `skill` = '2759-1;', `handler` = 'ItemSkills' WHERE `item_id` = '13656';  -- 魯因半獸人傭兵變身卷軸
UPDATE `etcitem` SET `skill` = '2760-1;', `handler` = 'ItemSkills' WHERE `item_id` = '13657';  -- 魯因矮人傭兵變身卷軸
UPDATE `etcitem` SET `skill` = '2761-1;', `handler` = 'ItemSkills' WHERE `item_id` = '13658';  -- 魯因闇天使傭兵變身卷軸
UPDATE `etcitem` SET `skill` = '2762-1;', `handler` = 'ItemSkills' WHERE `item_id` = '13659';  -- 魯因騎士傭兵變身卷軸
UPDATE `etcitem` SET `skill` = '2763-1;', `handler` = 'ItemSkills' WHERE `item_id` = '13660';  -- 魯因弓手傭兵變身卷軸
UPDATE `etcitem` SET `skill` = '2764-1;', `handler` = 'ItemSkills' WHERE `item_id` = '13661';  -- 魯因巫師傭兵變身卷軸
UPDATE `etcitem` SET `skill` = '2765-1;', `handler` = 'ItemSkills' WHERE `item_id` = '13662';  -- 魯因百人隊長傭兵變身卷軸
UPDATE `etcitem` SET `skill` = '2766-1;', `handler` = 'ItemSkills' WHERE `item_id` = '13663';  -- 魯因騎士隊長傭兵變身卷軸
UPDATE `etcitem` SET `skill` = '2767-1;', `handler` = 'ItemSkills' WHERE `item_id` = '13664';  -- 魯因司令官傭兵變身卷軸
UPDATE `etcitem` SET `skill` = '2768-1;', `handler` = 'ItemSkills' WHERE `item_id` = '13665';  -- 修加特人類傭兵變身卷軸
UPDATE `etcitem` SET `skill` = '2769-1;', `handler` = 'ItemSkills' WHERE `item_id` = '13666';  -- 修加特精靈傭兵變身卷軸
UPDATE `etcitem` SET `skill` = '2770-1;', `handler` = 'ItemSkills' WHERE `item_id` = '13667';  -- 修加特黑暗精靈傭兵變身卷軸
UPDATE `etcitem` SET `skill` = '2771-1;', `handler` = 'ItemSkills' WHERE `item_id` = '13668';  -- 修加特半獸人傭兵變身卷軸
UPDATE `etcitem` SET `skill` = '2772-1;', `handler` = 'ItemSkills' WHERE `item_id` = '13669';  -- 修加特矮人傭兵變身卷軸
UPDATE `etcitem` SET `skill` = '2773-1;', `handler` = 'ItemSkills' WHERE `item_id` = '13670';  -- 修加特闇天使傭兵變身卷軸
UPDATE `etcitem` SET `skill` = '2774-1;', `handler` = 'ItemSkills' WHERE `item_id` = '13671';  -- 修加特騎士傭兵變身卷軸
UPDATE `etcitem` SET `skill` = '2775-1;', `handler` = 'ItemSkills' WHERE `item_id` = '13672';  -- 修加特弓手傭兵變身卷軸
UPDATE `etcitem` SET `skill` = '2776-1;', `handler` = 'ItemSkills' WHERE `item_id` = '13673';  -- 修加特巫師傭兵變身卷軸
UPDATE `etcitem` SET `skill` = '2777-1;', `handler` = 'ItemSkills' WHERE `item_id` = '13674';  -- 修加特百人隊長傭兵變身卷軸
UPDATE `etcitem` SET `skill` = '2778-1;', `handler` = 'ItemSkills' WHERE `item_id` = '13675';  -- 修加特騎士隊長傭兵變身卷軸
UPDATE `etcitem` SET `skill` = '2779-1;', `handler` = 'ItemSkills' WHERE `item_id` = '13676';  -- 修加特司令官傭兵變身卷軸

-- 修正學習一、二轉的技能不需要魔法書
DELETE FROM `skill_spellbooks` WHERE (`item_id` < 7644) OR (`item_id` > 8379 AND `item_Id` < 8618) OR (`item_id` > 8889 AND `item_Id` < 8892) OR (`item_id` = 8909) OR (`item_id` > 8944 AND `item_Id` < 8947) OR (`item_id` > 10024 AND `item_Id` < 10067) OR (`item_id` > 10069 AND `item_Id` < 10090) OR (`item_id` > 10091 AND `item_Id` < 10099) OR (`item_id` > 10179 AND `item_Id` < 10184) OR (`item_id` > 10203 AND `item_Id` < 10598) OR (`item_id` = 10600) OR (`item_id` > 10607 AND `item_Id` < 10611) OR (`item_id` > 12771 AND `item_Id` < 12779) OR (`item_id` = 12820);

-- 刪除魔法書商人
DELETE FROM `spawnlist` WHERE `npc_templateid` IN (30840,31262,31306,31413,31414,31415,31416,31417,31419,31420,31421,31422,31423,31424,31425,31426,31427,31428,31429,31430,31431,31666,31667,31670,31951,31973,31980,32169);
DELETE FROM `merchant_buylists` WHERE `shop_id` IN ( SELECT `shop_id` FROM `merchant_shopids` WHERE `npc_id` IN (30840,31262,31306,31413,31414,31415,31416,31417,31419,31420,31421,31422,31423,31424,31425,31426,31427,31428,31429,31430,31431,31666,31667,31670,31951,31973,31980,32169));
DELETE FROM `merchant_shopids` WHERE `npc_id` IN (30840,31262,31306,31413,31414,31415,31416,31417,31419,31420,31421,31422,31423,31424,31425,31426,31427,31428,31429,31430,31431,31666,31667,31670,31951,31973,31980,32169);

-- 刪除彩券商人
DELETE FROM `spawnlist` WHERE `npc_templateid` IN (30990,30994) AND `id` NOT IN (45033);
