/************ Made in Taiwan ************/

/************ 修正32007加爾巴-釣魚會員 ************/
Delete From spawnlist Where `id` > 820000;
INSERT INTO `spawnlist` VALUES ('820001', '', '1', '32007', '140967', '-123600', '-1905 ', '0', '0', '11829', '60', '0', '0');
UPDATE `npc` SET `type` = 'L2Fisherman' WHERE `id` in (32007);
UPDATE `npc` SET `rhand` = '7560' WHERE `id` in (32007);
REPLACE INTO `merchant_shopids` VALUES (3200700,'32007');
Delete From merchant_buylists Where shop_id in (3200700);
INSERT INTO `merchant_buylists` (`item_id`,`price`,`shop_id`,`order`) VALUES
(7807,-1,3200700,0),
(7808,-1,3200700,1),
(7809,-1,3200700,2),
(6520,-1,3200700,3),
(6523,-1,3200700,4),
(6526,-1,3200700,5),
(8506,-1,3200700,6),
(8509,-1,3200700,7),
(8512,-1,3200700,8),
(8484,-1,3200700,9),
(8485,-1,3200700,10),
(8486,-1,3200700,11),
(6529,-1,3200700,12),
(6530,-1,3200700,13),
(6531,-1,3200700,14),
(6532,-1,3200700,15),
(6533,-1,3200700,16),
(6534,-1,3200700,17),
(7561,-1,3200700,18),
(8193,-1,3200700,19),
(8194,-1,3200700,20),
(8195,-1,3200700,21),
(8196,-1,3200700,22),
(8197,-1,3200700,23),
(8198,-1,3200700,24),
(8199,-1,3200700,25),
(8200,-1,3200700,26),
(8202,-1,3200700,27);


/************ 修正地獄邊界NPC ************/
REPLACE INTO `npc` VALUES
('22320', '22320', 'Junior Watchman', '0', '', '0', 'LineageMonster4.eyeless', '10.00', '45.00', '83', 'male', 'L2Monster', '55', '10374', '3014', '36.86', '5.09', '60', '55', '60', '45', '61', '41', '32638', '3524', '2257', '525', '1296', '500', '323', '500', '450', '0', '0', '0', '80', '200', 'beleth', '300', '0', '0', 'LAST_HIT', '50', '50', '75', 'balanced', 'false'),
('22321', '22321', 'Junior Summoner', '0', '', '0', 'LineageMonster2.vampire_witch', '22.00', '22.00', '83', 'female', 'L2Monster', '40', '10374', '3645', '34.86', '7.19', '45', '68', '41', '58', '55', '53', '31126', '3361', '2154', '520', '1496', '569', '322', '500', '450', '226', '0', '0', '80', '192', 'beleth', '300', '0', '0', 'LAST_HIT', '55', '85', '75', 'balanced', 'false'),
('22322', '22322', 'Subjugated Native', '0', '', '0', 'LineageNPC.a_common_peopleC_Mhuman', '8.00', '23.50', '83', 'male', 'L2Monster', '50', '1515', '515', '36.86', '5.09', '60', '60', '60', '50', '50', '50', '8689', '622', '2207', '888', '1296', '988', '381', '0', '381', '0', '0', '0', '80', '120', '', '0', '0', '0', 'LAST_HIT', '50', '50', '75', 'balanced', 'false'),
('22323', '22323', 'Charmed Native', '0', '', '0', 'LineageNPC.a_common_peopleC_Mhuman', '8.00', '23.50', '83', 'male', 'L2Monster', '40', '1515', '531', '36.86', '5.09', '41', '48', '45', '61', '64', '62', '5872', '622', '2207', '888', '1296', '999', '371', '0', '371', '0', '0', '0', '80', '120', '', '0', '0', '0', 'LAST_HIT', '40', '40', '75', 'balanced', 'false'),
('22324', '22324', 'Blind Huntsman', '0', '', '0', 'LineageMonster4.eyeless_080p', '36.00', '35.00', '83', 'male', 'L2Monster', '40', '4040', '1060', '36.86', '5.09', '59', '55', '62', '30', '30', '30', '9548', '888', '2207', '659', '1296', '502', '343', '500', '399', '0', '0', '0', '41', '182', 'beleth', '300', '0', '0', 'LAST_HIT', '100', '0', '30', 'fighter', 'false'),
('22325', '22325', 'Blind Watchman', '0', '', '0', 'LineageMonster4.eyeless_080p', '36.00', '35.00', '83', 'male', 'L2Monster', '40', '4040', '3551', '36.86', '5.09', '40', '43', '30', '30', '20', '10', '9548', '888', '2207', '562', '1269', '502', '355', '500', '580', '0', '0', '0', '41', '200', 'beleth', '300', '0', '0', 'LAST_HIT', '100', '0', '30', 'mage', 'false'),
('22326', '22326', 'Hellinark', '0', 'Naia\'s Guardian', '0', 'LineageMonster.karik', '19.00', '90.00', '84', 'male', 'L2Monster', '40', '530976', '4355', '202.02', '10.45', '64', '66', '68', '62', '61', '58', '905448', '13206', '6198', '2922', '3245', '2647', '382', '0', '3819', '0', '0', '0', '80', '307', '', '0', '0', '0', 'LAST_HIT', '0', '0', '0', 'balanced', 'false'),
('22327', '22327', 'Arcane Scout', '0', '', '0', 'LineageMonster.dark_mahum', '15.00', '27.00', '83', 'male', 'L2Monster', '40', '20719', '2645', '36.86', '5.09', '56', '55', '69', '50', '45', '41', '64078', '6919', '2554', '700', '1556', '620', '398', '700', '455', '234', '0', '0', '80', '200', 'ARCANE_CLAN', '300', '0', '0', 'LAST_HIT', '55', '150', '75', 'balanced', 'false'),
('22328', '22328', 'Arcane Guardian', '0', '', '0', 'LineageMonster3.Succubus_Raid', '12.00', '30.70', '83', 'male', 'L2Monster', '40', '10359', '2950', '36.86', '5.09', '61', '62', '63', '58', '58', '59', '27152', '2798', '2505', '621', '2775', '581', '333', '100', '555', '0', '0', '0', '80', '200', 'ARCANE_CLAN', '250', '0', '0', 'LAST_HIT', '80', '80', '75', 'balanced', 'false'),
('22329', '22329', 'Arcane Watchman', '0', '', '0', 'LineageMonster3.Death_Blader_Raid', '11.00', '34.00', '83', 'male', 'L2Monster', '40', '20719', '2154', '36.86', '5.09', '56', '57', '58', '55', '45', '41', '66586', '7190', '2554', '650', '1885', '542', '312', '700', '491', '0', '0', '0', '33', '162', 'ARCANE_CLAN', '300', '0', '0', 'LAST_HIT', '55', '155', '75', 'balanced', 'false'),
('22330', '22330', 'Remnant Wraith', '0', '', '0', 'LineageMonster3.zombie_laborer', '11.00', '25.00', '83', 'male', 'L2Monster', '40', '3030', '1444', '36.86', '5.00', '55', '56', '57', '45', '43', '44', '8907', '961', '2249', '700', '1258', '620', '366', '800', '411', '123', '0', '0', '55', '182', '', '400', '1', '0', 'LAST_HIT', '55', '75', '75', 'balanced', 'false'),
('22334', '22334', 'Sand Scorpion', '0', '', '0', 'LineageMonster2.sandScorpion', '28.00', '66.00', '84', 'male', 'L2Monster', '50', '10347', '2934', '30.86', '4.09', '64', '63', '66', '61', '61', '61', '31327', '3193', '2554', '548', '1698', '521', '404', '500', '392', '0', '0', '0', '80', '200', 'DESERT_CLAN', '150', '0', '0', 'LAST_HIT', '60', '20', '75', 'balanced', 'false'),
('22335', '22335', 'Desert Scorpion', '0', '', '0', 'LineageMonster2.sandScorpion', '28.00', '66.00', '84', 'male', 'L2Monster', '40', '10347', '2934', '36.86', '22.20', '60', '61', '62', '58', '59', '59', '30327', '3193', '2554', '548', '1654', '524', '333', '350', '398', '0', '0', '0', '80', '191', 'DESERT_CLAN', '150', '0', '0', 'LAST_HIT', '80', '50', '30', 'balanced', 'false'),
('22336', '22336', 'Sand Devil', '0', '', '0', 'LineageMonster2.imperial_warlord_zombie_sand', '7.00', '30.00', '84', 'male', 'L2Monster', '40', '5748', '1623', '36.86', '5.20', '61', '60', '61', '62', '59', '61', '53419', '3779', '2255', '584', '1255', '528', '399', '500', '424', '0', '0', '0', '80', '194', 'DESERT_CLAN', '150', '0', '0', 'LAST_HIT', '100', '100', '75', 'balanced', 'false'),
('22337', '22337', 'Desiccator', '0', '', '0', 'LineageMonster.skeleton_knight_sand', '10.00', '25.00', '84', 'male', 'L2Monster', '40', '5748', '1276', '36.86', '5.20', '61', '62', '59', '61', '56', '57', '15715', '1676', '2111', '576', '1598', '521', '401', '1000', '401', '150', '0', '0', '80', '191', 'DESERT_CLAN', '500', '1', '0', 'LAST_HIT', '80', '80', '30', 'balanced', 'false'),
('22339', '22339', 'Wandering Caravan', '0', '', '0', 'LineageMonster4.Caravan', '33.00', '58.50', '84', 'male', 'L2Monster', '40', '3191', '1381', '36.86', '5.09', '61', '61', '61', '58', '58', '59', '10405', '1003', '2552', '650', '1850', '700', '381', '300', '481', '0', '0', '0', '80', '120', '', '0', '0', '0', 'LAST_HIT', '80', '80', '30', 'balanced', 'false'),
('22340', '22340', 'Sandstorm', '0', '', '0', 'LineageMonster4.SandTourbillon', '10.00', '28.00', '84', 'male', 'L2Monster', '40', '10347', '2934', '36.86', '5.20', '63', '64', '66', '59', '54', '56', '29370', '3133', '2350', '586', '1258', '527', '369', '500', '424', '98', '0', '0', '80', '200', 'DESERT_CLAN', '150', '0', '0', 'LAST_HIT', '100', '100', '75', 'balanced', 'false'),
('22341', '22341', 'Keltas', '0', '', '0', 'LineageMonster3.Vampire_Troop_Leader', '19.00', '35.00', '84', 'male', 'L2Monster', '40', '61999', '2439', '36.86', '5.20', '56', '52', '54', '45', '43', '44', '89895', '9591', '2554', '650', '1864', '620', '333', '500', '450', '80', '0', '0', '34', '182', 'KELTAS_CLAN', '300', '0', '0', 'LAST_HIT', '55', '150', '1000', 'balanced', 'false'),
('22342', '22342', 'Darion\'s Executioner', '0', '', '0', 'LineageMonster.silhouette', '22.00', '35.00', '84', 'male', 'L2Monster', '40', '3190', '2115', '23.11', '9.81', '22', '21', '18', '28', '29', '25', '6212', '652', '2115', '710', '1850', '650', '323', '300', '550', '0', '0', '0', '80', '186', 'KELTAS_CLAN', '300', '0', '0', 'LAST_HIT', '0', '0', '0', 'balanced', 'false'),
('22343', '22343', 'Darion\'s Executioner', '0', '', '0', 'LineageMonster.shadeless', '22.00', '35.00', '84', 'male', 'L2Monster', '40', '3190', '1897', '22.10', '4.09', '26', '22', '21', '22', '21', '18', '4998', '503', '2249', '780', '1820', '610', '333', '500', '420', '0', '0', '0', '80', '182', 'KELTAS_CLAN', '350', '0', '0', 'LAST_HIT', '0', '0', '0', 'balanced', 'false'),
('22344', '22344', 'Quarry Supervior', '0', '', '0', 'LineageMonster2.vampire_warrior', '9.00', '32.00', '84', 'male', 'L2Monster', '40', '12934', '6467', '36.86', '5.09', '61', '64', '68', '59', '58', '53', '28213', '4719', '2559', '582', '1556', '506', '321', '500', '401', '6723', '0', '0', '50', '191', 'QUARRY_CLAN', '300', '0', '0', 'LAST_HIT', '50', '50', '30', 'balanced', 'false'),
('22345', '22345', 'Quarry Supervior', '0', '', '0', 'LineageMonster2.vampire_wizard', '20.00', '28.00', '84', 'female', 'L2Monster', '40', '4311', '2543', '36.86', '5.09', '50', '61', '45', '61', '57', '49', '11194', '1151', '2111', '562', '2698', '502', '278', '150', '600', '0', '0', '0', '50', '198', 'QUARRY_CLAN', '300', '0', '0', 'LAST_HIT', '55', '155', '75', 'mage', 'false'),
('22346', '22346', 'Quarry Foreman', '0', '', '0', 'LineageMonster3.Vampire_Troop_Leader_120p', '22.00', '44.00', '84', 'male', 'L2Monster', '50', '20666', '2222', '42.34', '22.10', '62', '64', '65', '54', '55', '56', '52247', '4154', '2655', '620', '1854', '509', '333', '500', '301', '8686', '0', '0', '66', '196', 'QUARRY_CLAN', '700', '0', '0', 'LAST_HIT', '40', '90', '75', 'balanced', 'false'),
('22347', '22347', 'Quarry Patrolman', '0', '', '0', 'LineageMonster4.eyeless_080p', '32.00', '35.00', '84', 'male', 'L2Monster', '100', '12934', '2934', '36.86', '13.20', '61', '64', '62', '59', '56', '54', '18911', '3919', '2646', '575', '1689', '506', '401', '500', '401', '0', '0', '0', '80', '194', 'QUARRY_CLAN', '700', '0', '0', 'LAST_HIT', '100', '20', '75', 'balanced', 'false'),
('22349', '22349', 'Chimera of Earth', '0', '', '0', 'LineageMonster4.Chimera', '35.00', '36.00', '84', 'male', 'L2Monster', '40', '25833', '3566', '23.11', '9.81', '55', '52', '62', '51', '55', '51', '70935', '7567', '2554', '780', '1892', '600', '353', '800', '453', '0', '0', '0', '40', '201', 'CHIMERA_CLAN', '500', '0', '0', 'LAST_HIT', '0', '0', '0', 'balanced', 'false'),
('22350', '22350', 'Chimera of Darkness', '0', '', '0', 'LineageMonster4.Chimera', '35.00', '36.00', '84', 'male', 'L2Monster', '40', '25833', '3566', '23.11', '9.81', '54', '53', '51', '56', '50', '58', '73681', '7861', '2554', '780', '2100', '600', '353', '800', '453', '0', '0', '0', '40', '201', 'CHIMERA_CLAN', '500', '0', '0', 'LAST_HIT', '0', '0', '0', 'balanced', 'false'),
('22351', '22351', 'Chimera of Wind', '0', '', '0', 'LineageMonster4.Chimera', '35.00', '36.00', '84', 'male', 'L2Monster', '40', '25833', '3566', '23.11', '9.81', '55', '54', '56', '66', '55', '51', '73681', '7567', '2554', '780', '2300', '600', '353', '800', '453', '0', '0', '0', '40', '201', 'CHIMERA_CLAN', '500', '0', '0', 'LAST_HIT', '0', '0', '0', 'balanced', 'false'),
('22352', '22352', 'Chimera of Fire', '0', '', '0', 'LineageMonster4.Chimera', '35.00', '36.00', '84', 'male', 'L2Monster', '40', '25833', '3256', '23.11', '9.81', '55', '51', '52', '57', '50', '51', '71195', '7595', '2554', '780', '2300', '600', '353', '800', '453', '0', '0', '0', '40', '201', 'CHIMERA_CLAN', '500', '0', '0', 'LAST_HIT', '0', '0', '0', 'balanced', 'false'),
('22353', '22353', 'Celtus', '0', 'Chimera', '0', 'LineageMonster4.Chimera', '35.00', '36.00', '84', 'male', 'L2Monster', '40', '106195', '2479', '33.11', '9.81', '55', '46', '66', '41', '42', '43', '0', '0', '2554', '950', '1989', '910', '353', '500', '453', '0', '0', '0', '40', '201', 'CHIMERA_CLAN', '500', '0', '0', 'LAST_HIT', '0', '0', '0', 'balanced', 'false'),
('22355', '22355', 'Enceinte Defender', '0', '', '0', 'LineageMonster4.eyeless', '50.00', '50.00', '85', 'male', 'L2Monster', '40', '22048', '2048', '22.40', '45.30', '40', '38', '37', '21', '22', '23', '32641', '7029', '4800', '1075', '4800', '1540', '445', '248', '445', '0', '0', '0', '0', '120', '', '0', '0', '0', 'LAST_HIT', '90', '90', '30', 'balanced', 'false'),
('22356', '22356', 'Enceinte Defender', '0', '', '0', 'LineageMonster4.eyeless', '50.00', '50.00', '85', 'male', 'L2Monster', '40', '41810', '2154', '23.11', '11.10', '32', '34', '28', '22', '21', '18', '72657', '4203', '2554', '720', '1923', '680', '334', '300', '365', '0', '0', '0', '0', '182', 'E1', '0', '0', '0', 'LAST_HIT', '0', '0', '0', 'balanced', 'false'),
('22357', '22357', 'Enceinte Defender', '0', '', '0', 'LineageMonster4.eyeless', '50.00', '50.00', '85', 'male', 'L2Monster', '40', '25715', '2689', '23.11', '4.09', '43', '41', '38', '32', '31', '30', '41657', '4203', '2554', '720', '1989', '680', '353', '300', '453', '0', '0', '0', '0', '182', 'E2', '500', '0', '0', 'LAST_HIT', '0', '0', '0', 'balanced', 'false'),
('22358', '22358', 'Enceinte Defender', '0', '', '0', 'LineageMonster4.eyeless', '50.00', '50.00', '85', 'male', 'L2Monster', '40', '22048', '3566', '23.11', '4.09', '32', '33', '31', '33', '32', '28', '36247', '3424', '2554', '720', '1989', '680', '353', '300', '553', '0', '0', '0', '0', '182', 'E3', '500', '0', '0', 'LAST_HIT', '0', '0', '0', 'balanced', 'false');


/************ 修正地獄邊界NPC掉落物品 ************/
REPLACE INTO `droplist` VALUES
('22320', '1895', '1', '3', '-1', '35000'),
('22320', '1895', '1', '3', '2', '25000'),
('22320', '4040', '1', '1', '2', '37030'),
('22320', '4040', '1', '2', '-1', '125000'),
('22320', '5522', '1', '1', '1', '12040'),
('22320', '5523', '1', '1', '1', '9250'),
('22320', '57', '1645', '3297', '0', '700000'),
('22320', '9551', '1', '1', '5', '5100'),
('22320', '960', '1', '2', '-1', '23000'),
('22320', '9628', '1', '1', '2', '10630'),
('22320', '9630', '1', '1', '2', '5880'),
('22320', '9674', '1', '1', '4', '100000'),
('22321', '12259', '1', '1', '1', '1572'),
('22321', '12266', '1', '1', '1', '2183'),
('22321', '1344', '900', '2700', '2', '20408'),
('22321', '1866', '16', '48', '2', '31250'),
('22321', '1871', '10', '30', '2', '71429'),
('22321', '1885', '1', '1', '2', '125000'),
('22321', '4041', '1', '1', '2', '12048'),
('22321', '5220', '1', '1', '2', '58824'),
('22321', '5487', '1', '1', '1', '14706'),
('22321', '5488', '1', '1', '1', '14925'),
('22321', '57', '15790', '31660', '0', '700000'),
('22321', '6698', '1', '1', '-1', '264000'),
('22321', '6699', '1', '2', '-1', '303000'),
('22321', '6901', '1', '1', '-1', '7000'),
('22321', '9551', '1', '1', '200', '11628'),
('22321', '9599', '1', '3', '100', '710000'),
('22321', '960', '1', '1', '2', '558'),
('22321', '9674', '3', '9', '101', '100000'),
('22324', '12261', '1', '1', '1', '846'),
('22324', '12268', '1', '1', '1', '1410'),
('22324', '12269', '1', '1', '1', '564'),
('22324', '1864', '4', '12', '2', '83333'),
('22324', '1865', '2', '6', '2', '66667'),
('22324', '1866', '3', '9', '2', '40000'),
('22324', '1868', '10', '30', '2', '32258'),
('22324', '1873', '4', '12', '2', '18182'),
('22324', '5495', '1', '1', '1', '7353'),
('22324', '5527', '1', '1', '1', '6667'),
('22324', '5528', '1', '1', '1', '5556'),
('22324', '57', '3250', '6517', '0', '700000'),
('22324', '6702', '1', '1', '-1', '125000'),
('22324', '6901', '1', '1', '-1', '10000'),
('22324', '9551', '1', '1', '200', '1786'),
('22324', '9599', '1', '1', '100', '250000'),
('22324', '960', '1', '1', '2', '235'),
('22324', '9674', '1', '1', '101', '142857'),
('22325', '12261', '1', '1', '1', '1214'),
('22325', '12268', '1', '1', '1', '631'),
('22325', '12269', '1', '1', '1', '631'),
('22325', '1344', '40', '120', '2', '90909'),
('22325', '1867', '1', '3', '2', '125000'),
('22325', '1869', '2', '6', '2', '62500'),
('22325', '1870', '3', '9', '2', '43478'),
('22325', '1871', '3', '9', '2', '38462'),
('22325', '1872', '8', '24', '2', '20833'),
('22325', '5495', '1', '1', '1', '6711'),
('22325', '5527', '1', '1', '1', '5525'),
('22325', '5528', '1', '1', '1', '5587'),
('22325', '57', '2914', '5843', '0', '700000'),
('22325', '6703', '1', '1', '-1', '125000'),
('22325', '6901', '1', '1', '2', '437'),
('22325', '9551', '1', '1', '200', '1555'),
('22325', '9599', '1', '1', '100', '250000'),
('22325', '960', '1', '1', '-1', '5000'),
('22325', '9674', '1', '1', '101', '111111'),
('22327', '11966', '1', '1', '1', '363'),
('22327', '11969', '1', '1', '1', '145'),
('22327', '11970', '1', '1', '1', '653'),
('22327', '11974', '1', '1', '1', '218'),
('22327', '1868', '199', '587', '2', '19231'),
('22327', '1873', '18', '54', '2', '33333'),
('22327', '1876', '4', '12', '2', '83333'),
('22327', '1895', '3', '9', '2', '166667'),
('22327', '4042', '1', '1', '2', '58824'),
('22327', '5533', '1', '1', '1', '7246'),
('22327', '5544', '1', '1', '1', '5814'),
('22327', '57', '32180', '64520', '0', '700000'),
('22327', '6705', '1', '1', '-1', '100000'),
('22327', '6706', '1', '1', '-1', '100000'),
('22327', '6901', '1', '1', '-1', '10000'),
('22327', '8342', '1', '1', '1', '5882'),
('22327', '8349', '1', '1', '1', '3623'),
('22327', '9551', '1', '1', '200', '23256'),
('22327', '9599', '2', '6', '100', '690000'),
('22327', '960', '1', '1', '2', '871'),
('22327', '9674', '25', '75', '101', '28571'),
('22328', '11967', '1', '1', '1', '330'),
('22328', '1344', '6', '18', '3', '12500'),
('22328', '1879', '1', '1', '4', '142850'),
('22328', '1885', '1', '1', '4', '71420'),
('22328', '1885', '1', '7', '-1', '5200'),
('22328', '5538', '1', '1', '2', '12650'),
('22328', '57', '6505', '13040', '0', '700000'),
('22328', '9551', '1', '1', '7', '2660'),
('22328', '9573', '1', '1', '8', '5000'),
('22328', '9574', '1', '1', '8', '2330'),
('22328', '9628', '1', '1', '4', '4670'),
('22328', '9629', '1', '1', '4', '660'),
('22328', '9630', '1', '1', '4', '1660'),
('22328', '9674', '1', '1', '6', '47610'),
('22329', '1344', '30', '89', '2', '14285'),
('22329', '1895', '1', '3', '3', '41660'),
('22329', '4040', '1', '1', '3', '83330'),
('22329', '5534', '1', '1', '1', '38460'),
('22329', '5534', '1', '1', '3', '20830'),
('22329', '57', '16625', '33320', '0', '700000'),
('22329', '6707', '1', '1', '-1', '15000'),
('22329', '6708', '1', '1', '-1', '15000'),
('22329', '6901', '1', '1', '-1', '2765'),
('22329', '9551', '1', '1', '4', '3890'),
('22329', '9630', '1', '1', '3', '9090'),
('22329', '9674', '1', '1', '6', '166660'),
('22330', '11973', '1', '1', '1', '252'),
('22330', '1879', '1', '1', '2', '28571'),
('22330', '1885', '1', '1', '2', '13158'),
('22330', '5537', '1', '1', '1', '2469'),
('22330', '57', '2044', '4100', '0', '700000'),
('22330', '6709', '1', '1', '-1', '125000'),
('22330', '6901', '1', '1', '-1', '10000'),
('22330', '9573', '1', '1', '200', '908'),
('22330', '9574', '1', '1', '200', '404'),
('22330', '9575', '1', '1', '200', '50'),
('22330', '9576', '1', '1', '200', '50'),
('22330', '9599', '1', '1', '100', '200000'),
('22330', '960', '1', '1', '-1', '5000'),
('22330', '960', '1', '1', '2', '151'),
('22330', '9628', '1', '1', '2', '1362'),
('22330', '9629', '1', '1', '2', '555'),
('22330', '9630', '1', '1', '2', '807'),
('22335', '10012', '4', '12', '101', '32258'),
('22335', '12259', '1', '1', '1', '1715'),
('22335', '12266', '1', '1', '1', '1319'),
('22335', '1868', '15', '45', '2', '90909'),
('22335', '1873', '2', '6', '2', '142857'),
('22335', '1876', '3', '9', '2', '40000'),
('22335', '1895', '3', '9', '2', '66667'),
('22335', '4042', '1', '1', '2', '16949'),
('22335', '5487', '1', '1', '1', '12195'),
('22335', '5488', '1', '1', '1', '14286'),
('22335', '57', '13130', '26260', '0', '700000'),
('22335', '6714', '1', '1', '-1', '240000'),
('22335', '6901', '1', '1', '-1', '10000'),
('22335', '7579', '1', '1', '-1', '30000'),
('22335', '9549', '1', '1', '200', '11905'),
('22335', '9599', '2', '6', '100', '570000'),
('22337', '12257', '1', '1', '1', '380'),
('22337', '12260', '1', '1', '1', '1520'),
('22337', '12264', '1', '1', '1', '1520'),
('22337', '12267', '1', '1', '1', '760'),
('22337', '1866', '1', '3', '2', '100000'),
('22337', '1871', '1', '3', '2', '250000'),
('22337', '1877', '1', '1', '2', '17544'),
('22337', '4040', '1', '1', '2', '12500'),
('22337', '4041', '1', '1', '2', '3413'),
('22337', '5502', '1', '1', '1', '6849'),
('22337', '5503', '1', '1', '1', '5682'),
('22337', '5514', '1', '1', '1', '7576'),
('22337', '5515', '1', '1', '1', '4926'),
('22337', '57', '4087', '8165', '0', '700000'),
('22337', '6901', '1', '1', '1', '380'),
('22337', '9549', '1', '1', '200', '1898'),
('22337', '9599', '1', '1', '100', '333333'),
('22339', '1879', '1', '1', '2', '40000'),
('22339', '1885', '1', '1', '2', '16949'),
('22339', '1885', '1', '2', '-1', '48000'),
('22339', '5529', '1', '1', '1', '461'),
('22339', '5545', '1', '1', '1', '1152'),
('22339', '5546', '1', '1', '1', '691'),
('22339', '57', '2113', '4225', '0', '700000'),
('22339', '960', '1', '1', '3', '230'),
('22339', '9628', '1', '1', '2', '1152'),
('22339', '9629', '1', '1', '2', '461'),
('22339', '9630', '1', '1', '2', '921'),
('22340', '1895', '1', '1', '1', '33333'),
('22340', '4040', '1', '1', '1', '58820'),
('22340', '57', '12770', '25550', '0', '700000'),
('22340', '9630', '1', '1', '1', '19230'),
('22349', '12258', '1', '1', '1', '3472'),
('22349', '12265', '1', '1', '1', '3704'),
('22349', '1344', '300', '900', '2', '142857'),
('22349', '1895', '12', '36', '2', '43478'),
('22349', '4040', '1', '1', '2', '62500'),
('22349', '5480', '1', '1', '1', '25000'),
('22349', '5481', '1', '1', '1', '26316'),
('22349', '57', '28010', '56050', '0', '700000'),
('22349', '6690', '1', '1', '-1', '125000'),
('22349', '6901', '1', '2', '-1', '155000'),
('22349', '9549', '1', '1', '200', '27027'),
('22349', '9599', '2', '6', '100', '610000'),
('22349', '960', '1', '1', '2', '1855'),
('22349', '9628', '1', '1', '2', '27778'),
('22349', '9630', '1', '1', '2', '20833'),
('22349', '9680', '1', '1', '101', '13699'),
('22349', '9681', '1', '1', '101', '3012'),
('22350', '12258', '1', '1', '1', '4854'),
('22350', '12265', '1', '1', '1', '3155'),
('22350', '1879', '3', '9', '2', '90909'),
('22350', '1885', '1', '1', '2', '250000'),
('22350', '5480', '1', '1', '1', '25000'),
('22350', '5481', '1', '1', '1', '28571'),
('22350', '57', '29130', '58280', '0', '700000'),
('22350', '6691', '1', '1', '-1', '125000'),
('22350', '6901', '1', '1', '2', '3401'),
('22350', '9551', '1', '1', '200', '30303'),
('22350', '959', '1', '1', '-1', '8000'),
('22350', '9599', '2', '6', '100', '630000'),
('22350', '9628', '1', '1', '2', '29412'),
('22350', '9629', '1', '1', '2', '14493'),
('22350', '9630', '1', '1', '2', '20833'),
('22350', '9680', '1', '1', '101', '25641'),
('22350', '9681', '1', '1', '101', '6803'),
('22351', '11964', '1', '1', '1', '241'),
('22351', '11968', '1', '1', '1', '241'),
('22351', '11971', '1', '1', '1', '241'),
('22351', '1868', '15', '45', '2', '142857'),
('22351', '1873', '16', '48', '2', '29412'),
('22351', '1876', '3', '9', '2', '66667'),
('22351', '1895', '1', '29', '-1', '900000'),
('22351', '1895', '3', '9', '2', '111111'),
('22351', '4042', '1', '1', '2', '34483'),
('22351', '5529', '1', '1', '1', '10417'),
('22351', '5545', '1', '1', '1', '13699'),
('22351', '5546', '1', '1', '1', '12346'),
('22351', '57', '29120', '58280', '0', '700000'),
('22351', '6693', '1', '1', '-1', '125000'),
('22351', '6901', '1', '1', '-1', '10000'),
('22351', '9548', '1', '1', '200', '16129'),
('22351', '9573', '1', '1', '200', '14925'),
('22351', '9574', '1', '1', '200', '3861'),
('22351', '9576', '1', '1', '200', '241'),
('22351', '959', '1', '1', '2', '241'),
('22351', '9599', '2', '6', '100', '630000'),
('22351', '9680', '1', '1', '101', '55556'),
('22351', '9681', '1', '1', '101', '9174'),
('22352', '11964', '1', '1', '1', '728'),
('22352', '11968', '1', '1', '1', '1093'),
('22352', '11971', '1', '1', '1', '2183'),
('22352', '1868', '140', '404', '2', '27778'),
('22352', '1873', '16', '48', '2', '45455'),
('22352', '1876', '3', '9', '2', '100000'),
('22352', '1895', '3', '9', '2', '166667'),
('22352', '4042', '1', '1', '2', '58824'),
('22352', '5529', '1', '1', '1', '10526'),
('22352', '5545', '1', '1', '1', '8000'),
('22352', '5546', '1', '1', '1', '12048'),
('22352', '57', '28140', '56290', '0', '700000'),
('22352', '6694', '1', '1', '-1', '125000'),
('22352', '6695', '1', '1', '-1', '125000'),
('22352', '6901', '1', '1', '-1', '10000'),
('22352', '9546', '1', '1', '200', '26316'),
('22352', '9599', '2', '6', '100', '600000'),
('22352', '960', '1', '1', '2', '1093'),
('22352', '9680', '1', '1', '101', '520000'),
('22352', '9681', '1', '1', '101', '125000');


/************ 修正赤紅座龍 ************/
REPLACE INTO `npc` VALUES ('16038', '16038', 'Red Wind Strider', '0', '', '0', 'Monster.strider', '23.00', '31.00', '70', 'male', 'L2Pet', '40', '2444', '2444', '0.00', '0.00', '10', '10', '10', '10', '10', '10', '0', '0', '500', '500', '500', '500', '253', '0', '253', '0', '0', '0', '80', '120', '', '0', '0', '0', 'LAST_HIT', '0', '0', '0', 'balanced', "false");
REPLACE INTO `npc` VALUES ('16039', '16039', 'Red Star Strider', '0', '', '0', 'Monster.strider', '23.00', '31.00', '70', 'male', 'L2Pet', '40', '2444', '2444', '0.00', '0.00', '10', '10', '10', '10', '10', '10', '0', '0', '500', '500', '500', '500', '253', '0', '253', '0', '0', '0', '80', '120', '', '0', '0', '0', 'LAST_HIT', '0', '0', '0', 'balanced', "false");
REPLACE INTO `npc` VALUES ('16040', '16040', 'Red Twilight Strider', '0', '', '0', 'Monster.strider', '23.00', '31.00', '70', 'male', 'L2Pet', '40', '2444', '2444', '0.00', '0.00', '10', '10', '10', '10', '10', '10', '0', '0', '500', '500', '500', '500', '253', '0', '253', '0', '0', '0', '80', '120', '', '0', '0', '0', 'LAST_HIT', '0', '0', '0', 'balanced', "false");


/************ 增加貓熊手鐲 ************/
REPLACE INTO `armor` VALUES
(20063,'Agathion Seal Bracelet - Baby Panda','lbracelet','false','none',150, 'wood','none',0,-1,0,0,0,0,0,'false','false','true','false','0-0;'),
(20064,'Agathion Seal Bracelet - Bamboo Panda','lbracelet','false','none',150, 'wood','none',0,-1,0,0,0,0,0,'false','false','true','false','0-0;'),
(20065,'Agathion Seal Bracelet - Sexy Panda','lbracelet','false','none',150, 'wood','none',0,-1,0,0,0,0,0,'false','false','true','false','0-0;'),
(20066,'Agathion Seal Bracelet - Baby Panda','lbracelet','false','none',150, 'wood','none',0,-1,0,0,0,0,0,'false','false','true','false','0-0;'),
(20067,'Agathion Seal Bracelet - Bamboo Panda','lbracelet','false','none',150, 'wood','none',0,-1,0,0,0,0,0,'false','false','true','false','0-0;'),
(20068,'Agathion Seal Bracelet - Sexy Panda','lbracelet','false','none',150, 'wood','none',0,-1,0,0,0,0,0,'false','false','true','false','0-0;');


/************ 修正要塞/小天使/小惡魔/魯道夫/媽祖/普萊皮塔/貓熊/愛心壺精/淡紫鬃馬騎乘的手鐲 ************/
REPLACE INTO `npc` VALUES
(1501, 1501, 'Majo Agathion', 0, '', 0, 'LineageNPC2.Agathion_CL', 32.00, 23.56, 70, 'male', 'L2Npc', 40, 2444, 2444, 0.00, 0.00, 10, 10, 10, 10, 10, 10, 0, 0, 500, 500, 500, 500, 253, 0, 253, 0, 0, NULL, 80, 120, 'NULL', 0, 0, 0, 'LAST_HIT', 0, 0, 0, 'balanced', 'false'),
(1502, 1502, 'Gold Agathion', 0, '', 0, 'LineageNPC2.Agathion_CL', 32.00, 23.56, 70, 'male', 'L2Npc', 40, 2444, 2444, 0.00, 0.00, 10, 10, 10, 10, 10, 10, 0, 0, 500, 500, 500, 500, 253, 0, 253, 0, 0, NULL, 80, 120, 'NULL', 0, 0, 0, 'LAST_HIT', 0, 0, 0, 'balanced', 'false'),
(1503, 1503, 'Black Agathion', 0, '', 0, 'LineageNPC2.Agathion_CL', 32.00, 23.56, 70, 'male', 'L2Npc', 40, 2444, 2444, 0.00, 0.00, 10, 10, 10, 10, 10, 10, 0, 0, 500, 500, 500, 500, 253, 0, 253, 0, 0, NULL, 80, 120, 'NULL', 0, 0, 0, 'LAST_HIT', 0, 0, 0, 'balanced', 'false'),
(1504, 1504, 'Plaipitak Agathion', 0, '', 0, 'LineageNPC2.Agathion_CL', 32.00, 23.56, 70, 'male', 'L2Npc', 40, 2444, 2444, 0.00, 0.00, 10, 10, 10, 10, 10, 10, 0, 0, 500, 500, 500, 500, 253, 0, 253, 0, 0, NULL, 80, 120, 'NULL', 0, 0, 0, 'LAST_HIT', 0, 0, 0, 'balanced', 'false'),
(1505, 1505, 'Baby Panda Agathion', 0, '', 0, 'LineageNPC2.br_agathion_bpanda', 32.00, 23.56, 70, 'male', 'L2Npc', 40, 2444, 2444, 0.00, 0.00, 10, 10, 10, 10, 10, 10, 0, 0, 500, 500, 500, 500, 253, 0, 253, 0, 0, NULL, 80, 120, 'NULL', 0, 0, 0, 'LAST_HIT', 0, 0, 0, 'balanced', 'false'),
(1506, 1506, 'Bamboo Panda Agathion', 0, '', 0, 'LineageNPC2.br_agathion_mpanda', 32.00, 23.56, 70, 'male', 'L2Npc', 40, 2444, 2444, 0.00, 0.00, 10, 10, 10, 10, 10, 10, 0, 0, 500, 500, 500, 500, 253, 0, 253, 0, 0, NULL, 80, 120, 'NULL', 0, 0, 0, 'LAST_HIT', 0, 0, 0, 'balanced', 'false'),
(1507, 1507, 'Sexy Panda Agathion', 0, '', 0, 'LineageNPC2.br_agathion_wpanda', 32.00, 23.56, 70, 'male', 'L2Npc', 40, 2444, 2444, 0.00, 0.00, 10, 10, 10, 10, 10, 10, 0, 0, 500, 500, 500, 500, 253, 0, 253, 0, 0, NULL, 80, 120, 'NULL', 0, 0, 0, 'LAST_HIT', 0, 0, 0, 'balanced', 'false'),
(1508, 1508, 'White Cupid Agathion', 0, '', 0, 'LineageNPC2.Agathion_CL', 32.00, 23.56, 70, 'male', 'L2Npc', 40, 2444, 2444, 0.00, 0.00, 10, 10, 10, 10, 10, 10, 0, 0, 500, 500, 500, 500, 253, 0, 253, 0, 0, NULL, 80, 120, 'NULL', 0, 0, 0, 'LAST_HIT', 0, 0, 0, 'balanced', 'false'),
(1509, 1509, 'Dark Cupid Agathion', 0, '', 0, 'LineageNPC2.Agathion_CL', 32.00, 23.56, 70, 'male', 'L2Npc', 40, 2444, 2444, 0.00, 0.00, 10, 10, 10, 10, 10, 10, 0, 0, 500, 500, 500, 500, 253, 0, 253, 0, 0, NULL, 80, 120, 'NULL', 0, 0, 0, 'LAST_HIT', 0, 0, 0, 'balanced', 'false'),
(1510, 1510, 'White Maneki Neko Agathion', 0, '', 0, 'LineageNPC2.Agathion_CL', 32.00, 23.56, 70, 'male', 'L2Npc', 40, 2444, 2444, 0.00, 0.00, 10, 10, 10, 10, 10, 10, 0, 0, 500, 500, 500, 500, 253, 0, 253, 0, 0, NULL, 80, 120, 'NULL', 0, 0, 0, 'LAST_HIT', 0, 0, 0, 'balanced', 'false'),
(1511, 1511, 'Black Maneki Neko Agathion', 0, '', 0, 'LineageNPC2.Agathion_CL', 32.00, 23.56, 70, 'male', 'L2Npc', 40, 2444, 2444, 0.00, 0.00, 10, 10, 10, 10, 10, 10, 0, 0, 500, 500, 500, 500, 253, 0, 253, 0, 0, NULL, 80, 120, 'NULL', 0, 0, 0, 'LAST_HIT', 0, 0, 0, 'balanced', 'false'),
(1512, 1512, 'Brown Maneki Neko Agathion', 0, '', 0, 'LineageNPC2.Agathion_CL', 32.00, 23.56, 70, 'male', 'L2Npc', 40, 2444, 2444, 0.00, 0.00, 10, 10, 10, 10, 10, 10, 0, 0, 500, 500, 500, 500, 253, 0, 253, 0, 0, NULL, 80, 120, 'NULL', 0, 0, 0, 'LAST_HIT', 0, 0, 0, 'balanced', 'false'),
(1513, 1513, 'One-Eyed Bat Drove Agathion', 0, '', 0, 'LineageNPC2.Agathion_CL', 32.00, 23.56, 70, 'male', 'L2Npc', 40, 2444, 2444, 0.00, 0.00, 10, 10, 10, 10, 10, 10, 0, 0, 500, 500, 500, 500, 253, 0, 253, 0, 0, NULL, 80, 120, 'NULL', 0, 0, 0, 'LAST_HIT', 0, 0, 0, 'balanced', 'false'),
(1514, 1514, 'Pegasus Agathion', 0, '', 0, 'LineageNPC2.Agathion_CL', 32.00, 23.56, 70, 'male', 'L2Npc', 40, 2444, 2444, 0.00, 0.00, 10, 10, 10, 10, 10, 10, 0, 0, 500, 500, 500, 500, 253, 0, 253, 0, 0, NULL, 80, 120, 'NULL', 0, 0, 0, 'LAST_HIT', 0, 0, 0, 'balanced', 'false'),
(1515, 1515, 'Yellow-Robed Tojigong Agathion', 0, '', 0, 'LineageNPC2.Agathion_CL', 32.00, 23.56, 70, 'male', 'L2Npc', 40, 2444, 2444, 0.00, 0.00, 10, 10, 10, 10, 10, 10, 0, 0, 500, 500, 500, 500, 253, 0, 253, 0, 0, NULL, 80, 120, 'NULL', 0, 0, 0, 'LAST_HIT', 0, 0, 0, 'balanced', 'false'),
(1516, 1516, 'Blue-Robed Tojigong Agathion', 0, '', 0, 'LineageNPC2.Agathion_CL', 32.00, 23.56, 70, 'male', 'L2Npc', 40, 2444, 2444, 0.00, 0.00, 10, 10, 10, 10, 10, 10, 0, 0, 500, 500, 500, 500, 253, 0, 253, 0, 0, NULL, 80, 120, 'NULL', 0, 0, 0, 'LAST_HIT', 0, 0, 0, 'balanced', 'false'),
(1517, 1517, 'Green-Robed Tojigong Agathion', 0, '', 0, 'LineageNPC2.Agathion_CL', 32.00, 23.56, 70, 'male', 'L2Npc', 40, 2444, 2444, 0.00, 0.00, 10, 10, 10, 10, 10, 10, 0, 0, 500, 500, 500, 500, 253, 0, 253, 0, 0, NULL, 80, 120, 'NULL', 0, 0, 0, 'LAST_HIT', 0, 0, 0, 'balanced', 'false'),
(1518, 1518, 'Bugbear Agathion', 0, '', 0, 'LineageNPC2.Agathion_CL', 32.00, 23.56, 70, 'male', 'L2Npc', 40, 2444, 2444, 0.00, 0.00, 10, 10, 10, 10, 10, 10, 0, 0, 500, 500, 500, 500, 253, 0, 253, 0, 0, NULL, 80, 120, 'NULL', 0, 0, 0, 'LAST_HIT', 0, 0, 0, 'balanced', 'false'),
(16049, 16049, 'Love Agathion', 0, '', 0, 'LineageNPC2.Agathion_CL', 32.00, 23.56, 70, 'male', 'L2Npc', 40, 2444, 2444, 0.00, 0.00, 10, 10, 10, 10, 10, 10, 0, 0, 500, 500, 500, 500, 253, 0, 253, 0, 0, NULL, 80, 120, 'NULL', 0, 0, 0, 'LAST_HIT', 0, 0, 0, 'balanced', 'false');
UPDATE `armor` SET `skill` = '3361-1;3267-1;5458-1;' WHERE `item_id` in (9909);
UPDATE `armor` SET `skill` = '3361-1;3267-1;5458-1;' WHERE `item_id` in (10018);
UPDATE `armor` SET `skill` = '3269-1;3267-1;5414-1;' WHERE `item_id` in (10139);
UPDATE `armor` SET `skill` = '3423-1;3267-1;5535-1;' WHERE `item_id` in (10320);
UPDATE `armor` SET `skill` = '3424-1;3267-1;5536-1;' WHERE `item_id` in (10326);
UPDATE `armor` SET `skill` = '3425-1;3267-1;5537-1;' WHERE `item_id` in (10606);
UPDATE `armor` SET `skill` = '3423-1;3267-1;5535-1;' WHERE `item_id` in (12779);
UPDATE `armor` SET `skill` = '3424-1;3267-1;5536-1;' WHERE `item_id` in (12780);
UPDATE `armor` SET `skill` = '8247-1;839-1;' WHERE `item_id` in (13022,13308,20030);
UPDATE `armor` SET `skill` = '8245-1;3267-1;' WHERE `item_id` in (13023,13254,13309,13340);
UPDATE `armor` SET `skill` = '21000-1;3267-1;23000-1;' WHERE `item_id` in (20006);
UPDATE `armor` SET `skill` = '21001-1;3267-1;23001-1;' WHERE `item_id` in (20007);
UPDATE `armor` SET `skill` = '21002-1;3267-1;23002-1;' WHERE `item_id` in (20008);
UPDATE `armor` SET `skill` = '21003-1;3267-1;23003-1;' WHERE `item_id` in (20012);
UPDATE `armor` SET `skill` = '21008-1;3267-1;23010-1' WHERE `item_id` in (20063);
UPDATE `armor` SET `skill` = '21009-1;3267-1;23011-1' WHERE `item_id` in (20064);
UPDATE `armor` SET `skill` = '21010-1;3267-1;23012-1' WHERE `item_id` in (20065);


/************ 加入邱比特/招財貓/獨眼蝙蝠群/飛馬/土地公的壺精手鐲 ************/
REPLACE INTO `armor` VALUES
(20204,'Ring of Queen Ant','rfinger,lfinger','true','none',150,'gold','b',0,-1,0,48,21,616000,82,'false','false','true','false','3562-1'),
(20205,'Ring of Queen Ant','rfinger,lfinger','true','none',150,'gold','b',0,-1,0,48,21,616000,82,'false','false','true','false','3562-1'),
(20206,'Ring of Queen Ant','rfinger,lfinger','true','none',150,'gold','b',0,-1,0,48,21,616000,82,'false','false','true','false','3562-1'),
(20207,'Zaken\'s Earring','rear,lear','true','none',150,'gold','s',0,-1,0,71,31,2590000,124,'false','false','true','false','3559-1'),
(20208,'Zaken\'s Earring','rear,lear','true','none',150,'gold','s',0,-1,0,71,31,2590000,124,'false','false','true','false','3559-1'),
(20209,'Zaken\'s Earring','rear,lear','true','none',150,'gold','s',0,-1,0,71,31,2590000,124,'false','false','true','false','3559-1'),
(20212,'Agathion Seal Bracelet - Charming Cupid','lbracelet','false','none',150, 'wood','none',0,-1,0,0,0,0,0,'false','false','true','false','21031-1;3267-1;23025-1;'),
(20213,'Agathion Seal Bracelet - Naughty Cupid','lbracelet','false','none',150, 'wood','none',0,-1,0,0,0,0,0,'false','false','true','false','21032-1;3267-1;23026-1;'),
(20221,'Agathion Seal Bracelet - White Maneki Neko','lbracelet','false','none',150, 'wood','none',0,-1,0,0,0,0,0,'false','false','true','false','21033-1;3267-1;23027-1;23046-1;'),
(20222,'Agathion Seal Bracelet - Black Maneki Neko','lbracelet','false','none',150, 'wood','none',0,-1,0,0,0,0,0,'false','false','true','false','21034-1;3267-1;23028-1;23047-1;'),
(20223,'Agathion Seal Bracelet - Brown Maneki Neko','lbracelet','false','none',150, 'wood','none',0,-1,0,0,0,0,0,'false','false','true','false','21035-1;3267-1;23029-1;23048-1;'),
(20224,'Agathion Seal Bracelet - White Maneki Neko','lbracelet','false','none',150, 'wood','none',0,-1,0,0,0,0,0,'false','false','true','false','21033-1;3267-1;23027-1;23046-1;23030-1;'),
(20225,'Agathion Seal Bracelet - Black Maneki Neko','lbracelet','false','none',150, 'wood','none',0,-1,0,0,0,0,0,'false','false','true','false','21034-1;3267-1;23028-1;23047-1;23031-1;'),
(20230,'Agathion Seal Bracelet - One-Eyed Bat Drove','lbracelet','false','none',150, 'wood','none',0,-1,0,0,0,0,0,'false','false','true','false','21036-1;3267-1;23033-1;;'),
(20231,'Agathion Seal Bracelet - One-Eyed Bat Drove','lbracelet','false','none',150, 'wood','none',0,-1,0,0,0,0,0,'false','false','true','false','21036-1;3267-1;23033-1;23034-1;'),
(20236,'Agathion Seal Bracelet - Pegasus','lbracelet','false','none',150, 'wood','none',0,-1,0,0,0,0,0,'false','false','true','false','21037-1;3267-1;23036-1;'),
(20237,'Agathion Seal Bracelet - Pegasus','lbracelet','false','none',150, 'wood','none',0,-1,0,0,0,0,0,'false','false','true','false','21037-1;3267-1;23036-1;23037-1;'),
(20238,'Agathion Seal Bracelet - Pegasus','lbracelet','false','none',150, 'wood','none',0,-1,0,0,0,0,0,'false','false','true','false','21037-1;3267-1;23036-1;23038-1;'),
(20245,'Agathion Seal Bracelet - Yellow-Robed Tojigong','lbracelet','false','none',150, 'wood','none',0,-1,0,0,0,0,0,'false','false','true','false','21038-1;3267-1;23039-1;'),
(20246,'Agathion Seal Bracelet - Blue-Robed Tojigong','lbracelet','false','none',150, 'wood','none',0,-1,0,0,0,0,0,'false','false','true','false','21039-1;3267-1;23040-1;'),
(20247,'Agathion Seal Bracelet - Green-Robed Tojigong','lbracelet','false','none',150, 'wood','none',0,-1,0,0,0,0,0,'false','false','true','false','21040-1;3267-1;23041-1;'),
(20248,'Agathion Seal Bracelet - Yellow-Robed Tojigong','lbracelet','false','none',150, 'wood','none',0,-1,0,0,0,0,0,'false','false','true','false','21038-1;3267-1;23039-1;23042-1;'),
(20249,'Agathion Seal Bracelet - Blue-Robed Tojigong','lbracelet','false','none',150, 'wood','none',0,-1,0,0,0,0,0,'false','false','true','false','21039-1;3267-1;23040-1;23043-1;'),
(20250,'Agathion Seal Bracelet - Green-Robed Tojigong','lbracelet','false','none',150, 'wood','none',0,-1,0,0,0,0,0,'false','false','true','false','21040-1;3267-1;23041-1;23044-1;'),
(20252,'Agathion Seal Bracelet - Bugbear','lbracelet','false','none',150, 'wood','none',0,-1,0,0,0,0,0,'false','false','true','false','21041-1;3267-1;23045-1;'),
(20253,'Agathion of Love (Event)','lbracelet','false','none',150, 'wood','none',0,-1,0,0,0,0,0,'false','false','true','false','8245-1;3267-1;');


/************ 增加頭飾的附加技能(祝福復活/祝福返回/大頭/煙火) ************/
UPDATE `armor` SET `skill` = '3263-1;' WHERE `item_id` in (9177,9178,9179,9180,9181,9182,9183,10621,10625,10629);
UPDATE `armor` SET `skill` = '3264-1;' WHERE `item_id` in (9184,9185,9186,9187,9188,9189,9190,10620,10624,10628);
UPDATE `armor` SET `skill` = '3265-1;' WHERE `item_id` in (9191,9192,9193,9194,9195,9196,9197,10623,10627,10631);
UPDATE `armor` SET `skill` = '3266-1;' WHERE `item_id` in (9198,9199,9200,9201,9202,9203,9204,9890,9891,9892,9893,9894,9895,9896,10622,10626,10630);
UPDATE `armor` SET `skill` = '21005-3;' WHERE `item_id` in (20016);
UPDATE `armor` SET `skill` = '21006-1;21007-1;' WHERE `item_id` in (20018);
UPDATE `armor` SET `skill` = '21004-1;' WHERE `item_id` in (20019);


/************ 增加壺精的附加技能(祝福復活/祝福返回/大頭/煙火) ************/
ALTER TABLE `items` CHANGE `mana_left` `mana_left` decimal(10,0) NOT NULL default -1;
UPDATE `armor` SET `skill` = '3423-1;3267-1;5538-1;' WHERE `item_id` in (10316);
UPDATE `armor` SET `skill` = '3423-1;3267-1;5539-1;' WHERE `item_id` in (10317);
UPDATE `armor` SET `skill` = '3423-1;3267-1;5540-1;' WHERE `item_id` in (10318);
UPDATE `armor` SET `skill` = '3423-1;3267-1;5541-1;' WHERE `item_id` in (10319);
UPDATE `armor` SET `skill` = '3424-1;3267-1;5542-1;' WHERE `item_id` in (10322);
UPDATE `armor` SET `skill` = '3424-1;3267-1;5543-1;' WHERE `item_id` in (10323);
UPDATE `armor` SET `skill` = '3424-1;3267-1;5544-1;' WHERE `item_id` in (10324);
UPDATE `armor` SET `skill` = '3424-1;3267-1;5545-1;' WHERE `item_id` in (10325);
UPDATE `armor` SET `skill` = '21000-1;3267-1;23000-1;23004-1;' WHERE `item_id` in (20009);
UPDATE `armor` SET `skill` = '21001-1;3267-1;23001-1;23005-1;' WHERE `item_id` in (20010);
UPDATE `armor` SET `skill` = '21002-1;3267-1;23002-1;23006-1;' WHERE `item_id` in (20011);
UPDATE `armor` SET `skill` = '21003-1;3267-1;23003-1;23007-1;' WHERE `item_id` in (20013);
UPDATE `armor` SET `skill` = '21003-1;3267-1;23003-1;23009-1;' WHERE `item_id` in (20014);
UPDATE `armor` SET `skill` = '21003-1;3267-1;23003-1;23008-1;' WHERE `item_id` in (20015);
UPDATE `armor` SET `skill` = '21008-1;3267-1;23010-1;23013-1;' WHERE `item_id` in (20066);
UPDATE `armor` SET `skill` = '21008-1;3267-1;23011-1;23014-1;' WHERE `item_id` in (20067);
UPDATE `armor` SET `skill` = '21010-1;3267-1;23012-1;23015-1;' WHERE `item_id` in (20068);


/************ 增加道具的變身技能 ************/
UPDATE `armor` SET `skill` = '3335-1;' WHERE `item_id` in (10141); -- 雪人變身
UPDATE `armor` SET `skill` = '3336-1;' WHERE `item_id` in (10142); -- 野牛變身
UPDATE `weapon` SET `skill` = '3418-1;' WHERE `item_id` in (10167); -- 豬豬塔糖
UPDATE `weapon` SET `skill` = '8244-1;' WHERE `item_id` in (12814); -- 守門人變身魔杖
UPDATE `weapon` SET `skill` = '8246-1;' WHERE `item_id` in (12800,13253,13324,13339); -- 南瓜變身魔杖
REPLACE INTO armorsets VALUES ('200', '9670', '9671', '9669', '0', '0', '3359', '1', '0', '0', '0'); -- 土著全套


/************ 增加狩獵幫手 ************/
UPDATE `etcitem` SET `duration` = '300' WHERE `item_id` IN (13017,13018,13019,13020); -- 使用期限目前無效果
REPLACE INTO `npc` VALUES ('16043', '16043', 'Fox Shaman', '0', '', '0', 'LineageMonster4.foxian_wizard_pet', '10', '19', '70', 'male', 'L2Pet', '40', '2444', '2444', '0.00', '0.00', '40', '43', '30', '21', '20', '25', '0', '0', '500', '500', '500', '500', '253', '0', '253', '0', '0', '0', '80', '120', 'NULL', '0', '0', '0', 'LAST_HIT', '0', '0', '0', 'fighter', 'false');
REPLACE INTO `npc` VALUES ('16044', '16044', 'Wild Beast Fighter', '0', '', '0', 'LineageMonster4.beast_fighter_pet', '10', '17', '70', 'male', 'L2Pet', '40', '2444', '2444', '0.00', '0.00', '40', '43', '30', '21', '20', '25', '0', '0', '500', '500', '500', '500', '253', '0', '253', '0', '0', '0', '80', '120', 'NULL', '0', '0', '0', 'LAST_HIT', '0', '0', '0', 'fighter', 'false');
REPLACE INTO `npc` VALUES ('16045', '16045', 'White Weasel', '0', '', '0', 'LineageMonster4.ferret_pet', '10', '13', '70', 'male', 'L2Pet', '40', '2444', '2444', '0.00', '0.00', '40', '43', '30', '21', '20', '25', '0', '0', '500', '500', '500', '500', '253', '0', '253', '0', '0', '0', '80', '120', 'NULL', '0', '0', '0', 'LAST_HIT', '0', '0', '0', 'fighter', 'false');
REPLACE INTO `npc` VALUES ('16046', '16046', 'Fairy Princess', '0', '', '0', 'LineageMonster4.fairy_princess_pet', '10', '18', '70', 'male', 'L2Pet', '40', '2444', '2444', '0.00', '0.00', '40', '43', '30', '21', '20', '25', '0', '0', '500', '500', '500', '500', '253', '0', '253', '0', '0', '0', '80', '120', 'NULL', '0', '0', '0', 'LAST_HIT', '0', '0', '0', 'fighter', 'false');
REPLACE INTO `npcskills` VALUES
(16044,5745,1),
(16045,5745,1),
(16044,5746,1),
(16044,5747,1),
(16044,5748,1),
(16043,5753,1),
(16044,5753,1),
(16045,5753,1),
(16046,5753,1),
(16043,5749,1),
(16043,5750,1),
(16043,5751,1),
(16043,5752,1),
(16046,5752,1),
(16045,5771,1),
(16046,5771,1),
(16034,5771,1),
(16035,5771,1),
(16036,5771,1),
(14916,5761,1),
(14917,5761,1);
REPLACE INTO `pets_stats` VALUES
('Fox Shaman',16043,70,266966617,3161,1039,1075,1155,468,444,92,93,44,187,278,333,100000000,0,0,92287,40,15,0.05),
('Fox Shaman',16043,71,311043873,3250,1115,1085,1158,474,447,98,97,44,187,278,333,100000000,0,0,92287,40,15,0.05),
('Fox Shaman',16043,72,366944678,3340,1151,1097,1161,382,450,102,101,44,187,278,333,100000000,0,0,92287,40,15,0.05),
('Fox Shaman',16043,73,436722878,3433,1199,1108,1164,490,453,106,105,44,187,278,333,100000000,0,0,92287,40,15,0.05),
('Fox Shaman',16043,74,522505733,3527,1247,1119,1167,497,456,110,109,44,187,278,333,100000000,0,0,92287,40,15,0.05),
('Fox Shaman',16043,75,626774887,3621,1299,1130,1170,505,459,114,113,44,187,278,333,100000000,0,0,92287,40,15,0.05),
('Fox Shaman',16043,76,772136519,3718,1350,1142,1173,512,462,118,117,44,187,278,333,100000000,0,0,92287,40,15,0.05),
('Fox Shaman',16043,77,944761536,3815,1403,1154,1176,521,465,122,121,44,187,278,333,100000000,0,0,92287,40,15,0.05),
('Fox Shaman',16043,78,1148089335,3985,1465,1140,1180,549,468,126,125,44,187,278,333,100000000,0,0,92287,40,15,0.05),
('Fox Shaman',16043,79,1386786292,4009,1514,1179,1184,537,471,130,129,44,187,278,333,100000000,0,0,92287,40,15,0.05),
('Fox Shaman',16043,80,1664975622,4109,1572,1192,1188,545,474,134,133,44,187,278,333,100000000,0,0,92287,40,15,0.05),
('Fox Shaman',16043,81,1998969732,4209,1632,1205,1192,553,477,138,137,44,187,278,333,100000000,0,0,92287,40,15,0.05),
('Fox Shaman',16043,82,2379093816,4311,1693,1219,1196,561,480,142,141,44,187,278,333,100000000,0,0,92287,40,15,0.05),
('Fox Shaman',16043,83,2831502296,4416,1756,1233,1200,570,483,146,145,44,187,278,333,100000000,0,0,92287,40,15,0.05),
('Fox Shaman',16043,84,3340379889,4521,1821,1248,1204,579,486,150,149,44,187,278,333,100000000,0,0,92287,40,15,0.05),
('Fox Shaman',16043,85,3905839397,4629,1887,1263,1208,588,489,154,153,44,187,278,333,100000000,0,0,92287,40,15,0.05),
('Fox Shaman',16043,86,4567019890,4740,1955,1278,1212,597,492,158,157,44,187,278,333,100000000,0,0,92287,40,15,0.05),
('Wild Beast Fighter',16044,70,266966617,4647,623,1688,578,468,444,92,93,44,187,278,333,100000000,0,0,92287,40,15,0.05),
('Wild Beast Fighter',16044,71,311043873,4778,669,1703,579,474,447,98,97,44,187,278,333,100000000,0,0,92287,40,15,0.05),
('Wild Beast Fighter',16044,72,366944678,4910,691,1722,581,382,450,102,101,44,187,278,333,100000000,0,0,92287,40,15,0.05),
('Wild Beast Fighter',16044,73,436722878,5047,719,1740,582,490,453,106,105,44,187,278,333,100000000,0,0,92287,40,15,0.05),
('Wild Beast Fighter',16044,74,522505733,5185,748,1757,584,497,456,110,109,44,187,278,333,100000000,0,0,92287,40,15,0.05),
('Wild Beast Fighter',16044,75,626774887,5323,779,1774,585,505,459,114,113,44,187,278,333,100000000,0,0,92287,40,15,0.05),
('Wild Beast Fighter',16044,76,772136519,5465,810,1793,587,512,462,118,117,44,187,278,333,100000000,0,0,92287,40,15,0.05),
('Wild Beast Fighter',16044,77,944761536,5608,842,1812,588,521,465,122,121,44,187,278,333,100000000,0,0,92287,40,15,0.05),
('Wild Beast Fighter',16044,78,1148089335,5845,879,1791,589,549,468,126,125,44,187,278,333,100000000,0,0,92287,40,15,0.05),
('Wild Beast Fighter',16044,79,1386786292,5893,908,1851,592,537,471,130,129,44,187,278,333,100000000,0,0,92287,40,15,0.05),
('Wild Beast Fighter',16044,80,1664975622,6040,943,1871,594,545,474,134,133,44,187,278,333,100000000,0,0,92287,40,15,0.05),
('Wild Beast Fighter',16044,81,1998969732,6187,979,1892,596,553,477,138,137,44,187,278,333,100000000,0,0,92287,40,15,0.05),
('Wild Beast Fighter',16044,82,2379093816,6337,1016,1914,598,561,480,142,141,44,187,278,333,100000000,0,0,92287,40,15,0.05),
('Wild Beast Fighter',16044,83,2831502296,6492,1054,1936,600,570,483,146,145,44,187,278,333,100000000,0,0,92287,40,15,0.05),
('Wild Beast Fighter',16044,84,3340379889,6646,1093,1959,602,579,486,150,149,44,187,278,333,100000000,0,0,92287,40,15,0.05),
('Wild Beast Fighter',16044,85,3905839397,6805,1132,1983,604,588,489,154,153,44,187,278,333,100000000,0,0,92287,40,15,0.05),
('Wild Beast Fighter',16044,86,4567019890,6968,1173,2006,606,597,492,158,157,44,187,278,333,100000000,0,0,92287,40,15,0.05),
('White Weasel',16045,70,266966617,3856,1320,1381,866,468,444,92,93,44,187,278,333,100000000,0,0,92287,40,15,0.05),
('White Weasel',16045,71,311043873,3965,1416,1394,869,474,447,98,97,44,187,278,333,100000000,0,0,92287,40,15,0.05),
('White Weasel',16045,72,366944678,4075,1462,1409,871,382,450,102,101,44,187,278,333,100000000,0,0,92287,40,15,0.05),
('White Weasel',16045,73,436722878,4188,1523,1423,873,490,453,106,105,44,187,278,333,100000000,0,0,92287,40,15,0.05),
('White Weasel',16045,74,522505733,4303,1584,1437,875,497,456,110,109,44,187,278,333,100000000,0,0,92287,40,15,0.05),
('White Weasel',16045,75,626774887,4418,1650,1451,878,505,459,114,113,44,187,278,333,100000000,0,0,92287,40,15,0.05),
('White Weasel',16045,76,772136519,4536,1715,1467,880,512,462,118,117,44,187,278,333,100000000,0,0,92287,40,15,0.05),
('White Weasel',16045,77,944761536,4654,1782,1482,882,521,465,122,121,44,187,278,333,100000000,0,0,92287,40,15,0.05),
('White Weasel',16045,78,1148089335,4871,1856,1464,883,549,468,126,125,44,187,278,333,100000000,0,0,92287,40,15,0.05),
('White Weasel',16045,79,1386786292,4891,1923,1514,888,537,471,130,129,44,187,278,333,100000000,0,0,92287,40,15,0.05),
('White Weasel',16045,80,1664975622,5013,1996,1531,891,545,474,134,133,44,187,278,333,100000000,0,0,92287,40,15,0.05),
('White Weasel',16045,81,1998969732,5135,2073,1547,894,553,477,138,137,44,187,278,333,100000000,0,0,92287,40,15,0.05),
('White Weasel',16045,82,2379093816,5259,2150,1565,897,561,480,142,141,44,187,278,333,100000000,0,0,92287,40,15,0.05),
('White Weasel',16045,83,2831502296,5388,2230,1583,900,570,483,146,145,44,187,278,333,100000000,0,0,92287,40,15,0.05),
('White Weasel',16045,84,3340379889,5516,2313,1602,903,579,486,150,149,44,187,278,333,100000000,0,0,92287,40,15,0.05),
('White Weasel',16045,85,3905839397,5647,2396,1622,906,588,489,154,153,44,187,278,333,100000000,0,0,92287,40,15,0.05),
('White Weasel',16045,86,4567019890,5783,2483,1642,909,597,492,158,157,44,187,278,333,100000000,0,0,92287,40,15,0.05),
('Fairy Princess',16046,70,266966617,3477,1386,1075,961,468,444,92,93,44,187,278,333,100000000,0,0,92287,40,15,0.05),
('Fairy Princess',16046,71,311043873,3575,1487,1085,963,474,447,98,97,44,187,278,333,100000000,0,0,92287,40,15,0.05),
('Fairy Princess',16046,72,366944678,3674,1535,1097,966,382,450,102,101,44,187,278,333,100000000,0,0,92287,40,15,0.05),
('Fairy Princess',16046,73,436722878,3777,1599,1108,968,490,453,106,105,44,187,278,333,100000000,0,0,92287,40,15,0.05),
('Fairy Princess',16046,74,522505733,3880,1663,1119,971,497,456,110,109,44,187,278,333,100000000,0,0,92287,40,15,0.05),
('Fairy Princess',16046,75,626774887,3983,1733,1130,973,505,459,114,113,44,187,278,333,100000000,0,0,92287,40,15,0.05),
('Fairy Princess',16046,76,772136519,4090,1801,1142,976,512,462,118,117,44,187,278,333,100000000,0,0,92287,40,15,0.05),
('Fairy Princess',16046,77,944761536,4197,1872,1154,978,521,465,122,121,44,187,278,333,100000000,0,0,92287,40,15,0.05),
('Fairy Princess',16046,78,1148089335,4384,1954,1140,982,549,468,126,125,44,187,278,333,100000000,0,0,92287,40,15,0.05),
('Fairy Princess',16046,79,1386786292,4410,2020,1179,985,537,471,130,129,44,187,278,333,100000000,0,0,92287,40,15,0.05),
('Fairy Princess',16046,80,1664975622,4520,2097,1192,988,545,474,134,133,44,187,278,333,100000000,0,0,92287,40,15,0.05),
('Fairy Princess',16046,81,1998969732,4630,2177,1205,992,553,477,138,137,44,187,278,333,100000000,0,0,92287,40,15,0.05),
('Fairy Princess',16046,82,2379093816,4743,2258,1219,995,561,480,142,141,44,187,278,333,100000000,0,0,92287,40,15,0.05),
('Fairy Princess',16046,83,2831502296,4858,2343,1233,998,570,483,146,145,44,187,278,333,100000000,0,0,92287,40,15,0.05),
('Fairy Princess',16046,84,3340379889,4974,2429,1248,1002,579,486,150,149,44,187,278,333,100000000,0,0,92287,40,15,0.05),
('Fairy Princess',16046,85,3905839397,5092,2517,1263,1005,588,489,154,153,44,187,278,333,100000000,0,0,92287,40,15,0.05),
('Fairy Princess',16046,86,4567019890,5214,2608,1278,1008,597,492,158,157,44,187,278,333,100000000,0,0,92287,40,15,0.05);


/************ 增加/修正/刪除NPC ************/
UPDATE `npc` SET `type` = 'L2Adventurer' WHERE `id` in (32074); -- 修正古魯丁分會長的NPC類型
UPDATE `npc` SET `type` = 'L2SepulcherNpc' WHERE `id` in (31928); -- 修正侯爵禮拜堂守門人的NPC類型
UPDATE `npc` SET `level` = '55' WHERE `id` in (16030); -- 修正黑鬃狼的等級
UPDATE `npc` SET `type` = 'L2Doormen' WHERE `id` in (35440); -- 修正NPC ID:丹尼爾(根據地守門人)
UPDATE `spawnlist` SET `npc_templateid` = '35440' WHERE `id` ='33771'; -- 修正NPC ID:丹尼爾(根據地守門人)
UPDATE `raidboss_spawnlist` SET `loc_x` = '3776', `loc_y` = '-6768', `loc_z` = '-3253' WHERE `boss_id` =25527; -- 狩獵首領烏魯卡
Delete From `spawnlist` Where `npc_templateid` in (30880,30881,30882,30883,30884,30885,30886,30887,30888,30889,32353); -- 刪除不存在的NPC

-- 加入維他命管理者
Delete From spawnlist Where `npc_templateid` in (32478);
INSERT INTO `spawnlist` VALUES
('810001', '', '1', '32478', '47597', '49924', '-2995', '0', '0', '33231', '60', '0', '0'),
('810002', '', '1', '32478', '13432', '17255', '-4574', '0', '0', '46871', '60', '0', '0'),
('810003', '', '1', '32478', '115020', '-179727', '-879', '0', '0', '0', '60', '0', '0'),
('810004', '', '1', '32478', '-82374', '153659', '-3177', '0', '0', '16383', '60', '0', '0'),
('810005', '', '1', '32478', '-43721', '-113474', '-239', '0', '0', '32767', '60', '0', '0'),
('810006', '', '1', '32478', '-115213', '45057', '502', '0', '0', '32408', '60', '0', '0'),
('810007', '', '1', '32478', '-81926', '243372', '-3730', '0', '0', '38436', '60', '0', '0'),
('810008', '', '1', '32478', '-13236', '124615', '-3126', '0', '0', '49151', '60', '0', '0'),
('810009', '', '1', '32478', '20556', '144776', '-3080', '0', '0', '32767', '60', '0', '0'),
('810010', '', '1', '32478', '17735', '169802', '-3495', '0', '0', '19465', '60', '0', '0'),
('810011', '', '1', '32478', '82675', '146736', '-3466', '0', '0', '32767', '60', '0', '0'),
('810012', '', '1', '32478', '109951', '220614', '-3479', '0', '0', '16383', '60', '0', '0'),
('810013', '', '1', '32478', '55379', '220614', '-1527', '0', '0', '16383', '60', '0', '0'),
('810014', '', '1', '32478', '81782', '55399', '-1529', '0', '0', '16383', '60', '0', '0'),
('810015', '', '1', '32478', '115650', '76613', '-2668', '0', '0', '58618', '60', '0', '0'),
('810016', '', '1', '32478', '148411', '26581', '-2207', '0', '0', '16094', '60', '0', '0'),
('810017', '', '1', '32478', '43569', '-48972', '-796', '0', '0', '1843', '60', '0', '0'),
('810018', '', '1', '32478', '146141', '-57893', '-2983', '0', '0', '44315', '60', '0', '0'),
('810019', '', '1', '32478', '88934', '-140814', '-1539', '0', '0', '11547', '60', '0', '0');

-- 修正NPC位置
REPLACE INTO `spawnlist` VALUES
('33177', 'dion05_npc2021_02', '1', '30484', '17530', '113970', '-11672', '0', '0', '16384', '60', '0', '0'), -- 潘帝娜(克塔1樓守門人)
('33178', 'dion05_npc2021_03', '1', '30487', '17898', '113953', '-11672', '0', '0', '16384', '60', '0', '0'), -- 貝內(克塔1樓守門人)
('33472', 'oren16_npc2218_016', '1', '31605', '85692', '16400', '-2803', '0', '0', '38000', '60', '0', '0'), -- 金斯雷(象牙塔)
('33485', 'oren17_npc2219_009', '1', '30676', '81655', '54737', '-1509', '0', '0', '24576', '60', '0', '0'), -- 庫羅普(歐瑞倉庫)
('33594', 'innadril09_npc2324_23', '1', '31092', '114486', '217413', '-3631', '0', '0', '0', '60', '0', '0'), -- 財富的地下商人(水上都市海音斯)
('33613', 'aden17_npc2317_01', '1', '31675', '111186', '-13261', '-1702', '0', '0', '13828', '60', '0', '0'), -- 維克特 馮 德伊克(國境守備隊隊長)
('33614', 'aden17_npc2317_02', '1', '31679', '111532', '-17238', '-1702', '0', '0', '49586', '60', '0', '0'), -- 尤斯特斯 馮 伊森(邊境警備隊隊長)
('33628', 'aden17_npc2317_03', '1', '31677', '111532', '-13266', '-1704', '0', '0', '14508', '60', '0', '0'), -- 國境守備隊員
('33635', 'aden17_npc2317_03', '1', '31677', '111178', '-17234', '-1702', '0', '0', '46468', '60', '0', '0'), -- 國境守備隊員
('51230', 'godard02_npc2416_45', '1', '35366', '145715', '-57107', '-2980', '0', '0', '36487', '60', '0', '0'), -- 莊園管理員(高達特城鎮)
('51231', 'schuttgart', '1', '30767', '85792', '-142809', '-1341', '0', '0', '10508', '60', '0', '0'), -- 拍賣管理者(修加特城鎮)
('51232', 'schuttgart', '1', '35558', '89344', '-141591', '-1541', '0', '0', '64817', '60', '0', '0'); -- 莊園管理員(修加特城鎮)

-- 加入漏掉的NPC
INSERT INTO `spawnlist` VALUES
('820002', '', '1', '35644', '116178', '-181602', '-1365', '0', '0', '0', '60', '0', '0'), -- 莊園管理員(矮人村莊)
('820003', '', '1', '35645', '-44159', '-112229', '-239', '0', '0', '39768', '60', '0', '0'), -- 莊園管理員(半獸人村莊)
('820004', '', '1', '32327', '116934', '77257', '-2694', '0', '0', '40092', '60', '0', '0'), -- 冒險者助手(獵人村莊)
('820005', '', '1', '32327', '146351', '27386', '-2204', '0', '0', '58824', '60', '0', '0'), -- 冒險者助手(亞丁城鎮)
('820006', '', '1', '32321', '147271', '28647', '-2268', '0', '0', '53514', '60', '0', '0'), -- 道具仲介商(亞丁城鎮)
('820008', '', '1', '32327', '148123', '-57006', '-2783', '0', '0', '34065', '60', '0', '0'), -- 冒險者助手(高達特城鎮)
('820009', '', '1', '32071', '84432', '-144032', '-1538', '0', '0', '8764', '60', '0', '0'), -- 琳達(修加特城鎮)
('820010', '', '1', '31691', '86123', '-145764', '-1292', '0', '0', '0', '60', '0', '0'), -- 訓練用草人(修加特城鎮的戰士公會)
('820011', '', '1', '31691', '86123', '-145628', '-1295', '0', '0', '0', '60', '0', '0'), -- 訓練用草人(修加特城鎮的戰士公會)
('820012', '', '1', '31691', '86123', '-145492', '-1292', '0', '0', '0', '60', '0', '0'), -- 訓練用草人(修加特城鎮的戰士公會)
('820013', '', '1', '31691', '86123', '-145356', '-1292', '0', '0', '0', '60', '0', '0'), -- 訓練用草人(修加特城鎮的戰士公會)
('820014', '', '1', '31691', '86123', '-145220', '-1292', '0', '0', '0', '60', '0', '0'), -- 訓練用草人(修加特城鎮的戰士公會)
('820015', '', '1', '31691', '86315', '-145764', '-1292', '0', '0', '0', '60', '0', '0'), -- 訓練用草人(修加特城鎮的戰士公會)
('820016', '', '1', '31691', '86315', '-145628', '-1292', '0', '0', '0', '60', '0', '0'), -- 訓練用草人(修加特城鎮的戰士公會)
('820017', '', '1', '31691', '86315', '-145492', '-1295', '0', '0', '0', '60', '0', '0'), -- 訓練用草人(修加特城鎮的戰士公會)
('820018', '', '1', '31691', '86315', '-145356', '-1292', '0', '0', '0', '60', '0', '0'), -- 訓練用草人(修加特城鎮的戰士公會)
('820019', '', '1', '31691', '86315', '-145220', '-1292', '0', '0', '0', '60', '0', '0'), -- 訓練用草人(修加特城鎮的戰士公會)
('820020', '', '1', '32327', '43568', '-47602', '-796', '0', '0', '43240', '60', '0', '0'), -- 冒險者助手(魯因城鎮)
('820021', '', '1', '32484', '42668', '-47915', '-796', '0', '0', '52507', '60', '0', '0'), -- 開拓者幹員(魯因城鎮)
('820022', '', '1', '32271', '153570', '142067', '-9727', '0', '0', '0', '60', '0', '0'), -- 帕爾米
('820023', '', '1', '32469', '-111520', '41743', '2172', '0', '0', '30892', '60', '0', '0'), -- 艾特伯格 副長老(闇天使村莊)
('820024', '', '1', '32119', '23707', '-19108', '-2815', '0', '0', '37776', '60', '0', '0'), -- 烏魯 凱莫
('820025', '', '1', '32120', '27716', '-11685', '-2281', '0', '0', '31470', '60', '0', '0'), -- 巴魯 凱莫
('820026', '', '1', '32121', '18714', '-9635', '-2790', '0', '0', '54407', '60', '0', '0'); -- 裘太 凱莫

-- 加入高等城鎮的轉職貓
INSERT INTO `spawnlist` VALUES
('820027', '', '1', '31228', '147449', '25946', '-2012', '0', '0', '21221', '60', '0', '0'),
('820028', '', '1', '31228', '83509', '147962', '-3404', '0', '0', '20253', '60', '0', '0'),
('820029', '', '1', '31228', '82879', '53133', '-1495', '0', '0', '18940', '60', '0', '0'),
('820030', '', '1', '31228', '15740', '142896', '-2705', '0', '0', '19740', '60', '0', '0'),
('820031', '', '1', '31228', '111457', '219419', '-3545', '0', '0', '43515', '60', '0', '0'),
('820032', '', '1', '31228', '-12835', '122741', '-3116', '0', '0', '57344', '60', '0', '0'),
('820033', '', '1', '31228', '148006', '-55266', '-2734', '0', '0', '38727', '60', '0', '0'),
('820034', '', '1', '31228', '87006', '-143414', '-1292', '0', '0', '4363', '60', '0', '0'),
('820035', '', '1', '31228', '-80679', '149837', '-3070', '0', '0', '20834', '60', '0', '0'),
('820036', '', '1', '31228', '117170', '76807', '-2694', '0', '0', '32768', '60', '0', '0'),
('820037', '', '1', '31228', '43877', '-47676', '-823', '0', '0', '49152', '60', '0', '0'),
('820038', '', '1', '31228', '46989', '51487', '-2976', '0', '0', '42643', '60', '0', '0'),
('820039', '', '1', '31228', '-116776', '46545', '368', '0', '0', '40092', '60', '0', '0');

-- 加入暴龍
UPDATE `npc` SET `type` = 'L2Monster', `hp` = '306406', `mp` = '2338' WHERE `id` in (22215,22216,22217);
INSERT INTO `spawnlist` VALUES
('820040', '', '1', '22215', '24767', '-12441', '-2532', '0', '0', '15314', '86400', '0', '0'),
('820041', '', '1', '22215', '28263', '-17486', '-2539', '0', '0', '50052', '86400', '0', '0'),
('820042', '', '1', '22215', '18229', '-17975', '-3219', '0', '0', '65140', '86400', '0', '0'),
('820043', '', '1', '22216', '19897', '-9087', '-2781', '0', '0', '2686', '86400', '0', '0'),
('820044', '', '1', '22217', '22827', '-14698', '-3080', '0', '0', '53946', '86400', '0', '0');

-- 加入新的NPC (地下競技場助手/調查官 艾德勒/惡魔島的復活者/肯特拉獸人 咒術士/地下競技場的入場管理員/南瓜幽靈/底格里斯)
REPLACE INTO `npc` VALUES
('32491', '32491', 'Underground Coliseum Helper', '0', '', '0', 'LineageNPCs2.TP_battlezone_staff', '7.8', '17.29', '70', 'male', 'L2Teleporter', '40', '2444', '2444', '0', '0', '10', '10', '10', '10', '10', '10', '0', '0', '500', '500', '500', '500', '278', '0', '333', '0', '0', '0', '50', '100', '', '0', '0', '0', 'LAST_HIT', '0', '0', '0', 'balanced', 'false'),
('32497', '32497', 'Inspector Adler', '0', '', '1', 'NPC.a_mageguild_teacher_MElf', '7.00', '22.20', '70', 'male', 'L2Npc', '40', '3862', '1493', '0', '0', '10', '10', '10', '10', '10', '10', '0', '0', '1314', '470', '780', '382', '278', '0', '333', '0', '0', '0', '55', '132', '', '0', '0', '0', 'LAST_HIT', '0', '0', '0', 'balanced', 'false'),
('32498', '32498', 'Devil\'s Isle Survivor', '0', '', '0', 'LineageNPC.a_fighterguild_teacher_MHuman', '8', '23', '70', 'male', 'L2Npc', '40', '2444', '2444', '0', '0', '10', '10', '10', '10', '10', '10', '0', '0', '500', '500', '500', '500', '278', '0', '333', '0', '0', '0', '50', '120', '', '0', '0', '0', 'LAST_HIT', '0', '0', '0', 'balanced', 'false'),
('32499', '32499', 'Ketra Orc Shaman', '0', '', '0', 'LineageMonster.ketra_orc_shaman_20_bi', '30.00', '23.56', '70', 'male', 'L2Npc', '40', '2444', '2444', '0', '0', '10', '10', '10', '10', '10', '10', '0', '0', '500', '500', '500', '500', '253', '0', '253', '0', '0', '0', '80', '120', '', '0', '0', '0', 'LAST_HIT', '0', '0', '0', 'balanced', 'false'),
('32503', '32503', 'Entrance Manager', '0', '', '0', 'LineageNPC.e_smith_master_MDwarf', '8', '17', '1', 'male', 'L2Teleporter', '40', '2444', '2444', '0', '0', '10', '10', '10', '10', '10', '10', '0', '0', '500', '500', '500', '500', '253', '0', '253', '0', '0', '0', '80', '120', '', '0', '0', '0', 'LAST_HIT', '0', '0', '0', 'balanced', 'false'),
('32513', '32513', 'Kun', '0', '', '0', 'LineageNPCs2.TP_battlezone_staff', '7.8', '17.29', '70', 'male', 'L2Teleporter', '40', '2444', '2444', '0', '0', '10', '10', '10', '10', '10', '10', '0', '0', '500', '500', '500', '500', '278', '0', '333', '0', '0', '0', '50', '100', '', '0', '0', '0', 'LAST_HIT', '0', '0', '0', 'balanced', 'false'),
('32514', '32514', 'Tarion', '0', '', '0', 'LineageNPCs2.TP_battlezone_staff', '7.8', '17.29', '70', 'male', 'L2Teleporter', '40', '2444', '2444', '0', '0', '10', '10', '10', '10', '10', '10', '0', '0', '500', '500', '500', '500', '278', '0', '333', '0', '0', '0', '50', '100', '', '0', '0', '0', 'LAST_HIT', '0', '0', '0', 'balanced', 'false'),
('32515', '32515', 'Leo', '0', '', '0', 'LineageNPCs2.TP_battlezone_staff', '7.8', '17.29', '70', 'male', 'L2Teleporter', '40', '2444', '2444', '0', '0', '10', '10', '10', '10', '10', '10', '0', '0', '500', '500', '500', '500', '278', '0', '333', '0', '0', '0', '50', '100', '', '0', '0', '0', 'LAST_HIT', '0', '0', '0', 'balanced', 'false'),
('32516', '32516', 'Candice', '0', '', '0', 'LineageNPCs2.TP_battlezone_staff', '7.8', '17.29', '70', 'male', 'L2Teleporter', '40', '2444', '2444', '0', '0', '10', '10', '10', '10', '10', '10', '0', '0', '500', '500', '500', '500', '278', '0', '333', '0', '0', '0', '50', '100', '', '0', '0', '0', 'LAST_HIT', '0', '0', '0', 'balanced', 'false'),
('13135', '13135', 'Pumpkin Ghost', '0', '', '0', 'Npc2.Pumpkin_Head_man', '8.00', '25.00', '70', 'etc', 'L2Npc', '40', '3862', '1493', '11.85', '2.78', '40', '43', '30', '21', '20', '10', '0', '0', '1314', '470', '780', '382', '278', '0', '333', '0', '0', '0', '50', '120', 'NULL', '0', '1', '0', 'LAST_HIT', '0', '0', '0', 'balanced', 'false'),
('14916', '14916', 'Tigress', '0', '', '0', 'LineageMonster.saber_toothed_tiger_070p', '8.00', '20.00', '63', 'female', 'L2Monster', '40', '3862', '1722', '11.85', '2.78', '40', '43', '30', '21', '20', '25', '0', '0', '1335', '470', '780', '440', '282', '0', '333', '0', '0', '0', '88', '187', 'NULL', '0', '0', '0', 'LAST_HIT', '4', '4', '0', 'fighter', 'false'),
('14917', '14917', 'Tigress', '0', '', '0', 'LineageMonster.saber_toothed_tiger_070p', '8.00', '20.00', '67', 'female', 'L2Monster', '40', '3862', '1722', '11.85', '2.78', '40', '43', '30', '21', '20', '25', '0', '0', '1335', '470', '780', '440', '282', '0', '333', '0', '0', '0', '88', '187', 'NULL', '0', '0', '0', 'LAST_HIT', '4', '4', '0', 'fighter', 'false');

-- 加入地下競技場的入場管理員
Delete From `spawnlist` Where `npc_templateid` in (32377); -- 刪除地下競技場重複的入場管理員
INSERT INTO `spawnlist` VALUES
('830001', '', '1', '32491', '-82166', '-49176', '-10341', '0', '0', '31175', '60', '0', '0'),
('830002', '', '1', '32497', '-80571', '151295', '-3045', '0', '0', '20607', '60', '0', '0'),
('830003', '', '1', '32498', '85093', '147609', '-3404', '0', '0', '49151', '60', '0', '0'),
('830004', '', '1', '32499', '143477', '-58989', '-3470', '0', '0', '39607', '60', '0', '0'),
('830005', '', '1', '32503', '-70661', '-71066', '-1419', '0', '0', '49151', '60', '0', '0'),
('830006', '', '1', '32513', '-84640', '-45360', '-10728', '0', '0', '56156', '60', '0', '0'),
('830007', '', '1', '32514', '-77408', '-50656', '-10728', '0', '0', '29664', '60', '0', '0'),
('830008', '', '1', '32515', '-81904', '-53904', '-10728', '0', '0', '17044', '60', '0', '0'),
('830009', '', '1', '32516', '-86359', '-50593', '-10728', '0', '0', '3704', '60', '0', '0'),
('830010', '', '1', '32377', '-79117', '-45433', '-10731', '0', '0', '40959', '60', '0', '0');

-- 加入移動到柯雷塔的晶體/各等級的地下競技場外面
REPLACE INTO `teleport` VALUES
('Fantasy Isle -> Underground Coliseum', '12060', '-82271', '-49196', '-10352', '0', '0'),
('Fantasy Isle\'s -> Kratei Cube', '32378', '-70522', '-71026', '-1416', '0', '0'),
('Underground Coliseum -> Underground Coliseum LV40', '3249140', '-84451', '-45452', '-10728', '0', '0'),
('Underground Coliseum -> Underground Coliseum LV50', '3249150', '-86154', '-50429', '-10728', '0', '0'),
('Underground Coliseum -> Underground Coliseum LV60', '3249160', '-82009', '-53652', '-10728', '0', '0'),
('Underground Coliseum -> Underground Coliseum LV70', '3249170', '-77586', '-50503', '-10728', '0', '0'),
('Underground Coliseum -> Underground Coliseum LV00', '3249100', '-79309', '-45561', '-10728', '0', '0');

-- 加入黎明/黃昏的神諭處可觀看比賽
REPLACE INTO `npc` VALUES ('830000', '31031', 'Broadcasting Tower', '0', '', '0', 'NPC.broadcasting_tower', '7.00', '35.00', '70', 'etc', 'L2Observation', '40', '3862', '1493', '11.85', '2.78', '40', '43', '30', '21', '20', '10', '0', '0', '1314', '470', '780', '382', '278', '0', '333', '0', '0', '0', '55', '132', 'NULL', '0', '1', '0', 'LAST_HIT', '0', '0', '0', 'fighter', 'false');
UPDATE `spawnlist` SET `npc_templateid` = '830000' WHERE `id` in (48128,48129,48130,48131);


/************ 更新暗雲宅邸NPC ************/
REPLACE INTO `npc` VALUES
('18369', '18369', 'Chromatic Crystaline Golem', '0', '', '0', 'LineageMonster4.Crystal_Golem', '40.00', '47.00', '82', 'male', 'L2Monster', '40', '4663', '1633', '0.00', '0.00', '45', '45', '43', '42', '45', '43', '9308', '1016', '2224', '730', '1199', '950', '277', '500', '253', '0', '0', '0', '80', '120', 'CHROMATIC_GOLEM_CLAN', '700', '0', '0', 'LAST_HIT', '5', '5', '0', 'balanced', 'false'),
('18370', '18370', 'Chromatic Crystaline Golem', '0', '', '0', 'LineageMonster4.Crystal_Golem', '40.00', '47.00', '82', 'male', 'L2Monster', '40', '4664', '1445', '0.00', '0.00', '45', '41', '42', '43', '42', '45', '9308', '1016', '2001', '730', '1199', '950', '391', '500', '391', '0', '0', '0', '80', '120', 'CHROMATIC_GOLEM_CLAN', '700', '0', '0', 'LAST_HIT', '0', '5', '0', 'balanced', 'false'),
('18371', '18371', 'Beleth Sample', '0', '', '0', 'LineageMonster3.zombie_gateguard', '17.00', '30.50', '82', 'male', 'L2Monster', '40', '4663', '2444', '0.00', '0.00', '44', '44', '44', '55', '55', '55', '3848', '420', '2305', '665', '2305', '765', '320', '0', '320', '8217', '0', '0', '0', '120', '', '0', '1', '0', 'LAST_HIT', '0', '0', '0', 'balanced', 'false'),
('18372', '18372', 'Beleth Sample', '0', '', '0', 'LineageMonster3.zombie_laborer', '11.00', '24.60', '82', 'male', 'L2Monster', '40', '2332', '1436', '0.00', '0.00', '40', '41', '41', '20', '20', '20', '3848', '420', '2445', '990', '1880', '1120', '310', '100', '310', '8529', '0', '0', '0', '120', '', '0', '1', '0', 'LAST_HIT', '0', '0', '0', 'balanced', 'false'),
('18373', '18373', 'Beleth Sample', '0', '', '0', 'LineageMonster3.zombie_enlisted_man', '17.00', '22.30', '81', 'male', 'L2Monster', '40', '2332', '1637', '0.00', '0.00', '41', '41', '44', '40', '40', '40', '3848', '420', '2557', '766', '1264', '775', '330', '100', '330', '0', '0', '0', '0', '120', '', '0', '1', '0', 'LAST_HIT', '0', '0', '0', 'balanced', 'false'),
('18374', '18374', 'Beleth Sample', '0', '', '0', 'LineageMonster3.zombie_em_knight', '17.00', '22.30', '82', 'male', 'L2Monster', '40', '2332', '1637', '0.00', '0.00', '45', '45', '45', '40', '40', '40', '3848', '420', '2554', '745', '1225', '775', '391', '0', '391', '8219', '0', '0', '0', '127', '', '0', '1', '0', 'LAST_HIT', '100', '50', '30', 'balanced', 'false'),
('18375', '18375', 'Beleth Sample', '0', '', '0', 'LineageMonster.skeleton_royal_guard', '11.00', '28.50', '82', 'male', 'L2Monster', '40', '1554', '1225', '3.00', '3.00', '41', '31', '35', '40', '40', '40', '3848', '420', '2557', '756', '1225', '775', '333', '0', '333', '946', '945', '0', '0', '120', '', '0', '1', '0', 'LAST_HIT', '0', '0', '0', 'balanced', 'false'),
('18376', '18376', 'Beleth Sample', '0', '', '0', 'LineageMonster.vale_master', '16.00', '47.00', '82', 'male', 'L2Monster', '40', '2332', '2664', '0.00', '0.00', '55', '40', '55', '40', '40', '40', '3848', '420', '2554', '760', '1355', '825', '333', '0', '333', '205', '0', '0', '0', '120', '', '0', '1', '0', 'LAST_HIT', '0', '0', '0', 'balanced', 'false'),
('18377', '18377', 'Beleth Sample', '0', '', '0', 'LineageMonster.skeleton_knight', '10.00', '25.00', '82', 'male', 'L2Monster', '40', '2332', '2664', '0.00', '0.00', '40', '40', '40', '20', '20', '20', '3848', '420', '2554', '760', '1220', '825', '278', '0', '333', '150', '103', '0', '0', '120', '', '0', '1', '0', 'LAST_HIT', '0', '0', '0', 'balanced', 'false'),
('22264', '22264', 'Castalia', '0', '', '0', 'LineageMonster4.tears_d', '20.00', '28.00', '82', 'female', 'L2Monster', '40', '4663', '1934', '26.86', '3.09', '42', '45', '42', '25', '22', '24', '13088', '1431', '1912', '598', '1220', '485', '310', '200', '560', '9638', '9638', '0', '60', '180', 'water_clan', '400', '0', '0', 'LAST_HIT', '50', '50', '75', 'balanced', 'true'),
('22272', '22272', 'Beleth\'s Minion', '0', '', '0', 'LineageMonster.vale_master', '12.00', '40.00', '82', 'male', 'L2Monster', '40', '9327', '1442', '26.86', '3.09', '40', '43', '41', '21', '20', '10', '16529', '1727', '2554', '735', '1220', '865', '310', '0', '333', '0', '0', '0', '0', '192', 'BELETH_MINION_CLAN', '200', '1', '0', 'LAST_HIT', '0', '0', '0', 'fighter', 'false'),
('22273', '22273', 'Beleth\'s Minion', '0', '', '0', 'LineageMonster.silhouette', '8.00', '23.00', '82', 'male', 'L2Monster', '40', '9327', '1448', '26.86', '3.09', '51', '52', '54', '32', '31', '32', '15999', '1669', '1912', '650', '1880', '865', '372', '0', '333', '0', '0', '0', '88', '192', 'BELETH_MINION_CLAN', '200', '1', '0', 'LAST_HIT', '0', '0', '0', 'balanced', 'false'),
('22274', '22274', 'Beleth\'s Minion', '0', '', '0', 'LineageMonster.shadeless', '7.00', '28.00', '82', 'male', 'L2Monster', '40', '9327', '2662', '26.86', '3.09', '40', '43', '40', '21', '20', '20', '16318', '1705', '2557', '702', '1220', '765', '325', '0', '325', '0', '0', '0', '0', '192', 'BELETH_MINION_CLAN', '200', '1', '0', 'LAST_HIT', '0', '0', '0', 'fighter', 'false'),
('22402', '22402', 'Shadow Column', '0', '', '0', 'LineageNpcEV.dark_clouds_chessman', '60.00', '79.00', '82', 'male', 'L2Monster', '40', '2332', '1884', '67.15', '3.09', '65', '65', '65', '45', '45', '45', '4232', '465', '0', '735', '1220', '765', '355', '0', '355', '0', '0', '0', '0', '0', '', '0', '0', '0', 'LAST_HIT', '0', '0', '0', 'balanced', 'false');
REPLACE INTO `npcskills` VALUES
('18369', '4101', '10'),
('18369', '4303', '1'),
('18369', '4410', '15'),
('18369', '4411', '15'),
('18369', '4789', '5'),
('18370', '4101', '10'),
('18370', '4303', '1'),
('18370', '4410', '16'),
('18370', '4411', '15'),
('18370', '4477', '10'),
('18370', '4597', '10'),
('18370', '4789', '5'),
('18371', '4303', '1'),
('18371', '4413', '8'),
('18371', '4573', '8'),
('18371', '4670', '12'),
('18371', '5202', '8'),
('18372', '4077', '6'),
('18372', '4257', '6'),
('18372', '4303', '1'),
('18372', '4410', '16'),
('18372', '4411', '16'),
('18372', '4413', '9'),
('18373', '4247', '5'),
('18373', '4303', '1'),
('18373', '4410', '15'),
('18373', '4411', '14'),
('18373', '4413', '11'),
('18374', '4086', '1'),
('18374', '4244', '6'),
('18374', '4303', '1'),
('18374', '4410', '15'),
('18374', '4411', '17'),
('18374', '4413', '10'),
('18374', '4471', '1'),
('18375', '4085', '1'),
('18375', '4086', '1'),
('18375', '4088', '5'),
('18375', '4303', '1'),
('18375', '4410', '15'),
('18375', '4411', '15'),
('18375', '4413', '10'),
('18376', '4078', '5'),
('18376', '4094', '8'),
('18376', '4097', '10'),
('18376', '4099', '2'),
('18376', '4303', '1'),
('18376', '4410', '15'),
('18376', '4411', '15'),
('18376', '4413', '10'),
('18377', '4078', '7'),
('18377', '4101', '8'),
('18377', '4303', '1'),
('18377', '4410', '12'),
('22264', '4257', '10'),
('22264', '4410', '14'),
('22264', '4411', '15'),
('22264', '4419', '5'),
('22264', '4789', '8'),
('22272', '4304', '1'),
('22272', '4410', '15'),
('22273', '4152', '10'),
('22273', '4303', '1'),
('22273', '4411', '21'),
('22274', '4303', '1'),
('22274', '4410', '15'),
('22402', '4303', '1'),
('22402', '5225', '1');


/************ 增加寵物/使魔的技能(攻城高崙/鬃狼/座狼/座龍/聖恩獸) ************/
REPLACE INTO `npcskills` VALUES
(14738,4079,1),
(14739,4079,1),
(14740,4079,1),
(14741,4079,1),
(14742,4079,1),
(14743,4079,1),
(14744,4079,1),
(14745,4079,1),
(14746,4079,1),
(14747,4079,1),
(14748,4079,1),
(14749,4079,1),
(14750,4079,1),
(14751,4079,1),
(14752,4079,1),
(14753,4079,1),
(14754,4079,1),
(14755,4079,1),
(14756,4079,1),
(14757,4079,1),
(14758,4079,1),
(14759,4079,1),
(14760,4079,1),
(14761,4079,1),
(14762,4079,1),
(14763,4079,1),
(14764,4079,1),
(14765,4079,1),
(14766,4079,1),
(14767,4079,1),
(14870,5580,1),
(14870,5581,1),
(14870,5582,1),
(14870,5583,1),
(16025,5442,1),
(16037,5442,2),
(16041,5442,3),
(16042,5442,4),
(16025,5443,1),
(16037,5443,2),
(16041,5443,3),
(16042,5443,4),
(16025,5444,1),
(16037,5444,1),
(16041,5444,2),
(16042,5444,2),
(16025,5445,1),
(16037,5445,1),
(16041,5445,1),
(16042,5445,1),
(16037,5584,1),
(16042,5584,1),
(16038,5585,1),
(16039,5585,1);


/************ 修正BOSS ************/
REPLACE INTO `npcskills` VALUES (29028,4679,1);
REPLACE INTO `npcskills` VALUES (29028,4680,1);
UPDATE `npc` SET `aggro` = 800 WHERE `id` IN (29019,29028);
UPDATE `npc` SET `aggro` = 500 WHERE `id` IN (29020,29021,29022,29069,29070);
UPDATE `npc` SET `hp` = '13090000', `mp` = '39960' WHERE `id` IN (29019);
UPDATE `npc` SET `hp` = '3698520', `mp` = '39960' WHERE `id` IN (29020);
UPDATE `npc` SET `hp` = '16660000', `mp` = '39960' WHERE `id` IN (29028);
UPDATE `npc` SET `mp` = '3793' WHERE `id` IN (29006,29014);
UPDATE `npc` SET `level` = '78' WHERE `id` IN (29070);
UPDATE `grandboss_data` SET `loc_x` = '-21610', `loc_y` = '181594', `loc_z` = '-5734', `heading` = '0', `currentHP` = '229898', `currentMP` = '667' WHERE `boss_id` = '29001' AND `status` = '0';
UPDATE `grandboss_data` SET `loc_x` = '17726', `loc_y` = '108915', `loc_z` = '-6480', `heading` = '0', `currentHP` = '622493', `currentMP` = '3793' WHERE `boss_id` = '29006' AND `status` = '0';
UPDATE `grandboss_data` SET `loc_x` = '43728', `loc_y` = '17220', `loc_z` = '-4342', `heading` = '10126', `currentHP` = '622493', `currentMP` = '3793' WHERE `boss_id` = '29014' AND `status` = '0';
UPDATE `grandboss_data` SET `loc_x` = '-105820', `loc_y` = '-237310', `loc_z` = '-15529', `heading` = '32542', `currentHP` = '13090000', `currentMP` = '39960' WHERE `boss_id` = '29019' AND `status` = '0';
UPDATE `grandboss_data` SET `loc_x` = '116067', `loc_y` = '17484', `loc_z` = '10110', `heading` = '41740', `currentHP` = '3698520', `currentMP` = '39960' WHERE `boss_id` = '29020' AND `status` = '0';
UPDATE `grandboss_data` SET `loc_x` = '55312', `loc_y` = '219168', `loc_z` = '-3223', `heading` = '0', `currentHP` = '858518', `currentMP` = '1975' WHERE `boss_id` = '29022' AND `status` = '0';
UPDATE `grandboss_data` SET `loc_x` = '-105200', `loc_y` = '-253104', `loc_z` = '-15264', `heading` = '833', `currentHP` = '16660000', `currentMP` = '39960' WHERE `boss_id` = '29028' AND `status` = '0';


/************ 修正技能 ************/
REPLACE INTO `skill_trees` VALUES ('23', '137', '4', 'Critical Chance', '150000', '58');


/************ 其他修正 ************/
-- 修正奇岩港口的傳送價格
UPDATE `teleport` SET `price` = '5200' WHERE `id` in (63);
UPDATE `teleport` SET `price` = '7100' WHERE `id` in (107);

-- 修正獵捕石的道具類型
UPDATE `etcitem` SET `item_type` = 'none' WHERE `item_id` in (8764);

-- 修正武卷的價格
UPDATE `etcitem` SET `price` = '1550000' WHERE `item_id` ='729';
UPDATE `etcitem` SET `price` = '2250000' WHERE `item_id` ='959';
UPDATE `etcitem` SET `price` = '2700000' WHERE `item_id` ='6569';
UPDATE `etcitem` SET `price` = '5000000' WHERE `item_id` ='6577';

-- 修正首領重生時，HP/MP全滿(感謝 wolo 提供)
Update `npc`, `raidboss_spawnlist` SET `raidboss_spawnlist`.`heading`=0, `raidboss_spawnlist`.`currentHp`=`npc`.`hp`,`raidboss_spawnlist`.`currentMp`=`npc`.`mp` WHERE `npc`.`type`='L2RaidBoss' AND `npc`.`id`=`raidboss_spawnlist`.`boss_id`;

-- 修正寵物 --
REPLACE INTO `pets_stats` VALUES
('great_wolf',16025,56,33396358,1384,597,107,66,70,42,95,89,40,187,278,333,4740,39,7,54510,2,1,0.1);
