/************ Made in Taiwan ************/

/************ 修正32007加爾巴-釣魚會員 ************/
Delete From spawnlist Where `id` > 820000 and `id` < 850000;
INSERT INTO `spawnlist` VALUES ('820001', '', '1', '32007', '140967', '-123600', '-1905', '0', '0', '11829', '60', '0', '0');
UPDATE `npc` SET `type` = 'L2Fisherman' WHERE `id` in (32007);
UPDATE `npc` SET `rhand` = '7560' WHERE `id` in (32007);
REPLACE INTO `merchant_shopids` VALUES (3200700,'32007');
Delete From merchant_buylists Where shop_id in (3200700);
INSERT INTO `merchant_buylists` (`item_id`,`price`,`shop_id`,`order`) VALUES
(7807,-1,3200700,0),
(7808,-1,3200700,1),
(7809,-1,3200700,2),
(6520,-1,3200700,3),
(6523,-1,3200700,4),
(6526,-1,3200700,5),
(8506,-1,3200700,6),
(8509,-1,3200700,7),
(8512,-1,3200700,8),
(8484,-1,3200700,9),
(8485,-1,3200700,10),
(8486,-1,3200700,11),
(6529,-1,3200700,12),
(6530,-1,3200700,13),
(6531,-1,3200700,14),
(6532,-1,3200700,15),
(6533,-1,3200700,16),
(6534,-1,3200700,17),
(7561,-1,3200700,18),
(8193,-1,3200700,19),
(8194,-1,3200700,20),
(8195,-1,3200700,21),
(8196,-1,3200700,22),
(8197,-1,3200700,23),
(8198,-1,3200700,24),
(8199,-1,3200700,25),
(8200,-1,3200700,26),
(8202,-1,3200700,27);


/************ 修正赤紅座龍 ************/
REPLACE INTO `npc` VALUES ('16038', '16038', 'Red Wind Strider', '0', '', '0', 'Monster.strider', '23.00', '31.00', '70', 'male', 'L2Pet', '40', '2444', '2444', '0.00', '0.00', '10', '10', '10', '10', '10', '10', '0', '0', '500', '500', '500', '500', '253', '0', '253', '0', '0', '0', '80', '120', '', '0', '0', '0', 'LAST_HIT', '0', '0', '0', 'balanced', "false");
REPLACE INTO `npc` VALUES ('16039', '16039', 'Red Star Strider', '0', '', '0', 'Monster.strider', '23.00', '31.00', '70', 'male', 'L2Pet', '40', '2444', '2444', '0.00', '0.00', '10', '10', '10', '10', '10', '10', '0', '0', '500', '500', '500', '500', '253', '0', '253', '0', '0', '0', '80', '120', '', '0', '0', '0', 'LAST_HIT', '0', '0', '0', 'balanced', "false");
REPLACE INTO `npc` VALUES ('16040', '16040', 'Red Twilight Strider', '0', '', '0', 'Monster.strider', '23.00', '31.00', '70', 'male', 'L2Pet', '40', '2444', '2444', '0.00', '0.00', '10', '10', '10', '10', '10', '10', '0', '0', '500', '500', '500', '500', '253', '0', '253', '0', '0', '0', '80', '120', '', '0', '0', '0', 'LAST_HIT', '0', '0', '0', 'balanced', "false");


/************ 增加貓熊手鐲 ************/
REPLACE INTO `armor` VALUES
(20063,'Agathion Seal Bracelet - Baby Panda','lbracelet','false','none',150, 'wood','none',0,-1,-1,0,0,0,0,0,'false','false','true','false','0-0;'),
(20064,'Agathion Seal Bracelet - Bamboo Panda','lbracelet','false','none',150, 'wood','none',0,-1,-1,0,0,0,0,0,'false','false','true','false','0-0;'),
(20065,'Agathion Seal Bracelet - Sexy Panda','lbracelet','false','none',150, 'wood','none',0,-1,-1,0,0,0,0,0,'false','false','true','false','0-0;'),
(20066,'Agathion Seal Bracelet - Baby Panda','lbracelet','false','none',150, 'wood','none',0,-1,1,-0,0,0,0,0,'false','false','true','false','0-0;'),
(20067,'Agathion Seal Bracelet - Bamboo Panda','lbracelet','false','none',150, 'wood','none',0,-1,-1,0,0,0,0,0,'false','false','true','false','0-0;'),
(20068,'Agathion Seal Bracelet - Sexy Panda','lbracelet','false','none',150, 'wood','none',0,-1,-1,0,0,0,0,0,'false','false','true','false','0-0;');


/************ 修正要塞/小天使/小惡魔/魯道夫/媽祖/普萊皮塔/貓熊/愛心壺精/淡紫鬃馬騎乘的手鐲 ************/
UPDATE `armor` SET `skill` = '3361-1;3267-1;5458-1;' WHERE `item_id` in (9909);
UPDATE `armor` SET `skill` = '3361-1;3267-1;5458-1;' WHERE `item_id` in (10018);
UPDATE `armor` SET `skill` = '3269-1;3267-1;5414-1;' WHERE `item_id` in (10139);
UPDATE `armor` SET `skill` = '3423-1;3267-1;5535-1;' WHERE `item_id` in (10320);
UPDATE `armor` SET `skill` = '3424-1;3267-1;5536-1;' WHERE `item_id` in (10326);
UPDATE `armor` SET `skill` = '3425-1;3267-1;5537-1;' WHERE `item_id` in (10606);
UPDATE `armor` SET `skill` = '3423-1;3267-1;5535-1;' WHERE `item_id` in (12779);
UPDATE `armor` SET `skill` = '3424-1;3267-1;5536-1;' WHERE `item_id` in (12780);
UPDATE `armor` SET `skill` = '8247-1;' WHERE `item_id` in (13022,13308,20030);
UPDATE `armor` SET `skill` = '8245-1;3267-1;' WHERE `item_id` in (13023,13254,13309,13340);
UPDATE `armor` SET `skill` = '21000-1;3267-1;23000-1;' WHERE `item_id` in (20006);
UPDATE `armor` SET `skill` = '21001-1;3267-1;23001-1;' WHERE `item_id` in (20007);
UPDATE `armor` SET `skill` = '21002-1;3267-1;23002-1;' WHERE `item_id` in (20008);
UPDATE `armor` SET `skill` = '21003-1;3267-1;23003-1;' WHERE `item_id` in (20012);
UPDATE `armor` SET `skill` = '21008-1;3267-1;23010-1' WHERE `item_id` in (20063);
UPDATE `armor` SET `skill` = '21009-1;3267-1;23011-1' WHERE `item_id` in (20064);
UPDATE `armor` SET `skill` = '21010-1;3267-1;23012-1' WHERE `item_id` in (20065);


/************ 加入邱比特/招財貓/獨眼蝙蝠群/飛馬/土地公的壺精手鐲 ************/
REPLACE INTO `armor` VALUES
(20204,'Ring of Queen Ant','rfinger,lfinger','true','none',150,'gold','b',0,-1,-1,0,48,21,616000,82,'false','false','true','false','3562-1'),
(20205,'Ring of Queen Ant','rfinger,lfinger','true','none',150,'gold','b',0,-1,-1,0,48,21,616000,82,'false','false','true','false','3562-1'),
(20206,'Ring of Queen Ant','rfinger,lfinger','true','none',150,'gold','b',0,-1,-1,0,48,21,616000,82,'false','false','true','false','3562-1'),
(20207,'Zaken\'s Earring','rear,lear','true','none',150,'gold','s',0,-1,-1,0,71,31,2590000,124,'false','false','true','false','3559-1'),
(20208,'Zaken\'s Earring','rear,lear','true','none',150,'gold','s',0,-1,-1,0,71,31,2590000,124,'false','false','true','false','3559-1'),
(20209,'Zaken\'s Earring','rear,lear','true','none',150,'gold','s',0,-1,-1,0,71,31,2590000,124,'false','false','true','false','3559-1'),
(20212,'Agathion Seal Bracelet - Charming Cupid','lbracelet','false','none',150, 'wood','none',0,-1,-1,0,0,0,0,0,'false','false','true','false','21031-1;3267-1;23025-1;'),
(20213,'Agathion Seal Bracelet - Naughty Cupid','lbracelet','false','none',150, 'wood','none',0,-1,-1,0,0,0,0,0,'false','false','true','false','21032-1;3267-1;23026-1;'),
(20221,'Agathion Seal Bracelet - White Maneki Neko','lbracelet','false','none',150, 'wood','none',0,-1,-1,0,0,0,0,0,'false','false','true','false','21033-1;3267-1;23027-1;23046-1;'),
(20222,'Agathion Seal Bracelet - Black Maneki Neko','lbracelet','false','none',150, 'wood','none',0,-1,-1,0,0,0,0,0,'false','false','true','false','21034-1;3267-1;23028-1;23047-1;'),
(20223,'Agathion Seal Bracelet - Brown Maneki Neko','lbracelet','false','none',150, 'wood','none',0,-1,-1,0,0,0,0,0,'false','false','true','false','21035-1;3267-1;23029-1;23048-1;'),
(20224,'Agathion Seal Bracelet - White Maneki Neko','lbracelet','false','none',150, 'wood','none',0,-1,-1,0,0,0,0,0,'false','false','true','false','21033-1;3267-1;23027-1;23046-1;23030-1;'),
(20225,'Agathion Seal Bracelet - Black Maneki Neko','lbracelet','false','none',150, 'wood','none',0,-1,-1,0,0,0,0,0,'false','false','true','false','21034-1;3267-1;23028-1;23047-1;23031-1;'),
(20230,'Agathion Seal Bracelet - One-Eyed Bat Drove','lbracelet','false','none',150, 'wood','none',0,-1,-1,0,0,0,0,0,'false','false','true','false','21036-1;3267-1;23033-1;;'),
(20231,'Agathion Seal Bracelet - One-Eyed Bat Drove','lbracelet','false','none',150, 'wood','none',0,-1,-1,0,0,0,0,0,'false','false','true','false','21036-1;3267-1;23033-1;23034-1;'),
(20236,'Agathion Seal Bracelet - Pegasus','lbracelet','false','none',150, 'wood','none',0,-1,-1,0,0,0,0,0,'false','false','true','false','21037-1;3267-1;23036-1;'),
(20237,'Agathion Seal Bracelet - Pegasus','lbracelet','false','none',150, 'wood','none',0,-1,-1,0,0,0,0,0,'false','false','true','false','21037-1;3267-1;23036-1;23037-1;'),
(20238,'Agathion Seal Bracelet - Pegasus','lbracelet','false','none',150, 'wood','none',0,-1,-1,0,0,0,0,0,'false','false','true','false','21037-1;3267-1;23036-1;23038-1;'),
(20245,'Agathion Seal Bracelet - Yellow-Robed Tojigong','lbracelet','false','none',150, 'wood','none',0,-1,-1,0,0,0,0,0,'false','false','true','false','21038-1;3267-1;23039-1;'),
(20246,'Agathion Seal Bracelet - Blue-Robed Tojigong','lbracelet','false','none',150, 'wood','none',0,-1,-1,0,0,0,0,0,'false','false','true','false','21039-1;3267-1;23040-1;'),
(20247,'Agathion Seal Bracelet - Green-Robed Tojigong','lbracelet','false','none',150, 'wood','none',0,-1,-1,0,0,0,0,0,'false','false','true','false','21040-1;3267-1;23041-1;'),
(20248,'Agathion Seal Bracelet - Yellow-Robed Tojigong','lbracelet','false','none',150, 'wood','none',0,-1,-1,0,0,0,0,0,'false','false','true','false','21038-1;3267-1;23039-1;23042-1;'),
(20249,'Agathion Seal Bracelet - Blue-Robed Tojigong','lbracelet','false','none',150, 'wood','none',0,-1,-1,0,0,0,0,0,'false','false','true','false','21039-1;3267-1;23040-1;23043-1;'),
(20250,'Agathion Seal Bracelet - Green-Robed Tojigong','lbracelet','false','none',150, 'wood','none',0,-1,-1,0,0,0,0,0,'false','false','true','false','21040-1;3267-1;23041-1;23044-1;'),
(20252,'Agathion Seal Bracelet - Bugbear','lbracelet','false','none',150, 'wood','none',0,-1,-1,0,0,0,0,0,'false','false','true','false','21041-1;3267-1;23045-1;'),
(20253,'Agathion of Love (Event)','lbracelet','false','none',150, 'wood','none',0,-1,-1,0,0,0,0,0,'false','false','true','false','8245-1;3267-1;');


/************ 增加頭飾的附加技能(祝福復活/祝福返回/大頭/煙火) ************/
UPDATE `armor` SET `skill` = '3263-1;' WHERE `item_id` in (9177,9178,9179,9180,9181,9182,9183,10621,10625,10629);
UPDATE `armor` SET `skill` = '3264-1;' WHERE `item_id` in (9184,9185,9186,9187,9188,9189,9190,10620,10624,10628);
UPDATE `armor` SET `skill` = '3265-1;' WHERE `item_id` in (9191,9192,9193,9194,9195,9196,9197,10623,10627,10631);
UPDATE `armor` SET `skill` = '3266-1;' WHERE `item_id` in (9198,9199,9200,9201,9202,9203,9204,9890,9891,9892,9893,9894,9895,9896,10622,10626,10630);
UPDATE `armor` SET `skill` = '21005-3;' WHERE `item_id` in (20016);
UPDATE `armor` SET `skill` = '21006-1;21007-1;' WHERE `item_id` in (20018);
UPDATE `armor` SET `skill` = '21004-1;' WHERE `item_id` in (20019);


/************ 增加壺精的附加技能(祝福復活/祝福返回/大頭/煙火) ************/
ALTER TABLE `items` CHANGE `mana_left` `mana_left` decimal(10,0) NOT NULL default -1;
UPDATE `armor` SET `skill` = '3423-1;3267-1;5538-1;' WHERE `item_id` in (10316);
UPDATE `armor` SET `skill` = '3423-1;3267-1;5539-1;' WHERE `item_id` in (10317);
UPDATE `armor` SET `skill` = '3423-1;3267-1;5540-1;' WHERE `item_id` in (10318);
UPDATE `armor` SET `skill` = '3423-1;3267-1;5541-1;' WHERE `item_id` in (10319);
UPDATE `armor` SET `skill` = '3424-1;3267-1;5542-1;' WHERE `item_id` in (10322);
UPDATE `armor` SET `skill` = '3424-1;3267-1;5543-1;' WHERE `item_id` in (10323);
UPDATE `armor` SET `skill` = '3424-1;3267-1;5544-1;' WHERE `item_id` in (10324);
UPDATE `armor` SET `skill` = '3424-1;3267-1;5545-1;' WHERE `item_id` in (10325);
UPDATE `armor` SET `skill` = '21000-1;3267-1;23000-1;23004-1;' WHERE `item_id` in (20009);
UPDATE `armor` SET `skill` = '21001-1;3267-1;23001-1;23005-1;' WHERE `item_id` in (20010);
UPDATE `armor` SET `skill` = '21002-1;3267-1;23002-1;23006-1;' WHERE `item_id` in (20011);
UPDATE `armor` SET `skill` = '21003-1;3267-1;23003-1;23007-1;' WHERE `item_id` in (20013);
UPDATE `armor` SET `skill` = '21003-1;3267-1;23003-1;23009-1;' WHERE `item_id` in (20014);
UPDATE `armor` SET `skill` = '21003-1;3267-1;23003-1;23008-1;' WHERE `item_id` in (20015);
UPDATE `armor` SET `skill` = '21008-1;3267-1;23010-1;23013-1;' WHERE `item_id` in (20066);
UPDATE `armor` SET `skill` = '21008-1;3267-1;23011-1;23014-1;' WHERE `item_id` in (20067);
UPDATE `armor` SET `skill` = '21010-1;3267-1;23012-1;23015-1;' WHERE `item_id` in (20068);


/************ 增加道具的變身技能 ************/
UPDATE `armor` SET `skill` = '3335-1;' WHERE `item_id` in (10141); -- 雪人變身
UPDATE `armor` SET `skill` = '3336-1;' WHERE `item_id` in (10142); -- 野牛變身
UPDATE `weapon` SET `skill` = '3418-1;' WHERE `item_id` in (10167); -- 豬豬塔糖
UPDATE `weapon` SET `skill` = '8244-1;' WHERE `item_id` in (12814); -- 守門人變身魔杖
UPDATE `weapon` SET `skill` = '8246-1;' WHERE `item_id` in (12800,13253,13324,13339); -- 南瓜變身魔杖
REPLACE INTO armorsets VALUES ('200', '9670', '9671', '9669', '0', '0', '3359', '1', '0', '0', '0'); -- 土著全套


/************ 增加爆炸頭金色/粉紅色 ************/
REPLACE INTO `armor` VALUES
(20275,'Gold Afro','dhair','false','none',10,'wood','none',0,-1,-1,0,0,0,0,0,'true','true','true','true','0-0;'),
(20276,'Pink Afro','dhair','false','none',10,'wood','none',0,-1,-1,0,0,0,0,0,'true','true','true','true','0-0;');


/************ 增加狩獵幫手 ************/
UPDATE `etcitem` SET `duration` = '300' WHERE `item_id` IN (13017,13018,13019,13020); -- 使用期限目前無效果
REPLACE INTO `npc` VALUES ('16043', '16043', 'Fox Shaman', '0', '', '0', 'LineageMonster4.foxian_wizard_pet', '10', '19', '70', 'male', 'L2Pet', '40', '2444', '2444', '0.00', '0.00', '40', '43', '30', '21', '20', '25', '0', '0', '500', '500', '500', '500', '253', '0', '253', '0', '0', '0', '80', '120', 'NULL', '0', '0', '0', 'LAST_HIT', '0', '0', '0', 'fighter', 'false');
REPLACE INTO `npc` VALUES ('16044', '16044', 'Wild Beast Fighter', '0', '', '0', 'LineageMonster4.beast_fighter_pet', '10', '17', '70', 'male', 'L2Pet', '40', '2444', '2444', '0.00', '0.00', '40', '43', '30', '21', '20', '25', '0', '0', '500', '500', '500', '500', '253', '0', '253', '0', '0', '0', '80', '120', 'NULL', '0', '0', '0', 'LAST_HIT', '0', '0', '0', 'fighter', 'false');
REPLACE INTO `npc` VALUES ('16045', '16045', 'White Weasel', '0', '', '0', 'LineageMonster4.ferret_pet', '10', '13', '70', 'male', 'L2Pet', '40', '2444', '2444', '0.00', '0.00', '40', '43', '30', '21', '20', '25', '0', '0', '500', '500', '500', '500', '253', '0', '253', '0', '0', '0', '80', '120', 'NULL', '0', '0', '0', 'LAST_HIT', '0', '0', '0', 'fighter', 'false');
REPLACE INTO `npc` VALUES ('16046', '16046', 'Fairy Princess', '0', '', '0', 'LineageMonster4.fairy_princess_pet', '10', '18', '70', 'male', 'L2Pet', '40', '2444', '2444', '0.00', '0.00', '40', '43', '30', '21', '20', '25', '0', '0', '500', '500', '500', '500', '253', '0', '253', '0', '0', '0', '80', '120', 'NULL', '0', '0', '0', 'LAST_HIT', '0', '0', '0', 'fighter', 'false');
REPLACE INTO `pets_skills` VALUES
(16044,1,5745,1),
(16044,72,5745,2),
(16044,74,5745,3),
(16044,76,5745,4),
(16044,78,5745,5),
(16044,79,5745,6),
(16044,80,5745,7),
(16044,81,5745,8),
(16044,82,5745,9),
(16044,83,5745,10),
(16044,84,5745,11),
(16044,85,5745,12),
(16045,1,5745,1),
(16045,72,5745,2),
(16045,74,5745,3),
(16045,76,5745,4),
(16045,78,5745,5),
(16045,79,5745,6),
(16045,80,5745,7),
(16045,81,5745,8),
(16045,82,5745,9),
(16045,83,5745,10),
(16045,84,5745,11),
(16045,85,5745,12),
(16044,1,5746,1),
(16044,72,5746,2),
(16044,74,5746,3),
(16044,76,5746,4),
(16044,78,5746,5),
(16044,79,5746,6),
(16044,80,5746,7),
(16044,81,5746,8),
(16044,82,5746,9),
(16044,83,5746,10),
(16044,84,5746,11),
(16044,85,5746,12),
(16044,1,5747,1),
(16044,72,5747,2),
(16044,74,5747,3),
(16044,76,5747,4),
(16044,78,5747,5),
(16044,79,5747,6),
(16044,80,5747,7),
(16044,81,5747,8),
(16044,82,5747,9),
(16044,83,5747,10),
(16044,84,5747,11),
(16044,85,5747,12),
(16044,1,5748,1),
(16044,72,5748,2),
(16044,74,5748,3),
(16044,76,5748,4),
(16044,78,5748,5),
(16044,79,5748,6),
(16044,80,5748,7),
(16044,81,5748,8),
(16044,82,5748,9),
(16044,83,5748,10),
(16044,84,5748,11),
(16044,85,5748,12),
(16043,1,5749,1),
(16043,72,5749,2),
(16043,74,5749,3),
(16043,76,5749,4),
(16043,78,5749,5),
(16043,79,5749,6),
(16043,80,5749,7),
(16043,81,5749,8),
(16043,82,5749,9),
(16043,83,5749,10),
(16043,84,5749,11),
(16043,85,5749,12),
(16043,1,5750,1),
(16043,72,5750,2),
(16043,74,5750,3),
(16043,76,5750,4),
(16043,78,5750,5),
(16043,79,5750,6),
(16043,80,5750,7),
(16043,81,5750,8),
(16043,82,5750,9),
(16043,83,5750,10),
(16043,84,5750,11),
(16043,85,5750,12),
(16043,1,5751,1),
(16043,72,5751,2),
(16043,74,5751,3),
(16043,76,5751,4),
(16043,78,5751,5),
(16043,79,5751,6),
(16043,80,5751,7),
(16043,81,5751,8),
(16043,82,5751,9),
(16043,83,5751,10),
(16043,84,5751,11),
(16043,85,5751,12),
(16043,1,5752,1),
(16043,72,5752,2),
(16043,74,5752,3),
(16043,76,5752,4),
(16043,78,5752,5),
(16043,79,5752,6),
(16043,80,5752,7),
(16043,81,5752,8),
(16043,82,5752,9),
(16043,83,5752,10),
(16043,84,5752,11),
(16043,85,5752,12),
(16046,1,5752,1),
(16046,72,5752,2),
(16046,74,5752,3),
(16046,76,5752,4),
(16046,78,5752,5),
(16046,79,5752,6),
(16046,80,5752,7),
(16046,81,5752,8),
(16046,82,5752,9),
(16046,83,5752,10),
(16046,84,5752,11),
(16046,85,5752,12),
(16043,1,5753,1),
(16044,1,5753,1),
(16045,1,5753,1),
(16046,1,5753,1),
(16045,1,5771,1),
(16046,1,5771,1),
(16034,1,5771,1),
(16035,1,5771,1),
(16036,1,5771,1),
(14916,1,5761,1),
(14916,70,5761,1),
(14917,1,5761,1),
(14917,70,5761,1);
REPLACE INTO `pets_stats` VALUES
('Fox Shaman',16043,70,266966617,3161,1039,1075,502,1155,444,110,100,44,187,278,333,100000000,0,0,92287,40,15,0.05),
('Fox Shaman',16043,71,311043873,3250,1115,1085,509,1158,447,112,102,44,187,278,333,100000000,0,0,92287,40,15,0.05),
('Fox Shaman',16043,72,366944678,3340,1151,1097,517,1161,450,114,105,44,187,278,333,100000000,0,0,92287,40,15,0.05),
('Fox Shaman',16043,73,436722878,3433,1199,1108,526,1164,453,116,108,44,187,278,333,100000000,0,0,92287,40,15,0.05),
('Fox Shaman',16043,74,522505733,3527,1247,1119,534,1167,456,118,110,44,187,278,333,100000000,0,0,92287,40,15,0.05),
('Fox Shaman',16043,75,626774887,3621,1299,1130,542,1170,459,120,113,44,187,278,333,100000000,0,0,92287,40,15,0.05),
('Fox Shaman',16043,76,772136519,3718,1350,1142,550,1173,462,122,116,44,187,278,333,100000000,0,0,92287,40,15,0.05),
('Fox Shaman',16043,77,944761536,3815,1403,1154,559,1176,465,124,119,44,187,278,333,100000000,0,0,92287,40,15,0.05),
('Fox Shaman',16043,78,1148089335,3985,1465,1140,569,1180,468,126,121,44,187,278,333,100000000,0,0,92287,40,15,0.05),
('Fox Shaman',16043,79,1386786292,4009,1514,1179,577,1184,471,128,123,44,187,278,333,100000000,0,0,92287,40,15,0.05),
('Fox Shaman',16043,80,1664975622,4109,1572,1192,585,1188,474,130,125,44,187,278,333,100000000,0,0,92287,40,15,0.05),
('Fox Shaman',16043,81,1998969732,4209,1632,1205,594,1192,477,132,127,44,187,278,333,100000000,0,0,92287,40,15,0.05),
('Fox Shaman',16043,82,2379093816,4311,1693,1219,602,1196,480,134,130,44,187,278,333,100000000,0,0,92287,40,15,0.05),
('Fox Shaman',16043,83,2831502296,4416,1756,1233,612,1200,483,136,133,44,187,278,333,100000000,0,0,92287,40,15,0.05),
('Fox Shaman',16043,84,3340379889,4521,1821,1248,622,1204,486,138,135,44,187,278,333,100000000,0,0,92287,40,15,0.05),
('Fox Shaman',16043,85,3905839397,4629,1887,1263,631,1208,489,141,137,44,187,278,333,100000000,0,0,92287,40,15,0.05),
('Fox Shaman',16043,86,4567019890,4740,1955,1278,641,1212,492,145,140,44,187,278,333,100000000,0,0,92287,40,15,0.05),
('Wild Beast Fighter',16044,70,266966617,4647,623,1688,502,578,444,110,100,44,187,278,333,100000000,0,0,92287,40,15,0.05),
('Wild Beast Fighter',16044,71,311043873,4778,669,1703,509,579,447,112,102,44,187,278,333,100000000,0,0,92287,40,15,0.05),
('Wild Beast Fighter',16044,72,366944678,4910,691,1722,517,581,450,114,105,44,187,278,333,100000000,0,0,92287,40,15,0.05),
('Wild Beast Fighter',16044,73,436722878,5047,719,1740,526,582,453,116,108,44,187,278,333,100000000,0,0,92287,40,15,0.05),
('Wild Beast Fighter',16044,74,522505733,5185,748,1757,534,584,456,118,110,44,187,278,333,100000000,0,0,92287,40,15,0.05),
('Wild Beast Fighter',16044,75,626774887,5323,779,1774,542,585,459,120,113,44,187,278,333,100000000,0,0,92287,40,15,0.05),
('Wild Beast Fighter',16044,76,772136519,5465,810,1793,550,587,462,122,116,44,187,278,333,100000000,0,0,92287,40,15,0.05),
('Wild Beast Fighter',16044,77,944761536,5608,842,1812,559,588,465,124,119,44,187,278,333,100000000,0,0,92287,40,15,0.05),
('Wild Beast Fighter',16044,78,1148089335,5845,879,1835,569,589,468,126,121,44,187,278,333,100000000,0,0,92287,40,15,0.05),
('Wild Beast Fighter',16044,79,1386786292,5893,908,1851,577,592,471,128,123,44,187,278,333,100000000,0,0,92287,40,15,0.05),
('Wild Beast Fighter',16044,80,1664975622,6040,943,1871,585,594,474,130,125,44,187,278,333,100000000,0,0,92287,40,15,0.05),
('Wild Beast Fighter',16044,81,1998969732,6187,979,1892,594,596,477,132,127,44,187,278,333,100000000,0,0,92287,40,15,0.05),
('Wild Beast Fighter',16044,82,2379093816,6337,1016,1914,602,598,480,134,130,44,187,278,333,100000000,0,0,92287,40,15,0.05),
('Wild Beast Fighter',16044,83,2831502296,6492,1054,1936,612,600,483,136,133,44,187,278,333,100000000,0,0,92287,40,15,0.05),
('Wild Beast Fighter',16044,84,3340379889,6646,1093,1959,622,602,486,138,135,44,187,278,333,100000000,0,0,92287,40,15,0.05),
('Wild Beast Fighter',16044,85,3905839397,6805,1132,1983,631,604,489,141,137,44,187,278,333,100000000,0,0,92287,40,15,0.05),
('Wild Beast Fighter',16044,86,4567019890,6968,1173,2006,641,606,492,145,140,44,187,278,333,100000000,0,0,92287,40,15,0.05),
('White Weasel',16045,70,266966617,3856,1320,1381,502,866,444,110,100,44,187,278,333,100000000,0,0,92287,40,15,0.05),
('White Weasel',16045,71,311043873,3965,1416,1394,509,869,447,112,102,44,187,278,333,100000000,0,0,92287,40,15,0.05),
('White Weasel',16045,72,366944678,4075,1462,1409,517,871,450,114,105,44,187,278,333,100000000,0,0,92287,40,15,0.05),
('White Weasel',16045,73,436722878,4188,1523,1423,526,873,453,116,108,44,187,278,333,100000000,0,0,92287,40,15,0.05),
('White Weasel',16045,74,522505733,4303,1584,1437,534,875,456,118,110,44,187,278,333,100000000,0,0,92287,40,15,0.05),
('White Weasel',16045,75,626774887,4418,1650,1451,542,878,459,120,113,44,187,278,333,100000000,0,0,92287,40,15,0.05),
('White Weasel',16045,76,772136519,4536,1715,1467,550,880,462,122,116,44,187,278,333,100000000,0,0,92287,40,15,0.05),
('White Weasel',16045,77,944761536,4654,1782,1482,559,882,465,124,119,44,187,278,333,100000000,0,0,92287,40,15,0.05),
('White Weasel',16045,78,1148089335,4871,1856,1500,569,883,468,126,121,44,187,278,333,100000000,0,0,92287,40,15,0.05),
('White Weasel',16045,79,1386786292,4891,1923,1514,577,888,471,128,123,44,187,278,333,100000000,0,0,92287,40,15,0.05),
('White Weasel',16045,80,1664975622,5013,1996,1531,585,891,474,130,125,44,187,278,333,100000000,0,0,92287,40,15,0.05),
('White Weasel',16045,81,1998969732,5135,2073,1547,594,894,477,132,127,44,187,278,333,100000000,0,0,92287,40,15,0.05),
('White Weasel',16045,82,2379093816,5259,2150,1565,602,897,480,134,130,44,187,278,333,100000000,0,0,92287,40,15,0.05),
('White Weasel',16045,83,2831502296,5388,2230,1583,612,900,483,136,133,44,187,278,333,100000000,0,0,92287,40,15,0.05),
('White Weasel',16045,84,3340379889,5516,2313,1602,622,903,486,138,135,44,187,278,333,100000000,0,0,92287,40,15,0.05),
('White Weasel',16045,85,3905839397,5647,2396,1622,631,906,489,141,137,44,187,278,333,100000000,0,0,92287,40,15,0.05),
('White Weasel',16045,86,4567019890,5783,2483,1642,641,909,492,145,140,44,187,278,333,100000000,0,0,92287,40,15,0.05),
('Fairy Princess',16046,70,266966617,3477,1386,1075,502,961,444,110,100,44,187,278,333,100000000,0,0,92287,40,15,0.05),
('Fairy Princess',16046,71,311043873,3575,1487,1085,509,963,447,112,102,44,187,278,333,100000000,0,0,92287,40,15,0.05),
('Fairy Princess',16046,72,366944678,3674,1535,1097,517,966,450,114,105,44,187,278,333,100000000,0,0,92287,40,15,0.05),
('Fairy Princess',16046,73,436722878,3777,1599,1108,526,968,453,116,108,44,187,278,333,100000000,0,0,92287,40,15,0.05),
('Fairy Princess',16046,74,522505733,3880,1663,1119,534,971,456,118,110,44,187,278,333,100000000,0,0,92287,40,15,0.05),
('Fairy Princess',16046,75,626774887,3983,1733,1130,542,973,459,120,113,44,187,278,333,100000000,0,0,92287,40,15,0.05),
('Fairy Princess',16046,76,772136519,4090,1801,1142,550,976,462,122,116,44,187,278,333,100000000,0,0,92287,40,15,0.05),
('Fairy Princess',16046,77,944761536,4197,1872,1154,559,978,465,124,119,44,187,278,333,100000000,0,0,92287,40,15,0.05),
('Fairy Princess',16046,78,1148089335,4384,1954,1165,569,982,468,126,121,44,187,278,333,100000000,0,0,92287,40,15,0.05),
('Fairy Princess',16046,79,1386786292,4410,2020,1179,577,985,471,128,123,44,187,278,333,100000000,0,0,92287,40,15,0.05),
('Fairy Princess',16046,80,1664975622,4520,2097,1192,585,988,474,130,125,44,187,278,333,100000000,0,0,92287,40,15,0.05),
('Fairy Princess',16046,81,1998969732,4630,2177,1205,594,992,477,132,127,44,187,278,333,100000000,0,0,92287,40,15,0.05),
('Fairy Princess',16046,82,2379093816,4743,2258,1219,602,995,480,134,130,44,187,278,333,100000000,0,0,92287,40,15,0.05),
('Fairy Princess',16046,83,2831502296,4858,2343,1233,612,998,483,136,133,44,187,278,333,100000000,0,0,92287,40,15,0.05),
('Fairy Princess',16046,84,3340379889,4974,2429,1248,622,1002,486,138,135,44,187,278,333,100000000,0,0,92287,40,15,0.05),
('Fairy Princess',16046,85,3905839397,5092,2517,1263,631,1005,489,141,137,44,187,278,333,100000000,0,0,92287,40,15,0.05),
('Fairy Princess',16046,86,4567019890,5214,2608,1278,641,1008,492,145,140,44,187,278,333,100000000,0,0,92287,40,15,0.05);


/************ 增加寵物的技能(鬃狼/座狼/座龍) ************/
REPLACE INTO `pets_skills` VALUES
(16025,1,5443,1),
(16025,60,5443,2),
(16025,65,5443,3),
(16025,70,5443,4),
(16037,1,5443,1),
(16037,60,5443,2),
(16037,65,5443,3),
(16037,70,5443,4),
(16041,1,5443,1),
(16041,60,5443,2),
(16041,65,5443,3),
(16041,70,5443,4),
(16042,1,5443,1),
(16042,60,5443,2),
(16042,65,5443,3),
(16042,70,5443,4),
(16025,1,5444,1),
(16025,60,5444,2),
(16037,1,5444,1),
(16037,60,5444,2),
(16041,1,5444,1),
(16041,60,5444,2),
(16042,1,5444,1),
(16042,60,5444,2),
(16025,1,5445,1),
(16037,1,5445,1),
(16041,1,5445,1),
(16042,1,5445,1),
(16037,1,5584,1),
(16042,1,5584,1);


/************ 增加/修正/刪除NPC ************/
UPDATE `npc` SET `level` = '55' WHERE `id` in (16030); -- 修正黑鬃狼的等級
UPDATE `npc` SET `collision_radius` = '13.5', `collision_height` = '36.5' WHERE `id` IN (27323); -- 修正神的密使(任務怪物)
UPDATE `npc` SET `type` = 'L2VillageMaster' WHERE `id` in (32191); -- 修正漢娜琳  宗師的NPC類型
UPDATE `npc` SET `type` = 'L2SepulcherNpc' WHERE `id` in (31928); -- 修正侯爵禮拜堂守門人的NPC類型
UPDATE `npc` SET `type` = 'L2Adventurer' WHERE `id` in (32074); -- 修正古魯丁分會長的NPC類型
UPDATE `npc` SET `type` = 'L2Doormen' WHERE `id` in (35440); -- 修正NPC ID:丹尼爾(根據地守門人)
UPDATE `npc` SET `type` = 'L2Npc', `collision_radius` = '9', `collision_height` = '16.5', `rhand` = '0' WHERE `id` in (35417,35418); -- 修正地獄守門人
UPDATE `spawnlist` SET `npc_templateid` = '35440' WHERE `id` ='33771'; -- 修正NPC ID:丹尼爾(根據地守門人)
UPDATE `raidboss_spawnlist` SET `loc_x` = '3776', `loc_y` = '-6768', `loc_z` = '-3253' WHERE `boss_id` =25527; -- 修正狩獵首領烏魯卡的位置
Delete From `spawnlist` Where `npc_templateid` in (30880,30881,30882,30883,30884,30885,30886,30887,30888,30889,32353); -- 刪除不存在的NPC

-- 加入維他命管理者
Delete From spawnlist Where `npc_templateid` in (32478);
INSERT INTO `spawnlist` VALUES
('810001', '', '1', '32478', '47597', '49924', '-2995', '0', '0', '33231', '60', '0', '0'),
('810002', '', '1', '32478', '13432', '17255', '-4574', '0', '0', '46871', '60', '0', '0'),
('810003', '', '1', '32478', '115020', '-179727', '-879', '0', '0', '0', '60', '0', '0'),
('810004', '', '1', '32478', '-82374', '153659', '-3177', '0', '0', '16383', '60', '0', '0'),
('810005', '', '1', '32478', '-43721', '-113474', '-239', '0', '0', '32767', '60', '0', '0'),
('810006', '', '1', '32478', '-115213', '45057', '502', '0', '0', '32408', '60', '0', '0'),
('810007', '', '1', '32478', '-81926', '243372', '-3730', '0', '0', '38436', '60', '0', '0'),
('810008', '', '1', '32478', '-13236', '124615', '-3126', '0', '0', '49151', '60', '0', '0'),
('810009', '', '1', '32478', '20556', '144776', '-3080', '0', '0', '32767', '60', '0', '0'),
('810010', '', '1', '32478', '17735', '169802', '-3495', '0', '0', '19465', '60', '0', '0'),
('810011', '', '1', '32478', '82675', '146736', '-3466', '0', '0', '32767', '60', '0', '0'),
('810012', '', '1', '32478', '109951', '220614', '-3479', '0', '0', '16383', '60', '0', '0'),
('810013', '', '1', '32478', '55379', '220614', '-1527', '0', '0', '16383', '60', '0', '0'),
('810014', '', '1', '32478', '81782', '55399', '-1529', '0', '0', '16383', '60', '0', '0'),
('810015', '', '1', '32478', '115650', '76613', '-2668', '0', '0', '58618', '60', '0', '0'),
('810016', '', '1', '32478', '148411', '26581', '-2207', '0', '0', '16094', '60', '0', '0'),
('810017', '', '1', '32478', '43569', '-48972', '-796', '0', '0', '1843', '60', '0', '0'),
('810018', '', '1', '32478', '146141', '-57893', '-2983', '0', '0', '44315', '60', '0', '0'),
('810019', '', '1', '32478', '88934', '-140814', '-1539', '0', '0', '11547', '60', '0', '0');

-- 修正NPC位置
REPLACE INTO `spawnlist` VALUES
('33177', 'dion05_npc2021_02', '1', '30484', '17530', '113970', '-11672', '0', '0', '16384', '60', '0', '0'), -- 潘帝娜(克塔1樓守門人)
('33178', 'dion05_npc2021_03', '1', '30487', '17898', '113953', '-11672', '0', '0', '16384', '60', '0', '0'), -- 貝內(克塔1樓守門人)
('33472', 'oren16_npc2218_016', '1', '31605', '85692', '16400', '-2803', '0', '0', '38000', '60', '0', '0'), -- 金斯雷(象牙塔)
('33485', 'oren17_npc2219_009', '1', '30676', '81655', '54737', '-1509', '0', '0', '24576', '60', '0', '0'), -- 庫羅普(歐瑞倉庫)
('33594', 'innadril09_npc2324_23', '1', '31092', '114486', '217413', '-3631', '0', '0', '0', '60', '0', '0'), -- 財富的地下商人(水上都市海音斯)
('33613', 'aden17_npc2317_01', '1', '31675', '111186', '-13261', '-1702', '0', '0', '13828', '60', '0', '0'), -- 維克特 馮 德伊克(國境守備隊隊長)
('33614', 'aden17_npc2317_02', '1', '31679', '111532', '-17238', '-1702', '0', '0', '49586', '60', '0', '0'), -- 尤斯特斯 馮 伊森(邊境警備隊隊長)
('33628', 'aden17_npc2317_03', '1', '31677', '111532', '-13266', '-1704', '0', '0', '14508', '60', '0', '0'), -- 國境守備隊員
('33635', 'aden17_npc2317_03', '1', '31677', '111178', '-17234', '-1702', '0', '0', '46468', '60', '0', '0'), -- 國境守備隊員
('51231', 'schuttgart', '1', '30767', '85792', '-142809', '-1341', '0', '0', '10508', '60', '0', '0'), -- 拍賣管理者(修加特城鎮)
('51232', 'schuttgart', '1', '35558', '89344', '-141591', '-1541', '0', '0', '64817', '60', '0', '0'), -- 莊園管理員(修加特城鎮)
('51351', 'schuttgart', '1', '32327', '86996', '-143360', '-1294', '0', '0', '2232', '60', '0', '0'), -- 冒險者助手(修加特城鎮)
('35426', 'schuttgart', '1', '31916', '-115728', '-186423', '-6752', '0', '0', '0', '60', '0', '0'); -- 禁界的守護者(次元的裂痕)

-- 加入漏掉的NPC
INSERT INTO `spawnlist` VALUES
('820002', '', '1', '35644', '116178', '-181602', '-1365', '0', '0', '0', '60', '0', '0'), -- 莊園管理員(矮人村莊)
('820003', '', '1', '35645', '-44159', '-112229', '-239', '0', '0', '39768', '60', '0', '0'), -- 莊園管理員(半獸人村莊)
('820004', '', '1', '32327', '116934', '77257', '-2694', '0', '0', '40092', '60', '0', '0'), -- 冒險者助手(獵人村莊)
('820005', '', '1', '32327', '147090', '25931', '-2021', '0', '0', '50973', '60', '0', '0'), -- 冒險者助手(亞丁城鎮)
('820006', '', '1', '32321', '147271', '28647', '-2268', '0', '0', '53514', '60', '0', '0'), -- 道具仲介商(亞丁城鎮)
('820007', '', '1', '32327', '148074', '-55361', '-2742', '0', '0', '33600', '60', '0', '0'), -- 冒險者助手(高達特城鎮)
('820008', '', '1', '32071', '84432', '-144032', '-1538', '0', '0', '8764', '60', '0', '0'), -- 琳達(修加特城鎮)
('820009', '', '1', '31691', '86123', '-145764', '-1292', '0', '0', '0', '60', '0', '0'), -- 訓練用草人(修加特城鎮的戰士公會)
('820010', '', '1', '31691', '86123', '-145628', '-1295', '0', '0', '0', '60', '0', '0'), -- 訓練用草人(修加特城鎮的戰士公會)
('820011', '', '1', '31691', '86123', '-145492', '-1292', '0', '0', '0', '60', '0', '0'), -- 訓練用草人(修加特城鎮的戰士公會)
('820012', '', '1', '31691', '86123', '-145356', '-1292', '0', '0', '0', '60', '0', '0'), -- 訓練用草人(修加特城鎮的戰士公會)
('820013', '', '1', '31691', '86123', '-145220', '-1292', '0', '0', '0', '60', '0', '0'), -- 訓練用草人(修加特城鎮的戰士公會)
('820014', '', '1', '31691', '86315', '-145764', '-1292', '0', '0', '0', '60', '0', '0'), -- 訓練用草人(修加特城鎮的戰士公會)
('820015', '', '1', '31691', '86315', '-145628', '-1292', '0', '0', '0', '60', '0', '0'), -- 訓練用草人(修加特城鎮的戰士公會)
('820016', '', '1', '31691', '86315', '-145492', '-1295', '0', '0', '0', '60', '0', '0'), -- 訓練用草人(修加特城鎮的戰士公會)
('820017', '', '1', '31691', '86315', '-145356', '-1292', '0', '0', '0', '60', '0', '0'), -- 訓練用草人(修加特城鎮的戰士公會)
('820018', '', '1', '31691', '86315', '-145220', '-1292', '0', '0', '0', '60', '0', '0'), -- 訓練用草人(修加特城鎮的戰士公會)
('820019', '', '1', '32327', '43568', '-47602', '-796', '0', '0', '43240', '60', '0', '0'), -- 冒險者助手(魯因城鎮)
('820020', '', '1', '32484', '42668', '-47915', '-796', '0', '0', '52507', '60', '0', '0'), -- 開拓者幹員(魯因城鎮)
('820021', '', '1', '32271', '153570', '142067', '-9727', '0', '0', '0', '60', '0', '0'), -- 帕爾米
('820022', '', '1', '32469', '-111520', '41743', '2172', '0', '0', '30892', '60', '0', '0'), -- 艾特伯格 副長老(闇天使村莊)
('820023', '', '1', '32119', '23707', '-19108', '-2815', '0', '0', '37776', '60', '0', '0'), -- 烏魯 凱莫
('820024', '', '1', '32120', '27716', '-11685', '-2281', '0', '0', '31470', '60', '0', '0'), -- 巴魯 凱莫
('820025', '', '1', '32121', '18714', '-9635', '-2790', '0', '0', '54407', '60', '0', '0'), -- 裘太 凱莫
('820026', '', '1', '32109', '23666', '-7144', '-1134', '0', '0', '46433', '60', '0', '0'), -- 席琳聖像
('820027', '', '1', '35601', '141162', '-124264', '-1876', '0', '0', '10648', '60', '0', '0'), -- 守門人(虹彩泉根據地)
('820028', '', '1', '35602', '140705', '-124025', '-1913', '0', '0', '27931', '60', '0', '0'), -- 守門人(虹彩泉根據地)
('820029', '', '1', '35602', '140737', '-123823', '-1911', '0', '0', '1297', '60', '0', '0'), -- 守門人(虹彩泉根據地)
('820030', '', '1', '35603', '152937', '-126582', '-2314', '0', '0', '26339', '60', '0', '0'), -- 入場管理員(虹彩泉根據地)
('820031', '', '1', '35604', '143922', '-119195', '-2140', '0', '0', '0', '60', '0', '0'), -- 傳令(虹彩泉根據地)
('820032', '', '1', '35625', '55180', '-93023', '-1366', '0', '0', '34826', '60', '0', '0'), -- 外城守門人(野獸農莊根據地)
('820033', '', '1', '35626', '55419', '-92952', '-1365', '0', '0', '55689', '60', '0', '0'), -- 外城守門人(野獸農莊根據地)
('820034', '', '1', '35627', '53555', '-93765', '-1583', '0', '0', '47671', '60', '0', '0'), -- 傳令(野獸農莊根據地)
('820035', '', '1', '32500', '143546', '-58929', '-3468', '0', '0', '40092', '60', '0', '0'), -- 調查官 悉奈
('820036', '', '1', '32347', '8962', '253278', '-1932', '0', '0', '49909', '60', '0', '0'); -- 夏代 傳說的鐵匠

-- 加入高等城鎮的轉職貓
INSERT INTO `spawnlist` VALUES
('820101', '', '1', '31228', '147449', '25946', '-2012', '0', '0', '21221', '60', '0', '0'),
('820102', '', '1', '31228', '83509', '147962', '-3404', '0', '0', '20253', '60', '0', '0'),
('820103', '', '1', '31228', '82879', '53133', '-1495', '0', '0', '18940', '60', '0', '0'),
('820104', '', '1', '31228', '15740', '142896', '-2705', '0', '0', '19740', '60', '0', '0'),
('820105', '', '1', '31228', '111457', '219419', '-3545', '0', '0', '43515', '60', '0', '0'),
('820106', '', '1', '31228', '-12835', '122741', '-3116', '0', '0', '57344', '60', '0', '0'),
('820107', '', '1', '31228', '148006', '-55266', '-2734', '0', '0', '38727', '60', '0', '0'),
('820108', '', '1', '31228', '87006', '-143414', '-1292', '0', '0', '4363', '60', '0', '0'),
('820109', '', '1', '31228', '-80679', '149837', '-3070', '0', '0', '20834', '60', '0', '0'),
('820110', '', '1', '31228', '117170', '76807', '-2694', '0', '0', '32768', '60', '0', '0'),
('820111', '', '1', '31228', '43877', '-47676', '-823', '0', '0', '49152', '60', '0', '0'),
('820112', '', '1', '31228', '46989', '51487', '-2976', '0', '0', '42643', '60', '0', '0'),
('820113', '', '1', '31228', '-116776', '46545', '368', '0', '0', '40092', '60', '0', '0');

-- 加入新的NPC (地下競技場助手/調查官 艾德勒/惡魔島的復活者/肯特拉獸人 咒術士/調查官 悉奈/地下競技場的入場管理員/南瓜幽靈)
REPLACE INTO `npc` VALUES
('32491', '32491', 'Underground Coliseum Helper', '0', '', '0', 'LineageNPCs2.TP_battlezone_staff', '7.8', '17.29', '70', 'male', 'L2Teleporter', '40', '2444', '2444', '0', '0', '10', '10', '10', '10', '10', '10', '0', '0', '500', '500', '500', '500', '278', '0', '333', '0', '0', '0', '50', '100', '', '0', '0', '0', 'LAST_HIT', '0', '0', '0', 'balanced', 'false'),
('32497', '32497', 'Inspector Adler', '0', '', '1', 'NPC.a_mageguild_teacher_MElf', '7.00', '22.20', '70', 'male', 'L2Npc', '40', '3862', '1493', '0', '0', '10', '10', '10', '10', '10', '10', '0', '0', '1314', '470', '780', '382', '278', '0', '333', '0', '0', '0', '55', '132', '', '0', '0', '0', 'LAST_HIT', '0', '0', '0', 'balanced', 'false'),
('32498', '32498', 'Devil\'s Isle Survivor', '0', '', '0', 'LineageNPC.a_fighterguild_teacher_MHuman', '8', '23', '70', 'male', 'L2Npc', '40', '2444', '2444', '0', '0', '10', '10', '10', '10', '10', '10', '0', '0', '500', '500', '500', '500', '278', '0', '333', '0', '0', '0', '50', '120', '', '0', '0', '0', 'LAST_HIT', '0', '0', '0', 'balanced', 'false'),
('32499', '32499', 'Ketra Orc Shaman', '0', '', '0', 'LineageMonster.ketra_orc_shaman_20_bi', '30.00', '23.56', '70', 'male', 'L2Npc', '40', '2444', '2444', '0', '0', '10', '10', '10', '10', '10', '10', '0', '0', '500', '500', '500', '500', '253', '0', '253', '0', '0', '0', '80', '120', '', '0', '0', '0', 'LAST_HIT', '0', '0', '0', 'balanced', 'false'),
('32500', '32500', 'Inspector Sinai', '0', '', '0', 'LineageNPC.a_mageguild_teacher_FElf', '7', '21.2', '70', 'male', 'L2Npc', '40', '2444', '2444', '0', '0', '10', '10', '10', '10', '10', '10', '0', '0', '500', '500', '500', '500', '253', '0', '253', '0', '0', '0', '80', '120', '', '0', '0', '0', 'LAST_HIT', '0', '0', '0', 'balanced', 'false'),
('32503', '32503', 'Entrance Manager', '0', '', '0', 'LineageNPC.e_smith_master_MDwarf', '8', '17', '1', 'male', 'L2Teleporter', '40', '2444', '2444', '0', '0', '10', '10', '10', '10', '10', '10', '0', '0', '500', '500', '500', '500', '253', '0', '253', '0', '0', '0', '80', '120', '', '0', '0', '0', 'LAST_HIT', '0', '0', '0', 'balanced', 'false'),
('32513', '32513', 'Kun', '0', '', '0', 'LineageNPCs2.TP_battlezone_staff', '7.8', '17.29', '70', 'male', 'L2Teleporter', '40', '2444', '2444', '0', '0', '10', '10', '10', '10', '10', '10', '0', '0', '500', '500', '500', '500', '278', '0', '333', '0', '0', '0', '50', '100', '', '0', '0', '0', 'LAST_HIT', '0', '0', '0', 'balanced', 'false'),
('32514', '32514', 'Tarion', '0', '', '0', 'LineageNPCs2.TP_battlezone_staff', '7.8', '17.29', '70', 'male', 'L2Teleporter', '40', '2444', '2444', '0', '0', '10', '10', '10', '10', '10', '10', '0', '0', '500', '500', '500', '500', '278', '0', '333', '0', '0', '0', '50', '100', '', '0', '0', '0', 'LAST_HIT', '0', '0', '0', 'balanced', 'false'),
('32515', '32515', 'Leo', '0', '', '0', 'LineageNPCs2.TP_battlezone_staff', '7.8', '17.29', '70', 'male', 'L2Teleporter', '40', '2444', '2444', '0', '0', '10', '10', '10', '10', '10', '10', '0', '0', '500', '500', '500', '500', '278', '0', '333', '0', '0', '0', '50', '100', '', '0', '0', '0', 'LAST_HIT', '0', '0', '0', 'balanced', 'false'),
('32516', '32516', 'Candice', '0', '', '0', 'LineageNPCs2.TP_battlezone_staff', '7.8', '17.29', '70', 'male', 'L2Teleporter', '40', '2444', '2444', '0', '0', '10', '10', '10', '10', '10', '10', '0', '0', '500', '500', '500', '500', '278', '0', '333', '0', '0', '0', '50', '100', '', '0', '0', '0', 'LAST_HIT', '0', '0', '0', 'balanced', 'false'),
('13135', '13135', 'Pumpkin Ghost', '0', '', '0', 'Npc2.Pumpkin_Head_man', '8.00', '25.00', '70', 'etc', 'L2Npc', '40', '3862', '1493', '11.85', '2.78', '40', '43', '30', '21', '20', '10', '0', '0', '1314', '470', '780', '382', '278', '0', '333', '0', '0', '0', '50', '120', 'NULL', '0', '1', '0', 'LAST_HIT', '0', '0', '0', 'balanced', 'false');

-- 加入地下競技場的入場管理員
Delete From `spawnlist` Where `npc_templateid` in (32377); -- 刪除地下競技場重複的入場管理員
INSERT INTO `spawnlist` VALUES
('830001', '', '1', '32491', '-82166', '-49176', '-10341', '0', '0', '31175', '60', '0', '0'),
('830002', '', '1', '32497', '-80571', '151295', '-3045', '0', '0', '20607', '60', '0', '0'),
('830003', '', '1', '32498', '85093', '147609', '-3404', '0', '0', '49151', '60', '0', '0'),
('830004', '', '1', '32499', '143477', '-58989', '-3470', '0', '0', '39607', '60', '0', '0'),
('830005', '', '1', '32503', '-70661', '-71066', '-1419', '0', '0', '49151', '60', '0', '0'),
('830006', '', '1', '32513', '-84640', '-45360', '-10728', '0', '0', '56156', '60', '0', '0'),
('830007', '', '1', '32514', '-77408', '-50656', '-10728', '0', '0', '29664', '60', '0', '0'),
('830008', '', '1', '32515', '-81904', '-53904', '-10728', '0', '0', '17044', '60', '0', '0'),
('830009', '', '1', '32516', '-86359', '-50593', '-10728', '0', '0', '3704', '60', '0', '0'),
('830010', '', '1', '32377', '-79117', '-45433', '-10731', '0', '0', '40959', '60', '0', '0');

-- 加入移動到柯雷塔的晶體/各等級的地下競技場外面
REPLACE INTO `teleport` VALUES
('Fantasy Isle -> Underground Coliseum', '12060', '-82271', '-49196', '-10352', '0', '0'),
('Underground Coliseum -> Underground Coliseum LV40', '3249140', '-84451', '-45452', '-10728', '0', '0'),
('Underground Coliseum -> Underground Coliseum LV50', '3249150', '-86154', '-50429', '-10728', '0', '0'),
('Underground Coliseum -> Underground Coliseum LV60', '3249160', '-82009', '-53652', '-10728', '0', '0'),
('Underground Coliseum -> Underground Coliseum LV70', '3249170', '-77586', '-50503', '-10728', '0', '0'),
('Underground Coliseum -> Underground Coliseum LV00', '3249100', '-79309', '-45561', '-10728', '0', '0');

-- 加入黎明/黃昏的神諭處可觀看比賽
REPLACE INTO `npc` VALUES ('830000', '31031', 'Broadcasting Tower', '0', '', '0', 'NPC.broadcasting_tower', '7.00', '35.00', '70', 'etc', 'L2Observation', '40', '3862', '1493', '11.85', '2.78', '40', '43', '30', '21', '20', '10', '0', '0', '1314', '470', '780', '382', '278', '0', '333', '0', '0', '0', '55', '132', 'NULL', '0', '1', '0', 'LAST_HIT', '0', '0', '0', 'fighter', 'false');
UPDATE `spawnlist` SET `npc_templateid` = '830000' WHERE `id` in (48128,48129,48130,48131);


/************ 修正BOSS ************/
REPLACE INTO `grandboss_data` VALUES
('29001', '-21610', '181594', '-5734', '0', '0', '229898', '667', '0'),
('29006', '17726', '108915', '-6480', '0', '0', '622493', '3793', '0'),
('29014', '43728', '17220', '-4342', '10126', '0', '622493', '3793', '0'),
('29019', '-105820', '-237310', '-15529', '32542', '0', '13090000', '39960', '0'),
('29020', '116067', '17484', '10110', '41740', '0', '3698520', '39960', '0'),
('29022', '55312', '219168', '-3223', '0', '0', '858518', '1975', '0'),
('29028', '-105200', '-253104', '-15264', '833', '0', '16660000', '39960', '0'),
('29065', '-123348', '-248881', '-15537', '44732', '0', '1532678', '4255', '0');
REPLACE INTO `npcskills` VALUES (29028,4679,1);
REPLACE INTO `npcskills` VALUES (29028,4680,1);
UPDATE `npc` SET `aggro` = 500 WHERE `id` IN (29020,29021,29022,29065,29069,29070);
UPDATE `npc` SET `hp` = '13090000', `mp` = '39960' WHERE `id` IN (29019);
UPDATE `npc` SET `hp` = '3698520', `mp` = '39960' WHERE `id` IN (29020);
UPDATE `npc` SET `hp` = '16660000', `mp` = '39960' WHERE `id` IN (29028);
UPDATE `npc` SET `hp` = '1532678', `mp` = '4255', `type` = 'L2GrandBoss', `level` = '87', `AI` = 'fighter' WHERE `id` IN (29065);
UPDATE `npc` SET `mp` = '3793' WHERE `id` IN (29006,29014);
UPDATE `npc` SET `level` = '78' WHERE `id` IN (29070);


/************ 修正技能 ************/
REPLACE INTO `skill_trees` VALUES
('23', '137', '4', 'Critical Chance', '150000', '58'),
('127', '834', '1', 'Blood Pact', '147000', '55'),
('43', '1531', '1', 'Bless the Blood', '36000', '40'),
('43', '1531', '2', 'Bless the Blood', '80000', '48'),
('43', '1531', '3', 'Bless the Blood', '111000', '56'),
('43', '1531', '4', 'Bless the Blood', '190000', '60'),
('43', '1531', '5', 'Bless the Blood', '290000', '64'),
('43', '1531', '6', 'Bless the Blood', '470000', '68'),
('43', '1531', '7', 'Bless the Blood', '1000000', '72');


/************ 加入81級技能(效果尚未完全實裝) ************/
REPLACE INTO `skill_trees` VALUES
('88', '755', '1', 'Protection of Rune', '0', '81'),
('88', '756', '1', 'Protection of Elemental', '0', '81'),
('88', '757', '1', 'Protection of Alignment', '0', '81'),
('88', '758', '1', 'Fighters Will', '0', '81'),
('88', '759', '1', 'Archers Will', '0', '81'),
('88', '775', '1', 'Weapon Blockade', '0', '81'),
('89', '755', '1', 'Protection of Rune', '0', '81'),
('89', '756', '1', 'Protection of Elemental', '0', '81'),
('89', '757', '1', 'Protection of Alignment', '0', '81'),
('89', '758', '1', 'Fighters Will', '0', '81'),
('89', '759', '1', 'Archers Will', '0', '81'),
('89', '774', '1', 'Dread Pool', '0', '81'),
('90', '755', '1', 'Protection of Rune', '0', '81'),
('90', '756', '1', 'Protection of Elemental', '0', '81'),
('90', '757', '1', 'Protection of Alignment', '0', '81'),
('90', '758', '1', 'Fighters Will', '0', '81'),
('90', '759', '1', 'Archers Will', '0', '81'),
('90', '760', '1', 'Anti Magic Armor', '0', '81'),
('90', '784', '1', 'Spirit of Phoenix', '0', '81'),
('90', '785', '1', 'Flame Icon', '0', '81'),
('91', '755', '1', 'Protection of Rune', '0', '81'),
('91', '756', '1', 'Protection of Elemental', '0', '81'),
('91', '757', '1', 'Protection of Alignment', '0', '81'),
('91', '758', '1', 'Fighters Will', '0', '81'),
('91', '759', '1', 'Archers Will', '0', '81'),
('91', '760', '1', 'Anti Magic Armor', '0', '81'),
('91', '761', '1', 'Seed of Revenge', '0', '81'),
('91', '762', '1', 'Insane Crusher', '0', '81'),
('91', '763', '1', 'Hell Scream', '0', '81'),
('92', '755', '1', 'Protection of Rune', '0', '81'),
('92', '756', '1', 'Protection of Elemental', '0', '81'),
('92', '757', '1', 'Protection of Alignment', '0', '81'),
('92', '758', '1', 'Fighters Will', '0', '81'),
('92', '759', '1', 'Archers Will', '0', '81'),
('92', '771', '1', 'Flame Hawk', '0', '81'),
('93', '755', '1', 'Protection of Rune', '0', '81'),
('93', '756', '1', 'Protection of Elemental', '0', '81'),
('93', '757', '1', 'Protection of Alignment', '0', '81'),
('93', '758', '1', 'Fighters Will', '0', '81'),
('93', '759', '1', 'Archers Will', '0', '81'),
('93', '766', '1', 'Sixth Sense', '0', '81'),
('93', '767', '1', 'Expose Weak Point', '0', '81'),
('93', '768', '1', 'Exciting Adventure', '0', '81'),
('94', '755', '1', 'Protection of Rune', '0', '81'),
('94', '756', '1', 'Protection of Elemental', '0', '81'),
('94', '757', '1', 'Protection of Alignment', '0', '81'),
('94', '1492', '1', 'Flame Armor', '0', '81'),
('95', '755', '1', 'Protection of Rune', '0', '81'),
('95', '756', '1', 'Protection of Elemental', '0', '81'),
('95', '757', '1', 'Protection of Alignment', '0', '81'),
('96', '755', '1', 'Protection of Rune', '0', '81'),
('96', '756', '1', 'Protection of Elemental', '0', '81'),
('96', '757', '1', 'Protection of Alignment', '0', '81'),
('95', '1495', '1', 'Vampiric Mist', '0', '81'),
('96', '1496', '1', 'Servitor Barrier', '0', '81'),
('96', '1497', '1', 'Excessive Loyalty', '0', '81'),
('96', '1498', '1', 'Mutual Response', '0', '81'),
('97', '1505', '1', 'Sublime Self-Sacrifice', '0', '81'),
('97', '755', '1', 'Protection of Rune', '0', '81'),
('97', '756', '1', 'Protection of Elemental', '0', '81'),
('97', '757', '1', 'Protection of Alignment', '0', '81'),
('98', '755', '1', 'Protection of Rune', '0', '81'),
('98', '756', '1', 'Protection of Elemental', '0', '81'),
('98', '757', '1', 'Protection of Alignment', '0', '81'),
('99', '755', '1', 'Protection of Rune', '0', '81'),
('99', '756', '1', 'Protection of Elemental', '0', '81'),
('99', '757', '1', 'Protection of Alignment', '0', '81'),
('99', '758', '1', 'Fighters Will', '0', '81'),
('99', '759', '1', 'Archers Will', '0', '81'),
('99', '760', '1', 'Anti Magic Armor', '0', '81'),
('99', '786', '1', 'Evas Will', '0', '81'),
('99', '787', '1', 'Touch of Eva', '0', '81'),
('100', '755', '1', 'Protection of Rune', '0', '81'),
('100', '756', '1', 'Protection of Elemental', '0', '81'),
('100', '757', '1', 'Protection of Alignment', '0', '81'),
('100', '758', '1', 'Fighters Will', '0', '81'),
('100', '759', '1', 'Archers Will', '0', '81'),
('101', '755', '1', 'Protection of Rune', '0', '81'),
('101', '756', '1', 'Protection of Elemental', '0', '81'),
('101', '757', '1', 'Protection of Alignment', '0', '81'),
('101', '758', '1', 'Fighters Will', '0', '81'),
('101', '759', '1', 'Archers Will', '0', '81'),
('101', '766', '1', 'Sixth Sense', '0', '81'),
('101', '767', '1', 'Expose Weak Point', '0', '81'),
('101', '769', '1', 'Wind Riding', '0', '81'),
('102', '755', '1', 'Protection of Rune', '0', '81'),
('102', '756', '1', 'Protection of Elemental', '0', '81'),
('102', '757', '1', 'Protection of Alignment', '0', '81'),
('102', '758', '1', 'Fighters Will', '0', '81'),
('102', '759', '1', 'Archers Will', '0', '81'),
('102', '772', '1', 'Arrow Rain', '0', '81'),
('103', '755', '1', 'Protection of Rune', '0', '81'),
('103', '756', '1', 'Protection of Elemental', '0', '81'),
('103', '757', '1', 'Protection of Alignment', '0', '81'),
('103', '1493', '1', 'Frost Armor', '0', '81'),
('104', '755', '1', 'Protection of Rune', '0', '81'),
('104', '756', '1', 'Protection of Elemental', '0', '81'),
('104', '757', '1', 'Protection of Alignment', '0', '81'),
('104', '1496', '1', 'Servitor Barrier', '0', '81'),
('104', '1497', '1', 'Excessive Loyalty', '0', '81'),
('104', '1498', '1', 'Mutual Response', '0', '81'),
('105', '1506', '1', 'Blessing of Eva', '0', '81'),
('105', '755', '1', 'Protection of Rune', '0', '81'),
('105', '756', '1', 'Protection of Elemental', '0', '81'),
('105', '757', '1', 'Protection of Alignment', '0', '81'),
('106', '755', '1', 'Protection of Rune', '0', '81'),
('106', '756', '1', 'Protection of Elemental', '0', '81'),
('106', '757', '1', 'Protection of Alignment', '0', '81'),
('106', '758', '1', 'Fighters Will', '0', '81'),
('106', '759', '1', 'Archers Will', '0', '81'),
('106', '760', '1', 'Anti Magic Armor', '0', '81'),
('106', '788', '1', 'Pain of Shilen', '0', '81'),
('106', '789', '1', 'Touch of Shilen', '0', '81'),
('107', '755', '1', 'Protection of Rune', '0', '81'),
('107', '756', '1', 'Protection of Elemental', '0', '81'),
('107', '757', '1', 'Protection of Alignment', '0', '81'),
('108', '755', '1', 'Protection of Rune', '0', '81'),
('108', '756', '1', 'Protection of Elemental', '0', '81'),
('108', '757', '1', 'Protection of Alignment', '0', '81'),
('108', '758', '1', 'Fighters Will', '0', '81'),
('108', '759', '1', 'Archers Will', '0', '81'),
('108', '766', '1', 'Sixth Sense', '0', '81'),
('108', '767', '1', 'Expose Weak Point', '0', '81'),
('108', '770', '1', 'Ghost Walking', '0', '81'),
('109', '755', '1', 'Protection of Rune', '0', '81'),
('109', '756', '1', 'Protection of Elemental', '0', '81'),
('109', '757', '1', 'Protection of Alignment', '0', '81'),
('109', '758', '1', 'Fighters Will', '0', '81'),
('109', '759', '1', 'Archers Will', '0', '81'),
('109', '773', '1', 'Ghost Piercing', '0', '81'),
('110', '755', '1', 'Protection of Rune', '0', '81'),
('110', '756', '1', 'Protection of Elemental', '0', '81'),
('110', '757', '1', 'Protection of Alignment', '0', '81'),
('110', '1494', '1', 'Hurricane Armor', '0', '81'),
('111', '755', '1', 'Protection of Rune', '0', '81'),
('111', '756', '1', 'Protection of Elemental', '0', '81'),
('111', '757', '1', 'Protection of Alignment', '0', '81'),
('111', '1496', '1', 'Servitor Barrier', '0', '81'),
('111', '1497', '1', 'Excessive Loyalty', '0', '81'),
('111', '1498', '1', 'Mutual Response', '0', '81'),
('112', '1507', '1', 'Lord of Vampire', '0', '81'),
('112', '1508', '1', 'Throne Root', '0', '81'),
('112', '755', '1', 'Protection of Rune', '0', '81'),
('112', '756', '1', 'Protection of Elemental', '0', '81'),
('112', '757', '1', 'Protection of Alignment', '0', '81'),
('113', '755', '1', 'Protection of Rune', '0', '81'),
('113', '756', '1', 'Protection of Elemental', '0', '81'),
('113', '757', '1', 'Protection of Alignment', '0', '81'),
('113', '758', '1', 'Fighters Will', '0', '81'),
('113', '759', '1', 'Archers Will', '0', '81'),
('113', '777', '1', 'Demolition Impact', '0', '81'),
('114', '755', '1', 'Protection of Rune', '0', '81'),
('114', '756', '1', 'Protection of Elemental', '0', '81'),
('114', '757', '1', 'Protection of Alignment', '0', '81'),
('114', '758', '1', 'Fighters Will', '0', '81'),
('114', '759', '1', 'Archers Will', '0', '81'),
('114', '776', '1', 'Force of Destruction', '0', '81'),
('115', '755', '1', 'Protection of Rune', '0', '81'),
('115', '756', '1', 'Protection of Elemental', '0', '81'),
('115', '757', '1', 'Protection of Alignment', '0', '81'),
('115', '1509', '1', 'Seal of Limit', '0', '81'),
('116', '755', '1', 'Protection of Rune', '0', '81'),
('116', '756', '1', 'Protection of Elemental', '0', '81'),
('116', '757', '1', 'Protection of Alignment', '0', '81'),
('117', '755', '1', 'Protection of Rune', '0', '81'),
('117', '756', '1', 'Protection of Elemental', '0', '81'),
('117', '757', '1', 'Protection of Alignment', '0', '81'),
('117', '758', '1', 'Fighters Will', '0', '81'),
('117', '759', '1', 'Archers Will', '0', '81'),
('118', '755', '1', 'Protection of Rune', '0', '81'),
('118', '756', '1', 'Protection of Elemental', '0', '81'),
('118', '757', '1', 'Protection of Alignment', '0', '81'),
('118', '758', '1', 'Fighters Will', '0', '81'),
('118', '759', '1', 'Archers Will', '0', '81'),
('118', '778', '1', 'Golem Armor', '0', '81'),
('131', '755', '1', 'Protection of Rune', '0', '81'),
('131', '756', '1', 'Protection of Elemental', '0', '81'),
('131', '757', '1', 'Protection of Alignment', '0', '81'),
('131', '758', '1', 'Fighters Will', '0', '81'),
('131', '759', '1', 'Archers Will', '0', '81'),
('132', '755', '1', 'Protection of Rune', '0', '81'),
('132', '756', '1', 'Protection of Elemental', '0', '81'),
('132', '757', '1', 'Protection of Alignment', '0', '81'),
('132', '758', '1', 'Fighters Will', '0', '81'),
('132', '759', '1', 'Archers Will', '0', '81'),
('132', '791', '1', 'Lightning Shock', '0', '81'),
('134', '755', '1', 'Protection of Rune', '0', '81'),
('134', '756', '1', 'Protection of Elemental', '0', '81'),
('134', '757', '1', 'Protection of Alignment', '0', '81'),
('134', '758', '1', 'Fighters Will', '0', '81'),
('134', '759', '1', 'Archers Will', '0', '81'),
('134', '790', '1', 'Wild Shot', '0', '81');


/************ 其他修正 ************/
-- 修正傳送到不同的房間挑戰莉莉絲/亞納
REPLACE INTO `teleport` VALUES
('Disciples Necropolis -> Anakim',449,184467,-13102,-5500,0,0),
('Disciples Necropolis -> Lilith',450,184448,-10120,-5500,0,0);

-- 修正奇岩港口的傳送價格
UPDATE `teleport` SET `price` = '5200' WHERE `id` in (63);
UPDATE `teleport` SET `price` = '7100' WHERE `id` in (107);

-- 修正獵捕石的道具類型
UPDATE `etcitem` SET `item_type` = 'none' WHERE `item_id` in (8764);

-- 修正武卷的價格
UPDATE `etcitem` SET `price` = '1550000' WHERE `item_id` ='729';
UPDATE `etcitem` SET `price` = '2250000' WHERE `item_id` ='959';
UPDATE `etcitem` SET `price` = '2700000' WHERE `item_id` ='6569';
UPDATE `etcitem` SET `price` = '5000000' WHERE `item_id` ='6577';

-- 修正首領重生時，HP/MP全滿(感謝 wolo 提供)
Update `npc`, `raidboss_spawnlist` SET `raidboss_spawnlist`.`heading`=0, `raidboss_spawnlist`.`currentHp`=`npc`.`hp`,`raidboss_spawnlist`.`currentMp`=`npc`.`mp` WHERE `npc`.`type`='L2RaidBoss' AND `npc`.`id`=`raidboss_spawnlist`.`boss_id`;

-- 修正寵物
REPLACE INTO `pets_stats` VALUES
('great_wolf',16025,56,33396358,1384,597,107,66,70,42,95,89,40,187,278,333,4740,39,7,54510,2,1,0.1);

-- 修正根據地投標價
UPDATE `auction` SET `startingBid` = '20000000' WHERE `id` in (58,59,60,61) and `sellerId` ='0';


/************ 加入破滅國境的道具 ************/
-- S84薄暮武器
Delete From `armor` Where `item_id` in (52,53,54,55,56);
Delete From `etcitem` Where `item_id` in (10117,10118,10119,10120,10121,13074,13075,13076,13077,13078,13137,13138,13139,13140,13141,13142,13143,13144,13145,13146,13147,13148);
Delete From `weapon` Where `item_id` in (136,137,138,139,140,141,163,170);
Delete From `merchant_buylists` Where `item_id` in (52,53,54,55,56,136,137,138,139,140,141,163,170);
REPLACE INTO `weapon` VALUES
(52,'Vesper Dual Sword','lrhand','true',1520,1,1,'wood','s80',482,10,'dual',8,0.00000,0,0,0,325,0,176,-1,-1,0,0,'true','true','true','true',0,0,0,0,0,0,0,0,0,'0-0;'),
(13457,'Vesper Cutter','rhand','true',1520,1,1,'steel','s80',396,10,'sword',8,0.00000,0,0,0,379,0,176,-1,-1,0,0,'true','true','true','true',0,0,0,0,0,0,0,0,13468,'0-0;'),
(13458,'Vesper Slasher','lrhand','true',1740,1,1,'steel','s80',482,10,'bigsword',8,0.00000,0,0,0,325,0,176,-1,-1,0,0,'true','true','true','true',0,0,0,0,0,0,0,0,13470,'0-0;'),
(13459,'Vesper Buster','rhand','true',1520,1,1,'steel','s80',317,10,'sword',8,0.00000,0,0,0,379,0,234,-1,-1,0,0,'true','true','true','true',0,0,0,0,0,0,0,0,0,'0-0;'),
(13460,'Vesper Shaper','rhand','true',1520,1,1,'steel','s80',346,5,'dagger',12,-3.00000,0,0,0,433,0,176,-1,-1,0,0,'true','true','true','true',0,0,0,0,0,0,0,0,0,'0-0;'),
(13461,'Vesper Fighter','lrhand','true',1550,1,1,'steel','s80',482,5,'dualfist',4,4.00000,0,0,0,325,0,176,-1,-1,0,0,'true','true','true','true',0,0,0,0,0,0,0,0,0,'0-0;'),
(13462,'Vesper Stormer','lrhand','true',2010,1,1,'steel','s80',396,10,'pole',8,-3.00000,0,0,0,325,0,176,-1,-1,0,0,'true','true','true','true',0,0,0,0,0,0,0,0,0,'0-0;'),
(13463,'Vesper Avenger','rhand','true',1740,1,1,'steel','s80',396,20,'blunt',4,4.00000,0,0,0,379,0,176,-1,-1,0,0,'true','true','true','true',0,0,0,0,0,0,0,0,0,'0-0;'),
(13464,'Vesper Retributer','lrhand','true',1740,1,1,'steel','s80',482,20,'bigblunt',4,4.00000,0,0,0,325,0,176,-1,-1,0,0,'true','true','true','true',0,0,0,0,0,0,0,0,0,'0-0;'),
(13465,'Vesper Caster','rhand','true',1080,1,1,'steel','s80',317,20,'blunt',4,4.00000,0,0,0,379,0,234,-1,-1,0,0,'true','true','true','true',0,0,0,0,0,0,0,0,0,'0-0;'),
(13466,'Vesper Singer','lrhand','true',1080,1,1,'steel','s80',386,20,'bigblunt',4,4.00000,0,0,0,325,0,257,-1,-1,0,0,'true','true','true','true',0,0,0,0,0,0,0,0,0,'0-0;'),
(13467,'Vesper Thrower','lrhand','true',1520,1,1,'steel','s80',724,5,'bow',12,-3.00000,0,0,0,293,0,176,-1,-1,0,0,'true','true','true','true',0,0,0,0,0,0,0,0,13469,'0-0;'),
(13468,'Vesper Pincer','rhand','true',1280,1,1,'steel','s80',359,40,'rapier',10,-1.00000,0,0,0,406,0,176,-1,-1,0,0,'true','true','true','true',3426,1,0,0,0,0,0,0,13457,'0-0;'),
(13469,'Vesper Sheutjeh','lrhand','true',1580,1,1,'steel','s80',444,10,'crossbow',10,-1.00000,0,0,0,303,0,176,-1,-1,0,0,'true','true','true','true',0,0,0,0,0,0,0,0,13467,'0-0;'),
(13470,'Vesper Nagan','lrhand','true',1800,1,1,'steel','s80',429,15,'ancient',8,2.00000,0,0,0,350,0,176,-1,-1,0,0,'true','true','true','true',0,0,0,0,0,0,0,0,13458,'0-0;'),
(13471,'Vesper Shield','lhand','true',1130,0,0,'steel','s80',0,0,'none',0,0.00000,-8,371,20,0,0,0,-1,-1,0,0,'true','true','true','true',0,0,0,0,0,0,0,0,0,'0-0;'),
(13882,'Dynasty Dual Daggers','lrhand','true',2150,1,1,'steel','s80',304,10,'dual',12,-3.00000,0,0,0,433,0,157,-1,-1,0,0,'true','true','true','true',0,0,0,0,0,0,0,0,0,'0-0;'),
(13883,'Icarus Dual Daggers','lrhand','true',2100,1,1,'steel','s80',332,10,'dual',12,-3.00000,0,0,0,433,0,169,-1,-1,0,0,'true','true','true','true',0,0,0,0,0,0,0,0,0,'0-0;'),
(13884,'Vesper Dual Daggers','lrhand','true',2050,1,1,'steel','s80',360,10,'dual',12,-3.00000,0,0,0,433,0,181,-1,-1,0,0,'true','true','true','true',0,0,0,0,0,0,0,0,0,'0-0;');

-- S84搜魂石特效的薄暮武器
REPLACE INTO `weapon` VALUES
(14118,'Vesper Cutter','rhand','true',1520,1,1,'steel','s80',396,10,'sword',8,0.00000,0,0,0,379,0,176,-1,-1,0,0,'true','true','true','true',0,0,0,0,0,0,0,0,14151,'0-0;'),
(14119,'Vesper Cutter','rhand','true',1520,1,1,'steel','s80',396,10,'sword',8,0.00000,0,0,0,379,0,176,-1,-1,0,0,'true','true','true','true',0,0,0,0,0,0,0,0,14152,'0-0;'),
(14120,'Vesper Cutter','rhand','true',1520,1,1,'steel','s80',396,10,'sword',8,0.00000,0,0,0,379,0,176,-1,-1,0,0,'true','true','true','true',0,0,0,0,0,0,0,0,14153,'0-0;'),
(14121,'Vesper Slasher','lrhand','true',1740,1,1,'steel','s80',482,10,'bigsword',8,0.00000,0,0,0,325,0,176,-1,-1,0,0,'true','true','true','true',0,0,0,0,0,0,0,0,14157,'0-0;'),
(14122,'Vesper Slasher','lrhand','true',1740,1,1,'steel','s80',482,10,'bigsword',8,0.00000,0,0,0,325,0,176,-1,-1,0,0,'true','true','true','true',0,0,0,0,0,0,0,0,14158,'0-0;'),
(14123,'Vesper Slasher','lrhand','true',1740,1,1,'steel','s80',482,10,'bigsword',8,0.00000,0,0,0,325,0,176,-1,-1,0,0,'true','true','true','true',0,0,0,0,0,0,0,0,14159,'0-0;'),
(14124,'Vesper Buster','rhand','true',1520,1,1,'steel','s80',317,10,'sword',8,0.00000,0,0,0,379,0,234,-1,-1,0,0,'true','true','true','true',0,0,0,0,0,0,0,0,0,'0-0;'),
(14125,'Vesper Buster','rhand','true',1520,1,1,'steel','s80',317,10,'sword',8,0.00000,0,0,0,379,0,234,-1,-1,0,0,'true','true','true','true',0,0,0,0,0,0,0,0,0,'0-0;'),
(14126,'Vesper Buster','rhand','true',1520,1,1,'steel','s80',317,10,'sword',8,0.00000,0,0,0,379,0,234,-1,-1,0,0,'true','true','true','true',0,0,3577,1,20,0,0,0,0,'0-0;'),
(14127,'Vesper Shaper','rhand','true',1520,1,1,'steel','s80',346,5,'dagger',12,0.00000,0,0,0,433,0,176,-1,-1,0,0,'true','true','true','true',0,0,0,0,0,0,0,0,0,'0-0;'),
(14128,'Vesper Shaper','rhand','true',1520,1,1,'steel','s80',346,5,'dagger',12,0.00000,0,0,0,433,0,176,-1,-1,0,0,'true','true','true','true',0,0,0,0,0,0,0,0,0,'0-0;'),
(14129,'Vesper Shaper','rhand','true',1520,1,1,'steel','s80',346,5,'dagger',12,0.00000,0,0,0,433,0,176,-1,-1,0,0,'true','true','true','true',0,0,0,0,0,0,0,0,0,'0-0;'),
(14130,'Vesper Fighter','lrhand','true',1550,1,1,'steel','s80',482,5,'dualfist',4,0.00000,0,0,0,325,0,176,-1,-1,0,0,'true','true','true','true',0,0,0,0,0,0,0,0,0,'0-0;'),
(14131,'Vesper Fighter','lrhand','true',1550,1,1,'steel','s80',482,5,'dualfist',4,0.00000,0,0,0,325,0,176,-1,-1,0,0,'true','true','true','true',0,0,0,0,0,0,0,0,0,'0-0;'),
(14132,'Vesper Fighter','lrhand','true',1550,1,1,'steel','s80',482,5,'dualfist',4,0.00000,0,0,0,325,0,176,-1,-1,0,0,'true','true','true','true',0,0,0,0,0,3070,1,43,0,'0-0;'),
(14133,'Vesper Stormer','lrhand','true',2010,1,1,'steel','s80',396,10,'pole',8,0.00000,0,0,0,325,0,176,-1,-1,0,0,'true','true','true','true',0,0,0,0,0,0,0,0,0,'0-0;'),
(14134,'Vesper Stormer','lrhand','true',2010,1,1,'steel','s80',396,10,'pole',8,0.00000,0,0,0,325,0,176,-1,-1,0,0,'true','true','true','true',0,0,0,0,0,0,0,0,0,'0-0;'),
(14135,'Vesper Stormer','lrhand','true',2010,1,1,'steel','s80',396,10,'pole',8,0.00000,0,0,0,325,0,176,-1,-1,0,0,'true','true','true','true',0,0,0,0,0,0,0,0,0,'0-0;'),
(14136,'Vesper Avenger','rhand','true',1740,1,1,'steel','s80',396,20,'blunt',4,0.00000,0,0,0,379,0,176,-1,-1,0,0,'true','true','true','true',0,0,0,0,0,0,0,0,0,'0-0;'),
(14137,'Vesper Avenger','rhand','true',1740,1,1,'steel','s80',396,20,'blunt',4,0.00000,0,0,0,379,0,176,-1,-1,0,0,'true','true','true','true',0,0,0,0,0,0,0,0,0,'0-0;'),
(14138,'Vesper Avenger','rhand','true',1740,1,1,'steel','s80',396,20,'blunt',4,0.00000,0,0,0,379,0,176,-1,-1,0,0,'true','true','true','true',0,0,0,0,0,0,0,0,0,'0-0;'),
(14139,'Vesper Retributer','lrhand','true',1740,1,1,'steel','s80',482,20,'bigblunt',4,0.00000,0,0,0,325,0,176,-1,-1,0,0,'true','true','true','true',0,0,0,0,0,0,0,0,0,'0-0;'),
(14140,'Vesper Retributer','lrhand','true',1740,1,1,'steel','s80',482,20,'bigblunt',4,0.00000,0,0,0,325,0,176,-1,-1,0,0,'true','true','true','true',0,0,0,0,0,0,0,0,0,'0-0;'),
(14141,'Vesper Retributer','lrhand','true',1740,1,1,'steel','s80',482,20,'bigblunt',4,0.00000,0,0,0,325,0,176,-1,-1,0,0,'true','true','true','true',0,0,0,0,0,0,0,0,0,'0-0;'),
(14142,'Vesper Caster','rhand','true',1080,1,1,'steel','s80',317,20,'blunt',4,0.00000,0,0,0,379,0,234,-1,-1,0,0,'true','true','true','true',0,0,0,0,0,0,0,0,0,'0-0;'),
(14143,'Vesper Caster','rhand','true',1080,1,1,'steel','s80',317,20,'blunt',4,0.00000,0,0,0,379,0,234,-1,-1,0,0,'true','true','true','true',0,0,0,0,0,0,0,0,0,'0-0;'),
(14144,'Vesper Caster','rhand','true',1080,1,1,'steel','s80',317,20,'blunt',4,0.00000,0,0,0,379,0,234,-1,-1,0,0,'true','true','true','true',0,0,0,0,0,0,0,0,0,'0-0;'),
(14145,'Vesper Singer','lrhand','true',1080,1,1,'steel','s80',386,20,'bigblunt',4,0.00000,0,0,0,325,0,257,-1,-1,0,0,'true','true','true','true',0,0,0,0,0,0,0,0,0,'0-0;'),
(14146,'Vesper Singer','lrhand','true',1080,1,1,'steel','s80',386,20,'bigblunt',4,0.00000,0,0,0,325,0,257,-1,-1,0,0,'true','true','true','true',0,0,0,0,0,0,0,0,0,'0-0;'),
(14147,'Vesper Singer','lrhand','true',1080,1,1,'steel','s80',386,20,'bigblunt',4,0.00000,0,0,0,325,0,257,-1,-1,0,0,'true','true','true','true',0,0,0,0,0,0,0,0,0,'0-0;'),
(14148,'Vesper Thrower','lrhand','true',1520,1,1,'steel','s80',724,5,'bow',12,0.00000,0,0,0,293,0,176,-1,-1,0,0,'true','true','true','true',0,0,0,0,0,0,0,0,14154,'0-0;'),
(14149,'Vesper Thrower','lrhand','true',1520,1,1,'steel','s80',724,5,'bow',12,0.00000,0,0,0,293,0,176,-1,-1,0,0,'true','true','true','true',0,0,0,0,0,0,0,0,14155,'0-0;'),
(14150,'Vesper Thrower','lrhand','true',1520,1,1,'steel','s80',724,5,'bow',12,0.00000,0,0,0,293,0,176,-1,-1,0,0,'true','true','true','true',0,0,0,0,0,1160,1,33,14156,'0-0;'),
(14151,'Vesper Pincer','rhand','true',1280,1,1,'steel','s80',359,40,'rapier',10,0.00000,0,0,0,406,0,176,-1,-1,0,0,'true','true','true','true',3426,1,0,0,0,0,0,0,14118,'0-0;'),
(14152,'Vesper Pincer','rhand','true',1280,1,1,'steel','s80',359,40,'rapier',10,0.00000,0,0,0,406,0,176,-1,-1,0,0,'true','true','true','true',3426,1,0,0,0,0,0,0,14119,'0-0;'),
(14153,'Vesper Pincer','rhand','true',1280,1,1,'steel','s80',359,40,'rapier',10,0.00000,0,0,0,406,0,176,-1,-1,0,0,'true','true','true','true',3426,1,0,0,0,0,0,0,14120,'0-0;'),
(14154,'Vesper Sheutjeh','lrhand','true',1580,1,1,'steel','s80',444,10,'crossbow',10,0.00000,0,0,0,303,0,176,-1,-1,0,0,'true','true','true','true',0,0,0,0,0,0,0,0,14148,'0-0;'),
(14155,'Vesper Sheutjeh','lrhand','true',1580,1,1,'steel','s80',444,10,'crossbow',10,0.00000,0,0,0,303,0,176,-1,-1,0,0,'true','true','true','true',0,0,0,0,0,0,0,0,14149,'0-0;'),
(14156,'Vesper Sheutjeh','lrhand','true',1580,1,1,'steel','s80',444,10,'crossbow',10,0.00000,0,0,0,303,0,176,-1,-1,0,0,'true','true','true','true',0,0,0,0,0,1160,1,24,14150,'0-0;'),
(14157,'Vesper Nagan','lrhand','true',1800,1,1,'steel','s80',429,15,'ancient',6,0.00000,0,0,0,350,0,176,-1,-1,0,0,'true','true','true','true',0,0,0,0,0,0,0,0,14121,'0-0;'),
(14158,'Vesper Nagan','lrhand','true',1800,1,1,'steel','s80',429,15,'ancient',6,0.00000,0,0,0,350,0,176,-1,-1,0,0,'true','true','true','true',0,0,0,0,0,0,0,0,14122,'0-0;'),
(14159,'Vesper Nagan','lrhand','true',1800,1,1,'steel','s80',429,15,'ancient',6,0.00000,0,0,0,350,0,176,-1,-1,0,0,'true','true','true','true',0,0,0,0,0,0,0,0,14123,'0-0;');

-- S84薄暮防具
REPLACE INTO `armor` VALUES
(13137,'Vesper Helmet','head','true','heavy',530,'wood','s80',0,-1,-1,101,0,0,0,0,'true','true','true','true','0-0;'),
(13138,'Vesper Leather Helmet','head','true','light',530,'wood','s80',0,-1,-1,101,0,0,0,0,'true','true','true','true','0-0;'),
(13139,'Vesper Circlet','head','true','magic',530,'wood','s80',0,-1,-1,101,0,0,0,0,'true','true','true','true','0-0;'),
(13432,'Vesper Breastplate','chest','true','heavy',7520,'wood','s80',0,-1,-1,250,0,0,0,0,'true','true','true','true','0-0;'),
(13433,'Vesper Leather Breastplate','chest','true','light',4140,'wood','s80',0,-1,-1,187,0,0,0,0,'true','true','true','true','0-0;'),
(13434,'Vesper Tunic','chest','true','magic',1750,'wood','s80',0,-1,-1,125,0,637,0,0,'true','true','true','true','0-0;'),
(13438,'Vesper Gaiters','legs','true','heavy',3170,'wood','s80',0,-1,-1,156,0,0,0,0,'true','true','true','true','0-0;'),
(13439,'Vesper Gauntlet','gloves','true','heavy',510,'wood','s80',0,-1,-1,68,0,0,0,0,'true','true','true','true','0-0;'),
(13440,'Vesper Boots','feet','true','heavy',1070,'wood','s80',0,-1,-1,68,0,0,0,0,'true','true','true','true','0-0;'),
(13441,'Vesper Leather Leggings','legs','true','light',1320,'wood','s80',0,-1,-1,117,0,0,0,0,'true','true','true','true','0-0;'),
(13442,'Vesper Leather Gloves','gloves','true','light',510,'wood','s80',0,-1,-1,68,0,0,0,0,'true','true','true','true','0-0;'),
(13443,'Vesper Leather Boots','feet','true','light',1070,'wood','s80',0,-1,-1,68,0,0,0,0,'true','true','true','true','0-0;'),
(13444,'Vesper Stockings','legs','true','magic',850,'wood','s80',0,-1,-1,78,0,415,0,0,'true','true','true','true','0-0;'),
(13445,'Vesper Gloves','gloves','true','magic',510,'wood','s80',0,-1,-1,68,0,0,0,0,'true','true','true','true','0-0;'),
(13446,'Vesper Shoes','feet','true','magic',1070,'wood','s80',0,-1,-1,68,0,0,0,0,'true','true','true','true','0-0;'),
(14163,'Vesper Earring','rear,lear','true','none',150,'wood','s80',0,-1,-1,0,94,37,0,0,'true','true','true','true','0-0;'),
(14164,'Vesper Necklace','neck','true','none',150,'wood','s80',0,-1,-1,0,125,50,0,0,'true','true','true','true','0-0;'),
(14165,'Vesper Ring','rfinger,lfinger','true','none',150,'wood','s80',0,-1,-1,0,62,25,0,0,'true','true','true','true','0-0;');

-- S84薄暮防具的套裝效果
REPLACE INTO `armorsets` VALUES
(301,13432,13438,13137,13439,13440,8283,1,13471,3417,3623),
(302,13433,13441,13138,13442,13443,8285,1,0,0,3624),
(303,13434,13444,13139,13445,13446,8287,1,0,0,3625);

-- S84封印的薄暮武器
REPLACE INTO `weapon` VALUES
(14111,'Sealed Vesper Shield','lhand','true',1130,0,0,'steel','s80',0,0,'none',0,0.00000,-8,352,20,0,0,0,-1,-1,0,0,'true','true','true','true',0,0,0,0,0,0,0,0,0,'0-0;');

-- S84封印的薄暮防具
REPLACE INTO `armor` VALUES
(13143,'Sealed Vesper Helmet','head','true','heavy',530,'wood','s80',0,-1,-1,101,0,0,0,0,'true','true','true','true','0-0;'),
(13144,'Sealed Vesper Leather Helmet','head','true','light',530,'wood','s80',0,-1,-1,101,0,0,0,0,'true','true','true','true','0-0;'),
(13145,'Sealed Vesper Circlet','head','true','magic',530,'wood','s80',0,-1,-1,101,0,0,0,0,'true','true','true','true','0-0;'),
(14105,'Sealed Vesper Breastplate','chest','true','heavy',7520,'wood','s80',0,-1,-1,223,0,0,0,0,'true','true','true','true','0-0;'),
(14106,'Sealed Vesper Leather Breastplate','chest','true','light',4140,'wood','s80',0,-1,-1,177,0,0,0,0,'true','true','true','true','0-0;'),
(14107,'Sealed Vesper Tunic','chest','true','magic',1750,'wood','s80',0,-1,-1,118,0,637,0,0,'true','true','true','true','0-0;'),
(14108,'Sealed Vesper Gaiters','legs','true','heavy',3170,'wood','s80',0,-1,-1,148,0,0,0,0,'true','true','true','true','0-0;'),
(14109,'Sealed Vesper Gauntlet','gloves','true','heavy',510,'wood','s80',0,-1,-1,68,0,0,0,0,'true','true','true','true','0-0;'),
(14110,'Sealed Vesper Boots','feet','true','heavy',1070,'wood','s80',0,-1,-1,68,0,0,0,0,'true','true','true','true','0-0;'),
(14112,'Sealed Vesper Leather Leggings','legs','true','light',1320,'wood','s80',0,-1,-1,111,0,0,0,0,'true','true','true','true','0-0;'),
(14113,'Sealed Vesper Leather Gloves','gloves','true','light',510,'wood','s80',0,-1,-1,68,0,0,0,0,'true','true','true','true','0-0;'),
(14114,'Sealed Vesper Leather Boots','feet','true','light',1070,'wood','s80',0,-1,-1,68,0,0,0,0,'true','true','true','true','0-0;'),
(14115,'Sealed Vesper Stockings','legs','true','magic',850,'wood','s80',0,-1,-1,74,0,415,0,0,'true','true','true','true','0-0;'),
(14116,'Sealed Vesper Gloves','gloves','true','magic',510,'wood','s80',0,-1,-1,68,0,0,0,0,'true','true','true','true','0-0;'),
(14117,'Sealed Vesper Shoes','feet','true','magic',1070,'wood','s80',0,-1,-1,68,0,0,0,0,'true','true','true','true','0-0;'),
(14160,'Sealed Vesper Earring','rear,lear','true','none',150,'wood','s80',0,-1,-1,0,83,0,0,0,'true','true','true','true','0-0;'),
(14161,'Sealed Vesper Necklace','neck','true','none',150,'wood','s80',0,-1,-1,0,1100,0,0,0,'true','true','true','true','0-0;'),
(14162,'Sealed Vesper Ring','rfinger,lfinger','true','none',150,'wood','s80',0,-1,-1,0,55,0,0,0,'true','true','true','true','0-0;');

-- 城堡的屬性飾品
REPLACE INTO `armor` VALUES
(13740,'Gludio Water Protection Necklace','neck','false','none',150,'wood','a',0,-1,-1,0,85,33,0,0,'false','false','true','false','0-0;'),
(13741,'Dion Divinity Protection Necklace','neck','false','none',150,'wood','a',0,-1,-1,0,85,33,0,0,'false','false','true','false','0-0;'),
(13742,'Giran Wind Protection Necklace','neck','false','none',150,'wood','a',0,-1,-1,0,85,33,0,0,'false','false','true','false','0-0;'),
(13743,'Oren Protection Necklace of Darkness','neck','false','none',150,'wood','a',0,-1,-1,0,85,33,0,0,'false','false','true','false','0-0;'),
(13744,'Aden Earth Protection Necklace','neck','false','none',150,'wood','a',0,-1,-1,0,85,33,0,0,'false','false','true','false','0-0;'),
(13745,'Innadril Water Protection Necklace','neck','false','none',150,'wood','a',0,-1,-1,0,85,33,0,0,'false','false','true','false','0-0;'),
(13746,'Goddard Fire Protection Necklace','neck','false','none',150,'wood','a',0,-1,-1,0,85,33,0,0,'false','false','true','false','0-0;'),
(13747,'Rune Fire Protection Necklace','neck','false','none',150,'wood','a',0,-1,-1,0,85,33,0,0,'false','false','true','false','0-0;'),
(13748,'Schuttgart Wind Protection Necklace','neck','false','none',150,'wood','a',0,-1,-1,0,85,33,0,0,'false','false','true','false','0-0;'),
(14592,'Gludio Earth Protection Ring','rfinger,lfinger','true','none',150,'wood','a',0,-1,-1,0,42,17,0,0,'false','false','true','false','0-0;'),
(14593,'Dion Water Protection Ring','rfinger,lfinger','true','none',150,'wood','a',0,-1,-1,0,42,17,0,0,'false','false','true','false','0-0;'),
(14594,'Giran Fire Protection Ring','rfinger,lfinger','true','none',150,'wood','a',0,-1,-1,0,42,17,0,0,'false','false','true','false','0-0;'),
(14595,'Oren Earth Protection Ring','rfinger,lfinger','true','none',150,'wood','a',0,-1,-1,0,42,17,0,0,'false','false','true','false','0-0;'),
(14596,'Aden Divinity Protection Ring','rfinger,lfinger','true','none',150,'wood','a',0,-1,-1,0,42,17,0,0,'false','false','true','false','0-0;'),
(14597,'Innadril Divinity Protection Ring','rfinger,lfinger','true','none',150,'wood','a',0,-1,-1,0,42,17,0,0,'false','false','true','false','0-0;'),
(14598,'Goddard Dark Protection Ring','rfinger,lfinger','true','none',150,'wood','a',0,-1,-1,0,42,17,0,0,'false','false','true','false','0-0;'),
(14599,'Rune Wind Protection Ring','rfinger,lfinger','true','none',150,'wood','a',0,-1,-1,0,42,17,0,0,'false','false','true','false','0-0;'),
(14600,'Schuttgart Dark Protection Ring','rfinger,lfinger','true','none',150,'wood','a',0,-1,-1,0,42,17,0,0,'false','false','true','false','0-0;'),
(14664,'Gludio Protection Earring','rear,lear','false','none',150,'wood','a',0,-1,-1,0,63,25,0,0,'false','false','true','false','0-0;'),
(14665,'Dion Protection Earring','rear,lear','false','none',150,'wood','a',0,-1,-1,0,63,25,0,0,'false','false','true','false','0-0;'),
(14666,'Giran Protection Earring','rear,lear','false','none',150,'wood','a',0,-1,-1,0,63,25,0,0,'false','false','true','false','0-0;'),
(14667,'Oren Protection Earring','rear,lear','false','none',150,'wood','a',0,-1,-1,0,63,25,0,0,'false','false','true','false','0-0;'),
(14668,'Aden Protection Earring','rear,lear','false','none',150,'wood','a',0,-1,-1,0,63,25,0,0,'false','false','true','false','0-0;'),
(14669,'Innadril Protection Earring','rear,lear','false','none',150,'wood','a',0,-1,-1,0,63,25,0,0,'false','false','true','false','0-0;'),
(14670,'Goddard Protection Earring','rear,lear','false','none',150,'wood','a',0,-1,-1,0,63,25,0,0,'false','false','true','false','0-0;'),
(14671,'Rune Protection Earring','rear,lear','false','none',150,'wood','a',0,-1,-1,0,63,25,0,0,'false','false','true','false','0-0;'),
(14672,'Schuttgart Protection Earring','rear,lear','false','none',150,'wood','a',0,-1,-1,0,63,25,0,0,'false','false','true','false','0-0;');

-- 符印
REPLACE INTO `weapon` VALUES
(12811,'Arcana Sigil','lhand','true',940,0,0,'fine_steel','s',0,0,'none',0,0.00000,-8,13,20,0,0,0,-1,-1,0,0,'true','true','true','true',0,0,0,0,0,0,0,0,0,'0-0;'),
(12812,'Dynasty Sigil','lhand','true',930,0,0,'fine_steel','s80',0,0,'none',0,0.00000,-8,15,20,0,0,0,-1,-1,0,0,'true','true','true','true',0,0,0,0,0,0,0,0,0,'0-0;'),
(12813,'Vesper Sigil','lhand','true',920,0,0,'fine_steel','s80',0,0,'none',0,0.00000,-8,17,20,0,0,0,-1,-1,0,0,'true','true','true','true',0,0,0,0,0,0,0,0,0,'0-0;'),
(13885,'Sealed Arcana Sigil','lhand','true',940,0,0,'fine_steel','s',0,0,'none',0,0.00000,-8,13,20,0,0,0,-1,-1,0,0,'true','true','true','true',0,0,0,0,0,0,0,0,0,'0-0;'),
(13886,'Sealed Dynasty Sigil','lhand','true',930,0,0,'fine_steel','s80',0,0,'none',0,0.00000,-8,15,20,0,0,0,-1,-1,0,0,'true','true','true','true',0,0,0,0,0,0,0,0,0,'0-0;'),
(13887,'Sealed Vesper Sickle','lhand','true',920,0,0,'fine_steel','s80',0,0,'none',0,0.00000,-8,17,20,0,0,0,-1,-1,0,0,'true','true','true','true',0,0,0,0,0,0,0,0,0,'0-0;');
Delete From `weapon` Where `item_id` in (10119,13078);
UPDATE `items` SET `item_id` = '12811' WHERE `item_id` in (13078);
UPDATE `items` SET `item_id` = '12812' WHERE `item_id` in (10119);

-- 斗篷
REPLACE INTO `armor` VALUES
(13687,'Knight\'s Cloak - Heavy Armor exclusive','back','true','heavy',220,'wood','s80',0,-1,-1,20,0,0,0,0,'false','false','true','false','0-0;'),
(13688,'Knight\'s Cloak - Light Armor exclusive','back','true','light',220,'wood','s80',0,-1,-1,20,0,0,0,0,'false','false','true','false','0-0;'),
(13689,'Knight\'s Cloak - Robe exclusive','back','true','magic',220,'wood','s80',0,-1,-1,20,0,0,0,0,'false','false','true','false','0-0;'),
(13690,'Knight\'s Cloak - Kamael exclusive','back','true','light',220,'wood','s80',0,-1,-1,20,0,0,0,0,'false','false','true','false','0-0;'),
(13889,'Holy Spirit\'s Cloak - Kamael exclusive','back','true','light',220,'wood','s80',0,-1,-1,20,0,0,0,0,'false','false','true','false','0-0;'),
(13890,'Holy Spirit\'s Cloak - Heavy Armor exclusive','back','true','heavy',220,'wood','s80',0,-1,-1,20,0,0,0,0,'false','false','true','false','0-0;'),
(13891,'Holy Spirit\'s Cloak - Light Armor exclusive','back','true','light',220,'wood','s80',0,-1,-1,20,0,0,0,0,'false','false','true','false','0-0;'),
(13892,'Holy Spirit\'s Cloak - Robe exclusive','back','true','magic',220,'wood','s80',0,-1,-1,20,0,0,0,0,'false','false','true','false','0-0;'),
(14601,'Ancient Cloak - Kamael exclusive','back','true','light',220,'wood','s80',0,-1,-1,20,0,0,0,0,'false','false','true','false','0-0;'),
(14608,'Ancient Cloak - Light Armor exclusive','back','true','light',220,'wood','s80',0,-1,-1,20,0,0,0,0,'false','false','true','false','0-0;'),
(14609,'Ancient Cloak - Heavy Armor exclusive','back','true','heavy',220,'wood','s80',0,-1,-1,20,0,0,0,0,'false','false','true','false','0-0;'),
(14610,'Ancient Cloak - Robe exclusive','back','true','magic',220,'wood','s80',0,-1,-1,20,0,0,0,0,'false','false','true','false','0-0;');

-- 封印的斗篷
REPLACE INTO `etcitem` VALUES
(13686,'Sealed Knight\'s Cloak','false','none',220,'normal','wood','none',-1,-1,0,0,'false','false','true','false','0-0;','false'),
(13893,'Sealed Holy Spirit\'s Cloak','false','none',220,'normal','wood','none',-1,-1,0,0,'false','false','true','false','0-0;','false'),
(14603,'Sealed Ancient Cloak','false','none',220,'normal','wood','none',-1,-1,0,0,'false','false','true','false','0-0;','false');

-- 法國麵包武器
REPLACE INTO `weapon` VALUES
(20255,'Baguette Sword','rhand','true',500,3,3,'steel','none',1,1,'sword',8,0.00000,0,0,0,379,0,2,10080,-1,0,0,'true','true','true','true',0,0,0,0,0,0,0,0,0,'0-0;'),
(20256,'Baguette Dagger','rhand','true',500,3,3,'steel','none',1,1,'dagger',12,0.00000,0,0,0,433,0,2,10080,-1,0,0,'true','true','true','true',0,0,0,0,0,0,0,0,0,'0-0;'),
(20257,'Baguette Dual Sword','lrhand','true',500,3,3,'steel','none',1,1,'bigsword',8,0.00000,0,0,0,325,0,2,10080,-1,0,0,'true','true','true','true',0,0,0,0,0,0,0,0,0,'0-0;'),
(20258,'Baguette Mace','rhand','true',500,3,3,'steel','none',1,1,'blunt',4,0.00000,0,0,0,379,0,2,10080,-1,0,0,'true','true','true','true',0,0,0,0,0,0,0,0,0,'0-0;'),
(20259,'Baguette Heavy Hammer','lrhand','true',500,3,3,'steel','none',1,1,'bigblunt',4,0.00000,0,0,0,325,0,2,10080,-1,0,0,'true','true','true','true',0,0,0,0,0,0,0,0,0,'0-0;'),
(20260,'Baguette Spear','lrhand','true',500,3,3,'steel','none',1,1,'pole',8,0.00000,0,0,0,325,0,2,10080,-1,0,0,'true','true','true','true',0,0,0,0,0,0,0,0,0,'0-0;'),
(20261,'Baguette Bow','lrhand','true',500,10,3,'steel','none',1,1,'bow',12,0.00000,0,0,0,293,0,3,10080,-1,0,0,'true','true','true','true',0,0,0,0,0,0,0,0,0,'0-0;'),
(20262,'Baguette Fist','lrhand','true',500,3,3,'steel','none',1,1,'dualfist',4,0.00000,0,0,0,325,0,2,10080,-1,0,0,'true','true','true','true',0,0,0,0,0,0,0,0,0,'0-0;'),
(20263,'Baguette Magic Sword','rhand','true',500,3,3,'steel','none',1,1,'sword',8,0.00000,0,0,0,379,0,2,10080,-1,0,0,'true','true','true','true',0,0,0,0,0,0,0,0,0,'0-0;'),
(20264,'Baguette Staff','rhand','true',500,3,3,'steel','none',1,1,'blunt',4,0.00000,0,0,0,379,0,2,10080,-1,0,0,'true','true','true','true',0,0,0,0,0,0,0,0,0,'0-0;'),
(20265,'Baguette Great Staff','lrhand','true',500,3,3,'steel','none',1,1,'bigblunt',4,0.00000,0,0,0,325,0,2,10080,-1,0,0,'true','true','true','true',0,0,0,0,0,0,0,0,0,'0-0;'),
(20266,'Baguette Shield','lhand','true',500,0,0,'steel','none',0,0,'none',0,0.00000,-8,2,20,0,0,0,10080,-1,0,0,'true','true','true','true',0,0,0,0,0,0,0,0,0,'0-0;'),
(20267,'Baguette Rapier','rhand','true',500,3,3,'steel','none',1,1,'rapier',10,0.00000,0,0,0,406,0,3,10080,-1,0,0,'true','true','true','true',0,0,0,0,0,0,0,0,0,'0-0;'),
(20268,'Baguette Ancient Sword','lrhand','true',500,3,3,'steel','none',1,1,'ancient',6,0.00000,0,0,0,350,0,3,10080,-1,0,0,'true','true','true','true',0,0,0,0,0,0,0,0,0,'0-0;'),
(20269,'Baguette Crossbow','lrhand','true',500,6,3,'steel','none',1,1,'crossbow',10,0.00000,0,0,0,303,0,3,10080,-1,0,0,'true','true','true','true',0,0,0,0,0,0,0,0,0,'0-0;'),
(20270,'Baguette\'s Dualsword','lrhand','true',500,3,3,'wood','none',1,1,'dual',8,0.00000,0,0,0,325,0,2,10080,-1,0,0,'true','true','true','true',0,0,0,0,0,0,0,0,0,'0-0;');

-- 新頭飾
REPLACE INTO `armor` VALUES
(14611,'Ancient Cloak - Kamael exclusive','face','false','none',10,'wood','none',0,-1,-1,0,0,0,0,0,'true','true','true','true','0-0;'),
(13074,'Shadow Item - Sorcerer Hat','hairall','false','none',10,'wood','none',0,-1,-1,0,0,0,0,0,'true','true','true','true','0-0;'),
(13075,'Shadow Item - Black Mask','hairall','false','none',10,'wood','none',0,-1,-1,0,0,0,0,0,'true','true','true','true','0-0;'),
(13076,'Shadow Item - Dragonfly Goggle','hairall','false','none',10,'wood','none',0,-1,-1,0,0,0,0,0,'true','true','true','true','0-0;'),
(13472,'Circlet of Innadril Valor','hairall','false','none',10,'wood','none',0,-1,-1,0,0,0,0,0,'true','true','true','true','0-0;'),
(13473,'Circlet of Aden Valor','hairall','false','none',10,'wood','none',0,-1,-1,0,0,0,0,0,'true','true','true','true','0-0;'),
(13474,'Circlet of Dion Valor','hairall','false','none',10,'wood','none',0,-1,-1,0,0,0,0,0,'true','true','true','true','0-0;'),
(13475,'Circlet of Dion Sniper','hairall','false','none',10,'wood','none',0,-1,-1,0,0,0,0,0,'true','true','true','true','0-0;'),
(13476,'Circlet of Innadril Sniper','hairall','false','none',10,'wood','none',0,-1,-1,0,0,0,0,0,'true','true','true','true','0-0;'),
(13477,'Circlet of Oren Sniper','hairall','false','none',10,'wood','none',0,-1,-1,0,0,0,0,0,'true','true','true','true','0-0;'),
(13478,'Circlet of Gludio Sage','hairall','false','none',10,'wood','none',0,-1,-1,0,0,0,0,0,'true','true','true','true','0-0;'),
(13479,'Circlet of Rune Sage','hairall','false','none',10,'wood','none',0,-1,-1,0,0,0,0,0,'true','true','true','true','0-0;'),
(13480,'Circlet of Giran Sage','hairall','false','none',10,'wood','none',0,-1,-1,0,0,0,0,0,'true','true','true','true','0-0;'),
(13481,'Circlet of Goddard Combat','hairall','false','none',10,'wood','none',0,-1,-1,0,0,0,0,0,'true','true','true','true','0-0;'),
(13482,'Circlet of Schuttgart Combat','hairall','false','none',10,'wood','none',0,-1,-1,0,0,0,0,0,'true','true','true','true','0-0;'),
(13483,'Circlet of Oren Combat','hairall','false','none',10,'wood','none',0,-1,-1,0,0,0,0,0,'true','true','true','true','0-0;'),
(13484,'Circlet of Gludio Silence','hairall','false','none',10,'wood','none',0,-1,-1,0,0,0,0,0,'true','true','true','true','0-0;'),
(13485,'Circlet of Schuttgart Silence','hairall','false','none',10,'wood','none',0,-1,-1,0,0,0,0,0,'true','true','true','true','0-0;'),
(13486,'Circlet of Aden Unity','hairall','false','none',10,'wood','none',0,-1,-1,0,0,0,0,0,'true','true','true','true','0-0;'),
(13487,'Circlet of Rune Silence','hairall','false','none',10,'wood','none',0,-1,-1,0,0,0,0,0,'true','true','true','true','0-0;'),
(13488,'Birthday Hat','hairall','false','none',10,'wood','none',0,-1,-1,0,0,0,0,0,'true','true','true','true','0-0;'),
(13489,'Halloween Hat','hairall','false','none',10,'wood','none',0,-1,-1,0,0,0,0,0,'true','true','true','true','0-0;'),
(13490,'Arrow-Pierced Apple','hairall','false','none',10,'wood','none',0,-1,-1,0,0,0,0,0,'true','true','true','true','0-0;'),
(13491,'Popped-Out Eye','hairall','false','none',10,'wood','none',0,-1,-1,0,0,0,0,0,'true','true','true','true','0-0;'),
(13492,'Graduation Cap','hairall','false','none',10,'wood','none',0,-1,-1,0,0,0,0,0,'true','true','true','true','0-0;'),
(13493,'Refined Carnival Circlet','hairall','false','none',10,'wood','none',0,-1,-1,0,0,0,0,0,'true','true','true','true','0-0;'),
(13494,'Refined Angel Ring','hairall','false','none',10,'wood','none',0,-1,-1,0,0,0,0,0,'true','true','true','true','0-0;'),
(13495,'Refined Devil Horn','hairall','false','none',10,'wood','none',0,-1,-1,0,0,0,0,0,'true','true','true','true','0-0;'),
(13496,'Refined Pirate Hat','hairall','false','none',10,'wood','none',0,-1,-1,0,0,0,0,0,'true','true','true','true','0-0;'),
(13497,'Event - Refined Chick Hat','hairall','false','none',10,'wood','none',0,-1,-1,0,0,0,0,0,'true','true','true','true','0-0;'),
(13498,'Refined Wizard Hat','hairall','false','none',10,'wood','none',0,-1,-1,0,0,0,0,0,'true','true','true','true','0-0;'),
(13499,'Refined Jester Hat','hairall','false','none',10,'wood','none',0,-1,-1,0,0,0,0,0,'true','true','true','true','0-0;'),
(13500,'Event - Refined Black Feather Mask','hairall','false','none',10,'wood','none',0,-1,-1,0,0,0,0,0,'true','true','true','true','0-0;'),
(13501,'Refined Romantic Chapeau','hairall','false','none',10,'wood','none',0,-1,-1,0,0,0,0,0,'true','true','true','true','0-0;'),
(13502,'Event - Refined Carnival Circlet','hairall','false','none',10,'wood','none',0,-1,-1,0,0,0,0,0,'true','true','true','true','0-0;'),
(13503,'Refined Medieval Style Party Mask','hairall','false','none',10,'wood','none',0,-1,-1,0,0,0,0,0,'true','true','true','true','0-0;'),
(13504,'Refined Dapper Cap','hairall','false','none',10,'wood','none',0,-1,-1,0,0,0,0,0,'true','true','true','true','0-0;'),
(13505,'Clownfish Hat','hairall','false','none',10,'wood','none',0,-1,-1,0,0,0,0,0,'true','true','true','true','0-0;'),
(13506,'Improved Lord\'s Crown','hairall','false','none',10,'wood','none',0,-1,-1,0,0,0,0,0,'true','true','true','true','0-0;'),
(13507,'Circlet of Flames','hairall','false','none',10,'wood','none',0,-1,-1,0,0,0,0,0,'true','true','true','true','0-0;'),
(13508,'Circlet of Freeze','hairall','false','none',10,'wood','none',0,-1,-1,0,0,0,0,0,'true','true','true','true','0-0;'),
(13509,'Circlet of Storm','hairall','false','none',10,'wood','none',0,-1,-1,0,0,0,0,0,'true','true','true','true','0-0;'),
(13510,'Circlet of Earthquake','hairall','false','none',10,'wood','none',0,-1,-1,0,0,0,0,0,'true','true','true','true','0-0;'),
(13511,'Circlet of Darkness','hairall','false','none',10,'wood','none',0,-1,-1,0,0,0,0,0,'true','true','true','true','0-0;'),
(13512,'Circlet of Splendor','hairall','false','none',10,'wood','none',0,-1,-1,0,0,0,0,0,'true','true','true','true','0-0;'),
(13513,'Mining Hat','hairall','false','none',10,'wood','none',0,-1,-1,0,0,0,0,0,'true','true','true','true','0-0;'),
(13514,'Improved Mining Hat','hairall','false','none',10,'wood','none',0,-1,-1,0,0,0,0,0,'true','true','true','true','0-0;'),
(13515,'Search Hat','hairall','false','none',10,'wood','none',0,-1,-1,0,0,0,0,0,'true','true','true','true','0-0;'),
(13516,'Improved Search Hat','hairall','false','none',10,'wood','none',0,-1,-1,0,0,0,0,0,'true','true','true','true','0-0;'),
(13517,'Event - Raccoon Hat','hairall','false','none',10,'wood','none',0,-1,-1,0,0,0,0,0,'true','true','true','true','0-0;'),
(13518,'Event - Sorcerer Hat','hairall','false','none',10,'wood','none',0,-1,-1,0,0,0,0,0,'true','true','true','true','0-0;'),
(13519,'Event - Black Mask','hairall','false','none',10,'wood','none',0,-1,-1,0,0,0,0,0,'true','true','true','true','0-0;'),
(13520,'Event - Jindo Dog Hat','hairall','false','none',10,'wood','none',0,-1,-1,0,0,0,0,0,'true','true','true','true','0-0;'),
(13521,'Event - Shaggy Dog Hat','hairall','false','none',10,'wood','none',0,-1,-1,0,0,0,0,0,'true','true','true','true','0-0;'),
(13522,'Event - Dragonfly Goggle','hairall','false','none',10,'wood','none',0,-1,-1,0,0,0,0,0,'true','true','true','true','0-0;'),
(13523,'Event - Lineage Souvenir Circlet','hairall','false','none',10,'wood','none',0,-1,-1,0,0,0,0,0,'true','true','true','true','0-0;'),
(14746,'Refined Chick Hat','hairall','false','none',10,'wood','none',0,-1,-1,0,0,0,0,0,'true','true','true','true','0-0;'),
(14747,'Refined Black Feather Mask','hairall','false','none',10,'wood','none',0,-1,-1,0,0,0,0,0,'true','true','true','true','0-0;'),
(14748,'Refined Carnival Circlet','hairall','false','none',10,'wood','none',0,-1,-1,0,0,0,0,0,'true','true','true','true','0-0;'),
(20321,'Goggle','hairall','false','none',10,'wood','none',0,-1,-1,0,0,0,0,0,'true','true','true','true','0-0;'),
(20322,'Napoleon Hat','hairall','false','none',10,'wood','none',0,-1,-1,0,0,0,0,0,'true','true','true','true','0-0;'),
(20323,'Horn Hairband','hairall','false','none',10,'wood','none',0,-1,-1,0,0,0,0,0,'true','true','true','true','0-0;'),
(20324,'Black Gem Mask','hairall','false','none',10,'wood','none',0,-1,-1,0,0,0,0,0,'true','true','true','true','0-0;'),
(20325,'Plastic Hair','hairall','false','none',10,'wood','none',0,-1,-1,0,0,0,0,0,'true','true','true','true','0-0;');

-- 新壺精
REPLACE INTO `armor` VALUES
(10659,'Agathion Summon Bracelet - Monkey','lbracelet','false','none',150,'wood','none',0,-1,-1,0,0,0,0,0,'false','false','true','false','8254-1;3267-1;'),
(10660,'Agathion Summon Bracelet - Griffin','lbracelet','false','none',150,'wood','none',0,-1,-1,0,0,0,0,0,'false','false','true','false','8255-1;3267-1;'),
(13024,'Sudden Agathion','lbracelet','false','none',150,'wood','none',0,43200,-1,0,0,0,0,0,'false','false','true','false','8257-1;5956-1;3267-1;'),
(13025,'Shiny Agathion','lbracelet','false','none',150,'wood','none',0,43200,-1,0,0,0,0,0,'false','false','true','false','8256-1;5955-1;3267-1;'),
(13026,'Sobbing Agathion','lbracelet','false','none',150,'wood','none',0,43200,-1,0,0,0,0,0,'false','false','true','false','8258-1;5957-1;3267-1;'),
(13543,'Agathion Summon Bracelet - Collection','lbracelet','false','none',150,'wood','none',0,-1,-1,0,0,0,0,0,'false','false','true','false','8251-1;5780-1;3267-1;'),
(13544,'Agathion Summon Bracelet - Boy Teddy Bear','lbracelet','false','none',150,'wood','none',0,-1,-1,0,0,0,0,0,'false','false','true','false','8259-1;5958-1;3267-1;'),
(13545,'Agathion Summon Bracelet - Girl Teddy Bear','lbracelet','false','none',150,'wood','none',0,-1,-1,0,0,0,0,0,'false','false','true','false','8260-1;5959-1;3267-1;'),
(13543,'Agathion Summon Bracelet - Collection','lbracelet','false','none',150,'wood','none',0,-1,-1,0,0,0,0,0,'false','false','true','false','8251-1;5780-1;3267-1;'),
(14027,'Collection Agathion Summon Bracelet','lbracelet','false','none',150,'wood','none',0,-1,-1,0,0,0,0,0,'false','false','true','false','8251-1;5780-1;3267-1;'),
(14675,'Agathion Seal Bracelet - Saerom','lbracelet','false','none',150,'wood','none',0,-1,-1,0,0,0,0,0,'false','false','true','false','8314-1;6124-1;3267-1;'),
(20297,'Agathion Seal Bracelet - Red Sumo Wrestler','lbracelet','false','none',150,'wood','none',0,-1,-1,0,0,0,0,0,'false','false','true','false','21043-1;23049-1;3267-1;'),
(20298,'Agathion Seal Bracelet - Red Sumo Wrestler','lbracelet','false','none',150,'wood','none',0,-1,-1,0,0,0,0,0,'false','false','true','false','21043-1;23049-1;23057-1;3267-1;'),
(20299,'Agathion Seal Bracelet - Blue Sumo Wrestler','lbracelet','false','none',150,'wood','none',0,-1,-1,0,0,0,0,0,'false','false','true','false','21044-1;23050-1;3267-1;'),
(20300,'Agathion Seal Bracelet - Blue Sumo Wrestler','lbracelet','false','none',150,'wood','none',0,-1,-1,0,0,0,0,0,'false','false','true','false','21044-1;23050-1;23058-1;3267-1;'),
(20301,'Agathion Seal Bracelet - Great Sumo Match','lbracelet','false','none',150,'wood','none',0,-1,-1,0,0,0,0,0,'false','false','true','false','21045-1;23051-1;23059-1;3267-1;'),
(20302,'Agathion Seal Bracelet - Great Sumo Match','lbracelet','false','none',150,'wood','none',0,-1,-1,0,0,0,0,0,'false','false','true','false','21045-1;23051-1;23060-1;3267-1;'),
(20303,'Agathion Seal Bracelet - Button-Eyed Bear Doll','lbracelet','false','none',150,'wood','none',0,-1,-1,0,0,0,0,0,'false','false','true','false','21046-1;23052-1;3267-1;'),
(20304,'Agathion Seal Bracelet - Button-Eyed Bear Doll','lbracelet','false','none',150,'wood','none',0,-1,-1,0,0,0,0,0,'false','false','true','false','21046-1;23052-1;23061-1;3267-1;'),
(20305,'Agathion Seal Bracelet - Button-Eyed Bear Doll','lbracelet','false','none',150,'wood','none',0,-1,-1,0,0,0,0,0,'false','false','true','false','21046-1;23052-1;23062-1;3267-1;'),
(20307,'Agathion Seal Bracelet - God of Fortune','lbracelet','false','none',150,'wood','none',0,-1,-1,0,0,0,0,0,'false','false','true','false','23053-1;21047-1;3267-1;'),
(20309,'Agathion Seal Bracelet - Dryad','lbracelet','false','none',150,'wood','none',0,-1,-1,0,0,0,0,0,'false','false','true','false','21048-1;23054-1;3267-1;'),
(20310,'Agathion Seal Bracelet - Wonboso','lbracelet','false','none',150,'wood','none',0,-1,-1,0,0,0,0,0,'false','false','true','false','21049-1;23055-1;3267-1;'),
(20311,'Agathion Seal Bracelet - Wonboso','lbracelet','false','none',150,'wood','none',0,-1,-1,0,0,0,0,0,'false','false','true','false','21049-1;23055-1;23065-1;3267-1;'),
(20312,'Agathion Seal Bracelet - Daewoonso','lbracelet','false','none',150,'wood','none',0,-1,-1,0,0,0,0,0,'false','false','true','false','21050-1;23056-1;3267-1;');

-- 黃鬃獅子騎乘手鐲 / 蒸汽甲蟲騎乘手鐲
REPLACE INTO `armor` VALUES
(13547,'Vesper Cutter','lbracelet','false','none',150,'wood','none',0,10080,-1,0,0,0,0,0,'false','false','false','false','8262-1;'),
(20396,'Steam Beatle Mounting Bracelet','lbracelet','false','none',30,'wood','none',0,10080,-1,0,0,0,0,0,'false','false','false','false','8261-1;');

-- 新狩獵幫手
REPLACE INTO `npc` VALUES
('16050', '16050', 'Owl Monk', '0', '', '0', 'LineageMonster4.owl_wizard_the_pet', '15', '20', '80', 'male', 'L2Pet', '40', '2444', '2444', '0.00', '0.00', '40', '43', '30', '21', '20', '25', '0', '0', '500', '500', '500', '500', '253', '0', '253', '0', '0', '0', '80', '120', 'NULL', '0', '0', '0', 'LAST_HIT', '0', '0', '0', 'fighter', 'false'),
('16051', '16051', 'Spirit Shaman', '0', '', '0', 'LineageMonster4.sprit_magician_the_pet', '15', '15', '80', 'male', 'L2Pet', '40', '2444', '2444', '0.00', '0.00', '40', '43', '30', '21', '20', '25', '0', '0', '500', '500', '500', '500', '253', '0', '253', '0', '0', '0', '80', '120', 'NULL', '0', '0', '0', 'LAST_HIT', '0', '0', '0', 'fighter', 'false'),
('16052', '16052', 'Toy Knight', '0', '', '0', 'LineageMonster4.toy_knight_the_pet', '12', '15', '80', 'male', 'L2Pet', '40', '2444', '2444', '0.00', '0.00', '40', '43', '30', '21', '20', '25', '0', '0', '500', '500', '500', '500', '253', '0', '253', '0', '0', '0', '80', '120', 'NULL', '0', '0', '0', 'LAST_HIT', '0', '0', '0', 'fighter', 'false'),
('16053', '16053', 'Turtle Ascetic', '0', '', '0', 'LineageMonster4.turtle_buffer_the_pet', '12', '10', '80', 'male', 'L2Pet', '40', '2444', '2444', '0.00', '0.00', '40', '43', '30', '21', '20', '25', '0', '0', '500', '500', '500', '500', '253', '0', '253', '0', '0', '0', '80', '120', 'NULL', '0', '0', '0', 'LAST_HIT', '0', '0', '0', 'fighter', 'false');
REPLACE INTO `etcitem` VALUES
(14061,'Toy Knight Summon Bracelet','false','none',10,'normal','paper','none',10080,-1,0,0,'false','false','true','false','0-0;','false'),
(14062,'Spirit Shaman Summon Bracelet','false','none',10,'normal','paper','none',10080,-1,0,0,'false','false','true','false','0-0;','false'),
(14063,'Owl Monk Summon Bracelet','false','none',10,'normal','paper','none',10080,-1,0,0,'false','false','true','false','0-0;','false'),
(14064,'Turtle Ascetic Summon Bracelet','false','none',10,'normal','paper','none',10080,-1,0,0,'false','false','true','false','0-0;','false');
REPLACE INTO `pets_stats` VALUES
('Owl Monk',16050,70,266966617,6046,729,3812,502,646,481,110,100,44,198,278,333,100000000,0,0,92287,40,15,0.05),
('Owl Monk',16050,71,311043873,6217,782,3846,509,647,484,112,102,44,198,278,333,100000000,0,0,92287,40,15,0.05),
('Owl Monk',16050,72,366944678,6388,808,3889,517,649,488,114,105,44,198,278,333,100000000,0,0,92287,40,15,0.05),
('Owl Monk',16050,73,436722878,6567,841,3929,526,651,491,116,108,44,198,278,333,100000000,0,0,92287,40,15,0.05),
('Owl Monk',16050,74,522505733,6746,875,3968,534,653,494,118,110,44,198,278,333,100000000,0,0,92287,40,15,0.05),
('Owl Monk',16050,75,626774887,6926,911,4006,542,654,497,120,113,44,198,278,333,100000000,0,0,92287,40,15,0.05),
('Owl Monk',16050,76,772136519,7111,947,4049,550,656,501,122,116,44,198,278,333,100000000,0,0,92287,40,15,0.05),
('Owl Monk',16050,77,944761536,7297,985,4092,559,657,504,124,119,44,198,278,333,100000000,0,0,92287,40,15,0.05),
('Owl Monk',16050,78,1148089335,7605,1028,4144,569,658,507,126,121,44,198,278,333,100000000,0,0,92287,40,15,0.05),
('Owl Monk',16050,79,1386786292,7667,1062,4180,577,662,510,128,123,44,198,278,333,100000000,0,0,92287,40,15,0.05),
('Owl Monk',16050,80,1664975622,7859,1103,4225,585,664,514,130,125,44,198,278,333,100000000,0,0,92287,40,15,0.05),
('Owl Monk',16050,81,1998969732,8050,1145,4273,594,666,517,132,127,44,198,278,333,100000000,0,0,92287,40,15,0.05),
('Owl Monk',16050,82,2379093816,8245,1188,4322,602,668,520,134,130,44,198,278,333,100000000,0,0,92287,40,15,0.05),
('Owl Monk',16050,83,2831502296,8447,1233,4372,612,671,523,136,133,44,198,278,333,100000000,0,0,92287,40,15,0.05),
('Owl Monk',16050,84,3340379889,8647,1278,4424,622,673,527,138,135,44,198,278,333,100000000,0,0,92287,40,15,0.05),
('Owl Monk',16050,85,3905839397,8854,1324,4478,631,675,530,141,137,44,198,278,333,100000000,0,0,92287,40,15,0.05),
('Owl Monk',16050,86,4567019890,9066,1372,4530,641,677,533,145,140,44,198,278,333,100000000,0,0,92287,40,15,0.05),
('Spirit Shaman',16051,70,266966617,3020,1701,1077,502,1984,481,110,100,44,198,278,333,100000000,0,0,92287,40,15,0.05),
('Spirit Shaman',16051,71,311043873,3105,1825,1087,509,1988,484,112,102,44,198,278,333,100000000,0,0,92287,40,15,0.05),
('Spirit Shaman',16051,72,366944678,3191,1884,1099,517,1994,488,114,105,44,198,278,333,100000000,0,0,92287,40,15,0.05),
('Spirit Shaman',16051,73,436722878,3281,1962,1110,526,1999,491,116,108,44,198,278,333,100000000,0,0,92287,40,15,0.05),
('Spirit Shaman',16051,74,522505733,3370,2041,1121,534,2005,494,118,110,44,198,278,333,100000000,0,0,92287,40,15,0.05),
('Spirit Shaman',16051,75,626774887,3460,2127,1132,542,2009,497,120,113,44,198,278,333,100000000,0,0,92287,40,15,0.05),
('Spirit Shaman',16051,76,772136519,3553,2210,1144,550,2015,501,122,116,44,198,278,333,100000000,0,0,92287,40,15,0.05),
('Spirit Shaman',16051,77,944761536,3646,2297,1156,559,2019,504,124,119,44,198,278,333,100000000,0,0,92287,40,15,0.05),
('Spirit Shaman',16051,78,1148089335,3808,2398,1167,569,2027,507,126,121,44,198,278,333,100000000,0,0,92287,40,15,0.05),
('Spirit Shaman',16051,79,1386786292,3831,2479,1181,577,2034,510,128,123,44,198,278,333,100000000,0,0,92287,40,15,0.05),
('Spirit Shaman',16051,80,1664975622,3926,2573,1194,585,2040,514,130,125,44,198,278,333,100000000,0,0,92287,40,15,0.05),
('Spirit Shaman',16051,81,1998969732,4022,2672,1207,594,2048,517,132,127,44,198,278,333,100000000,0,0,92287,40,15,0.05),
('Spirit Shaman',16051,82,2379093816,4120,2771,1221,602,2054,520,134,130,44,198,278,333,100000000,0,0,92287,40,15,0.05),
('Spirit Shaman',16051,83,2831502296,4220,2875,1235,612,2060,523,136,133,44,198,278,333,100000000,0,0,92287,40,15,0.05),
('Spirit Shaman',16051,84,3340379889,4320,2981,1250,622,2069,527,138,135,44,198,278,333,100000000,0,0,92287,40,15,0.05),
('Spirit Shaman',16051,85,3905839397,4423,3089,1265,631,2075,530,141,137,44,198,278,333,100000000,0,0,92287,40,15,0.05),
('Spirit Shaman',16051,86,4567019890,4529,3201,1280,641,2081,533,145,140,44,198,278,333,100000000,0,0,92287,40,15,0.05),
('Toy Knight',16052,70,266966617,3616,1417,1921,502,851,481,110,100,44,198,278,333,100000000,0,0,92287,40,15,0.05),
('Toy Knight',16052,71,311043873,3718,1521,1938,509,852,484,112,102,44,198,278,333,100000000,0,0,92287,40,15,0.05),
('Toy Knight',16052,72,366944678,3820,1571,1960,517,855,488,114,105,44,198,278,333,100000000,0,0,92287,40,15,0.05),
('Toy Knight',16052,73,436722878,3927,1635,1980,526,857,491,116,108,44,198,278,333,100000000,0,0,92287,40,15,0.05),
('Toy Knight',16052,74,522505733,4034,1701,2000,534,860,494,118,110,44,198,278,333,100000000,0,0,92287,40,15,0.05),
('Toy Knight',16052,75,626774887,4142,1771,2019,542,861,497,120,113,44,198,278,333,100000000,0,0,92287,40,15,0.05),
('Toy Knight',16052,76,772136519,4252,1842,2041,550,864,501,122,116,44,198,278,333,100000000,0,0,92287,40,15,0.05),
('Toy Knight',16052,77,944761536,4364,1915,2062,559,865,504,124,119,44,198,278,333,100000000,0,0,92287,40,15,0.05),
('Toy Knight',16052,78,1148089335,4548,1999,2088,569,867,507,126,121,44,198,278,333,100000000,0,0,92287,40,15,0.05),
('Toy Knight',16052,79,1386786292,4585,2065,2107,577,871,510,128,123,44,198,278,333,100000000,0,0,92287,40,15,0.05),
('Toy Knight',16052,80,1664975622,4700,2144,2129,585,874,514,130,125,44,198,278,333,100000000,0,0,92287,40,15,0.05),
('Toy Knight',16052,81,1998969732,4814,2226,2153,594,877,517,132,127,44,198,278,333,100000000,0,0,92287,40,15,0.05),
('Toy Knight',16052,82,2379093816,4931,2310,2178,602,880,520,134,130,44,198,278,333,100000000,0,0,92287,40,15,0.05),
('Toy Knight',16052,83,2831502296,5051,2397,2203,612,883,523,136,133,44,198,278,333,100000000,0,0,92287,40,15,0.05),
('Toy Knight',16052,84,3340379889,5171,2485,2230,622,886,527,138,135,44,198,278,333,100000000,0,0,92287,40,15,0.05),
('Toy Knight',16052,85,3905839397,5295,2574,2257,631,889,530,141,137,44,198,278,333,100000000,0,0,92287,40,15,0.05),
('Toy Knight',16052,86,4567019890,5422,2667,2283,641,892,533,145,140,44,198,278,333,100000000,0,0,92287,40,15,0.05),
('Turtle Ascetic',16053,70,266966617,3295,1702,1793,502,1574,481,110,100,44,198,278,333,100000000,0,0,92287,40,15,0.05),
('Turtle Ascetic',16053,71,311043873,3388,1826,1810,509,1580,484,112,102,44,198,278,333,100000000,0,0,92287,40,15,0.05),
('Turtle Ascetic',16053,72,366944678,3482,1885,1829,517,1583,488,114,105,44,198,278,333,100000000,0,0,92287,40,15,0.05),
('Turtle Ascetic',16053,73,436722878,3578,1963,1847,526,1587,491,116,108,44,198,278,333,100000000,0,0,92287,40,15,0.05),
('Turtle Ascetic',16053,74,522505733,3676,2042,1866,534,1591,494,118,110,44,198,278,333,100000000,0,0,92287,40,15,0.05),
('Turtle Ascetic',16053,75,626774887,3775,2127,1884,542,1596,497,120,113,44,198,278,333,100000000,0,0,92287,40,15,0.05),
('Turtle Ascetic',16053,76,772136519,3876,2211,1905,550,1600,501,122,116,44,198,278,333,100000000,0,0,92287,40,15,0.05),
('Turtle Ascetic',16053,77,944761536,3976,2297,1924,559,1603,504,124,119,44,198,278,333,100000000,0,0,92287,40,15,0.05),
('Turtle Ascetic',16053,78,1148089335,4162,2393,1947,569,1605,507,126,121,44,198,278,333,100000000,0,0,92287,40,15,0.05),
('Turtle Ascetic',16053,79,1386786292,4179,2479,1966,577,1614,510,128,123,44,198,278,333,100000000,0,0,92287,40,15,0.05),
('Turtle Ascetic',16053,80,1664975622,4283,2573,1988,585,1620,514,130,125,44,198,278,333,100000000,0,0,92287,40,15,0.05),
('Turtle Ascetic',16053,81,1998969732,4387,2673,2008,594,1625,517,132,127,44,198,278,333,100000000,0,0,92287,40,15,0.05),
('Turtle Ascetic',16053,82,2379093816,4493,2772,2032,602,1631,520,134,130,44,198,278,333,100000000,0,0,92287,40,15,0.05),
('Turtle Ascetic',16053,83,2831502296,4604,2875,2055,612,1636,523,136,133,44,198,278,333,100000000,0,0,92287,40,15,0.05),
('Turtle Ascetic',16053,84,3340379889,4713,2982,2080,622,1641,527,138,135,44,198,278,333,100000000,0,0,92287,40,15,0.05),
('Turtle Ascetic',16053,85,3905839397,4825,3089,2106,631,1647,530,141,137,44,198,278,333,100000000,0,0,92287,40,15,0.05),
('Turtle Ascetic',16053,86,4567019890,4941,3201,2132,641,1652,533,145,140,44,198,278,333,100000000,0,0,92287,40,15,0.05);
REPLACE INTO `pets_skills` VALUES
(16051,70,5749,1),
(16051,72,5749,2),
(16051,75,5749,3),
(16051,77,5749,4),
(16051,78,5749,5),
(16051,79,5749,6),
(16051,80,5749,7),
(16051,81,5749,8),
(16051,82,5749,9),
(16051,83,5749,10),
(16051,84,5749,11),
(16051,85,5749,12),
(16051,70,5750,1),
(16051,72,5750,2),
(16051,75,5750,3),
(16051,77,5750,4),
(16051,78,5750,5),
(16051,79,5750,6),
(16051,80,5750,7),
(16051,81,5750,8),
(16051,82,5750,9),
(16051,83,5750,10),
(16051,84,5750,11),
(16051,85,5750,12),
(16051,70,5751,1),
(16051,72,5751,2),
(16051,75,5751,3),
(16051,77,5751,4),
(16051,78,5751,5),
(16051,79,5751,6),
(16051,80,5751,7),
(16051,81,5751,8),
(16051,82,5751,9),
(16051,83,5751,10),
(16051,84,5751,11),
(16051,85,5751,12),
(16051,70,5771,1),
(16051,70,6054,1),
(16052,70,6046,1),
(16052,72,6046,2),
(16052,74,6046,3),
(16052,75,6046,4),
(16052,76,6046,5),
(16052,77,6046,6),
(16052,78,6046,7),
(16052,79,6046,8),
(16052,80,6046,9),
(16052,81,6046,10),
(16052,82,6046,11),
(16052,83,6046,12),
(16052,84,6046,13),
(16052,85,6046,14),
(16052,70,6047,1),
(16052,72,6047,2),
(16052,74,6047,3),
(16052,75,6047,4),
(16052,76,6047,5),
(16052,77,6047,6),
(16052,78,6047,7),
(16052,79,6047,8),
(16052,80,6047,9),
(16052,81,6047,10),
(16052,82,6047,11),
(16052,83,6047,12),
(16052,84,6047,13),
(16052,85,6047,14),
(16052,70,6048,1),
(16052,72,6048,2),
(16052,74,6048,3),
(16052,75,6048,4),
(16052,76,6048,5),
(16052,77,6048,6),
(16052,78,6048,7),
(16052,79,6048,8),
(16052,80,6048,9),
(16052,81,6048,10),
(16052,82,6048,11),
(16052,83,6048,12),
(16052,84,6048,13),
(16052,85,6048,14),
(16052,70,6049,1),
(16052,75,6049,2),
(16052,80,6049,3),
(16052,85,6049,4),
(16052,70,6054,1),
(16053,70,6050,1),
(16053,72,6050,2),
(16053,74,6050,3),
(16053,75,6050,4),
(16053,76,6050,5),
(16053,77,6050,6),
(16053,78,6050,7),
(16053,79,6050,8),
(16053,80,6050,9),
(16053,81,6050,10),
(16053,82,6050,11),
(16053,83,6050,12),
(16053,84,6050,13),
(16053,85,6050,14),
(16053,70,6051,1),
(16053,72,6051,2),
(16053,74,6051,3),
(16053,75,6051,4),
(16053,76,6051,5),
(16053,77,6051,6),
(16053,78,6051,7),
(16053,79,6051,8),
(16053,80,6051,9),
(16053,81,6051,10),
(16053,82,6051,11),
(16053,83,6051,12),
(16053,84,6051,13),
(16053,85,6051,14),
(16053,70,6052,1),
(16053,72,6052,2),
(16053,74,6052,3),
(16053,75,6052,4),
(16053,76,6052,5),
(16053,77,6052,6),
(16053,78,6052,7),
(16053,79,6052,8),
(16053,80,6052,9),
(16053,81,6052,10),
(16053,82,6052,11),
(16053,83,6052,12),
(16053,84,6052,13),
(16053,85,6052,14),
(16053,70,6053,1),
(16053,75,6053,2),
(16053,80,6053,3),
(16053,85,6053,4),
(16053,70,6054,1);

-- 新變身
REPLACE INTO `etcitem` VALUES
(13794,'Transformed Object - Handy\'s Block Checker Transformation Scroll Blue','false','none',120,'stackable','wood','none',-1,-1,0,0,'true','true','true','true','0-0;','false'),
(13795,'Transformed Object - Handy\'s Block Checker Transformation Scroll Red','false','none',120,'stackable','wood','none',-1,-1,0,0,'true','true','true','true','0-0;','false'),
(13800,'Frog Transformation Scroll','false','quest',0,'stackable','wood','none',-1,-1,0,0,'true','true','true','true','0-0;','false'),
(13801,'Young Child Transformation Scroll','false','quest',0,'stackable','wood','none',-1,-1,0,0,'true','true','true','true','0-0;','false');
REPLACE INTO `armor` VALUES
(13802,'Native\'s Hood','head','false','none',70,'wood','none',0,-1,-1,33,0,0,0,0,'true','true','true','true','0-0;'),
(13803,'Native\'s Tunic','chest','false','none',4720,'wood','none',0,-1,-1,53,0,0,0,0,'true','true','true','true','0-0;'),
(13804,'Native\'s Trousers','legs','false','none',1700,'wood','none',0,-1,-1,29,0,0,0,0,'true','true','true','true','0-0;'),
(13805,'Guards of the Dawn Helmet','head','false','none',70,'wood','none',0,-1,-1,33,0,0,0,0,'true','true','true','true','0-0;'),
(13806,'Guards of the Dawn Tunic','chest','false','none',4720,'wood','none',0,-1,-1,53,0,0,0,0,'true','true','true','true','0-0;'),
(13807,'Guards of the Dawn Trousers','legs','false','none',1700,'wood','none',0,-1,-1,29,0,0,0,0,'true','true','true','true','0-0;');
REPLACE INTO `weapon` VALUES
(14056,'Snow Kung Transformation Stick','rhand','false',0,0,0,'fine_steel','none',1,10,'sword',8,0.00000,0,0,0,379,0,1,-1,-1,0,0,'true','true','true','true',0,0,0,0,0,0,0,0,0,'8263-1;'),
(14057,'Scarecrow Jack Transformation Stick','rhand','false',0,0,0,'fine_steel','none',1,10,'sword',8,0.00000,0,0,0,379,0,1,-1,-1,0,0,'true','true','true','true',0,0,0,0,0,0,0,0,0,'8264-1;'),
(14058,'Tin Golem Transformation Stick','rhand','false',0,0,0,'fine_steel','none',1,10,'sword',8,0.00000,0,0,0,379,0,1,-1,-1,0,0,'true','true','true','true',0,0,0,0,0,0,0,0,0,'8265-1;');
REPLACE INTO armorsets VALUES
('201', '13803', '13804', '13802', '0', '0', '8277', '1', '0', '0', '0'),
('202', '13806', '13807', '13805', '0', '0', '8278', '1', '0', '0', '0');

-- 城堡傭兵變身卷軸
REPLACE INTO `etcitem` VALUES
(13569,'Gludio Human Mercenary Transformation Scroll','false','none',120,'stackable','paper','none',-1,-1,0,0,'true','true','true','true','0-0;','false'),
(13570,'Gludio Efl Mercenary Transformation Scroll','false','none',120,'stackable','paper','none',-1,-1,0,0,'true','true','true','true','0-0;','false'),
(13571,'Gludio Dark Elf Mercenary Transformation Scroll','false','none',120,'stackable','paper','none',-1,-1,0,0,'true','true','true','true','0-0;','false'),
(13572,'Gludio Orc Mercenary Transformation Scroll','false','none',120,'stackable','paper','none',-1,-1,0,0,'true','true','true','true','0-0;','false'),
(13573,'Gludio Dwarf Mercenary Transformation Scroll','false','none',120,'stackable','paper','none',-1,-1,0,0,'true','true','true','true','0-0;','false'),
(13574,'Gludio Kamael Mercenary Transformation Scroll','false','none',120,'stackable','paper','none',-1,-1,0,0,'true','true','true','true','0-0;','false'),
(13575,'Gludio Knight Mercenary Transformation Scroll','false','none',120,'stackable','paper','none',-1,-1,0,0,'true','true','true','true','0-0;','false'),
(13576,'Gludio Archer Mercenary Transformation Scroll','false','none',120,'stackable','paper','none',-1,-1,0,0,'true','true','true','true','0-0;','false'),
(13577,'Gludio Wizard Mercenary Transformation Scroll','false','none',120,'stackable','paper','none',-1,-1,0,0,'true','true','true','true','0-0;','false'),
(13578,'Gludio White Captain Mercenary Transformation Scroll','false','none',120,'stackable','paper','none',-1,-1,0,0,'true','true','true','true','0-0;','false'),
(13579,'Gludio Knight Captain Mercenary Transformation Scroll','false','none',120,'stackable','paper','none',-1,-1,0,0,'true','true','true','true','0-0;','false'),
(13580,'Gludio Commander Mercenary Transformation Scroll','false','none',120,'stackable','paper','none',-1,-1,0,0,'true','true','true','true','0-0;','false'),
(13581,'Dion Human Mercenary Transformation Scroll','false','none',120,'stackable','paper','none',-1,-1,0,0,'true','true','true','true','0-0;','false'),
(13582,'Dion Elf Mercenary Transformation Scroll','false','none',120,'stackable','paper','none',-1,-1,0,0,'true','true','true','true','0-0;','false'),
(13583,'Dion Dark Elf Mercenary Transformation Scroll','false','none',120,'stackable','paper','none',-1,-1,0,0,'true','true','true','true','0-0;','false'),
(13584,'Dion Orc Mercenary Transformation Scroll','false','none',120,'stackable','paper','none',-1,-1,0,0,'true','true','true','true','0-0;','false'),
(13585,'Dion Dwarf Mercenary Transformation Scroll','false','none',120,'stackable','paper','none',-1,-1,0,0,'true','true','true','true','0-0;','false'),
(13586,'Dion Kamael Mercenary Transformation Scroll','false','none',120,'stackable','paper','none',-1,-1,0,0,'true','true','true','true','0-0;','false'),
(13587,'Dion Knight Mercenary Transformation Scroll','false','none',120,'stackable','paper','none',-1,-1,0,0,'true','true','true','true','0-0;','false'),
(13588,'Dion Archer Mercenary Transformation Scroll','false','none',120,'stackable','paper','none',-1,-1,0,0,'true','true','true','true','0-0;','false'),
(13589,'Dion Wizard Mercenary Transformation Scroll','false','none',120,'stackable','paper','none',-1,-1,0,0,'true','true','true','true','0-0;','false'),
(13590,'Dion White Captain Mercenary Transformation Scroll','false','none',120,'stackable','paper','none',-1,-1,0,0,'true','true','true','true','0-0;','false'),
(13591,'Dion Knight Captain Mercenary Transformation Scroll','false','none',120,'stackable','paper','none',-1,-1,0,0,'true','true','true','true','0-0;','false'),
(13592,'Dion Commander Mercenary Transformation Scroll','false','none',120,'stackable','paper','none',-1,-1,0,0,'true','true','true','true','0-0;','false'),
(13593,'Giran Human Mercenary Transformation Scroll','false','none',120,'stackable','paper','none',-1,-1,0,0,'true','true','true','true','0-0;','false'),
(13594,'Giran Elf Mercenary Transformation Scroll','false','none',120,'stackable','paper','none',-1,-1,0,0,'true','true','true','true','0-0;','false'),
(13595,'Giran Dark Elf Mercenary Transformation Scroll','false','none',120,'stackable','paper','none',-1,-1,0,0,'true','true','true','true','0-0;','false'),
(13596,'Giran Orc Mercenary Transformation Scroll','false','none',120,'stackable','paper','none',-1,-1,0,0,'true','true','true','true','0-0;','false'),
(13597,'Giran Dwarf Mercenary Transformation Scroll','false','none',120,'stackable','paper','none',-1,-1,0,0,'true','true','true','true','0-0;','false'),
(13598,'Giran Kamael Mercenary Transformation Scroll','false','none',120,'stackable','paper','none',-1,-1,0,0,'true','true','true','true','0-0;','false'),
(13599,'Giran Knight Mercenary Transformation Scroll','false','none',120,'stackable','paper','none',-1,-1,0,0,'true','true','true','true','0-0;','false'),
(13600,'Giran Archer Mercenary Transformation Scroll','false','none',120,'stackable','paper','none',-1,-1,0,0,'true','true','true','true','0-0;','false'),
(13601,'Giran Wizard Mercenary Transformation Scroll','false','none',120,'stackable','paper','none',-1,-1,0,0,'true','true','true','true','0-0;','false'),
(13602,'Giran White Captain Mercenary Transformation Scroll','false','none',120,'stackable','paper','none',-1,-1,0,0,'true','true','true','true','0-0;','false'),
(13603,'Giran Knight Captain Mercenary Transformation Scroll','false','none',120,'stackable','paper','none',-1,-1,0,0,'true','true','true','true','0-0;','false'),
(13604,'Giran Commander Mercenary Transformation Scroll','false','none',120,'stackable','paper','none',-1,-1,0,0,'true','true','true','true','0-0;','false'),
(13605,'Oren Human Mercenary Transformation Scroll','false','none',120,'stackable','paper','none',-1,-1,0,0,'true','true','true','true','0-0;','false'),
(13606,'Oren Elf Mercenary Transformation Scroll','false','none',120,'stackable','paper','none',-1,-1,0,0,'true','true','true','true','0-0;','false'),
(13607,'Oren Dark Elf Mercenary Transformation Scroll','false','none',120,'stackable','paper','none',-1,-1,0,0,'true','true','true','true','0-0;','false'),
(13608,'Oren Orc Mercenary Transformation Scroll','false','none',120,'stackable','paper','none',-1,-1,0,0,'true','true','true','true','0-0;','false'),
(13609,'Oren Dwarf Mercenary Transformation Scroll','false','none',120,'stackable','paper','none',-1,-1,0,0,'true','true','true','true','0-0;','false'),
(13610,'Oren Kamael Mercenary Transformation Scroll','false','none',120,'stackable','paper','none',-1,-1,0,0,'true','true','true','true','0-0;','false'),
(13611,'Oren Knight Mercenary Transformation Scroll','false','none',120,'stackable','paper','none',-1,-1,0,0,'true','true','true','true','0-0;','false'),
(13612,'Oren Archer Mercenary Transformation Scroll','false','none',120,'stackable','paper','none',-1,-1,0,0,'true','true','true','true','0-0;','false'),
(13613,'Oren Wizard Mercenary Transformation Scroll','false','none',120,'stackable','paper','none',-1,-1,0,0,'true','true','true','true','0-0;','false'),
(13614,'Oren White Captain Mercenary Transformation Scroll','false','none',120,'stackable','paper','none',-1,-1,0,0,'true','true','true','true','0-0;','false'),
(13615,'Oren Knight Captain Mercenary Transformation Scroll','false','none',120,'stackable','paper','none',-1,-1,0,0,'true','true','true','true','0-0;','false'),
(13616,'Oren Commander Mercenary Transformation Scroll','false','none',120,'stackable','paper','none',-1,-1,0,0,'true','true','true','true','0-0;','false'),
(13617,'Aden Human Mercenary Transformation Scroll','false','none',120,'stackable','paper','none',-1,-1,0,0,'true','true','true','true','0-0;','false'),
(13618,'Aden Elf Mercenary Transformation Scroll','false','none',120,'stackable','paper','none',-1,-1,0,0,'true','true','true','true','0-0;','false'),
(13619,'Aden Dark Elf Mercenary Transformation Scroll','false','none',120,'stackable','paper','none',-1,-1,0,0,'true','true','true','true','0-0;','false'),
(13620,'Aden Orc Mercenary Transformation Scroll','false','none',120,'stackable','paper','none',-1,-1,0,0,'true','true','true','true','0-0;','false'),
(13621,'Aden Dwarf Mercenary Transformation Scroll','false','none',120,'stackable','paper','none',-1,-1,0,0,'true','true','true','true','0-0;','false'),
(13622,'Aden Kamael Mercenary Transformation Scroll','false','none',120,'stackable','paper','none',-1,-1,0,0,'true','true','true','true','0-0;','false'),
(13623,'Aden Knight Mercenary Transformation Scroll','false','none',120,'stackable','paper','none',-1,-1,0,0,'true','true','true','true','0-0;','false'),
(13624,'Aden Archer Mercenary Transformation Scroll','false','none',120,'stackable','paper','none',-1,-1,0,0,'true','true','true','true','0-0;','false'),
(13625,'Aden Wizard Mercenary Transformation Scroll','false','none',120,'stackable','paper','none',-1,-1,0,0,'true','true','true','true','0-0;','false'),
(13626,'Aden White Captain Mercenary Transformation Scroll','false','none',120,'stackable','paper','none',-1,-1,0,0,'true','true','true','true','0-0;','false'),
(13627,'Aden Knight Captain Mercenary Transformation Scroll','false','none',120,'stackable','paper','none',-1,-1,0,0,'true','true','true','true','0-0;','false'),
(13628,'Aden Commander Mercenary Transformation Scroll','false','none',120,'stackable','paper','none',-1,-1,0,0,'true','true','true','true','0-0;','false'),
(13629,'Innadril Human Mercenary Transformation Scroll','false','none',120,'stackable','paper','none',-1,-1,0,0,'true','true','true','true','0-0;','false'),
(13630,'Innadril Elf Mercenary Transformation Scroll','false','none',120,'stackable','paper','none',-1,-1,0,0,'true','true','true','true','0-0;','false'),
(13631,'Innadril Dark Elf Mercenary Transformation Scroll','false','none',120,'stackable','paper','none',-1,-1,0,0,'true','true','true','true','0-0;','false'),
(13632,'Innadril Orc Mercenary Transformation Scroll','false','none',120,'stackable','paper','none',-1,-1,0,0,'true','true','true','true','0-0;','false'),
(13633,'Innadril Dwarf Mercenary Transformation Scroll','false','none',120,'stackable','paper','none',-1,-1,0,0,'true','true','true','true','0-0;','false'),
(13634,'Innadril Kamael Mercenary Transformation Scroll','false','none',120,'stackable','paper','none',-1,-1,0,0,'true','true','true','true','0-0;','false'),
(13635,'Innadril Knight Mercenary Transformation Scroll','false','none',120,'stackable','paper','none',-1,-1,0,0,'true','true','true','true','0-0;','false'),
(13636,'Innadril Archer Mercenary Transformation Scroll','false','none',120,'stackable','paper','none',-1,-1,0,0,'true','true','true','true','0-0;','false'),
(13637,'Innadril Wizard Mercenary Transformation Scroll','false','none',120,'stackable','paper','none',-1,-1,0,0,'true','true','true','true','0-0;','false'),
(13638,'Innadril White Captain Mercenary Transformation Scroll','false','none',120,'stackable','paper','none',-1,-1,0,0,'true','true','true','true','0-0;','false'),
(13639,'Innadril Knight Captain Mercenary Transformation Scroll','false','none',120,'stackable','paper','none',-1,-1,0,0,'true','true','true','true','0-0;','false'),
(13640,'Innadril Commander Mercenary Transformation Scroll','false','none',120,'stackable','paper','none',-1,-1,0,0,'true','true','true','true','0-0;','false'),
(13641,'Goddard Human Mercenary Transformation Scroll','false','none',120,'stackable','paper','none',-1,-1,0,0,'true','true','true','true','0-0;','false'),
(13642,'Goddard Elf Mercenary Transformation Scroll','false','none',120,'stackable','paper','none',-1,-1,0,0,'true','true','true','true','0-0;','false'),
(13643,'Goddard Dark Elf Mercenary Transformation Scroll','false','none',120,'stackable','paper','none',-1,-1,0,0,'true','true','true','true','0-0;','false'),
(13644,'Goddard Orc Mercenary Transformation Scroll','false','none',120,'stackable','paper','none',-1,-1,0,0,'true','true','true','true','0-0;','false'),
(13645,'Goddard Dwarf Mercenary Transformation Scroll','false','none',120,'stackable','paper','none',-1,-1,0,0,'true','true','true','true','0-0;','false'),
(13646,'Goddard Kamael Mercenary Transformation Scroll','false','none',120,'stackable','paper','none',-1,-1,0,0,'true','true','true','true','0-0;','false'),
(13647,'Goddard Knight Mercenary Transformation Scroll','false','none',120,'stackable','paper','none',-1,-1,0,0,'true','true','true','true','0-0;','false'),
(13648,'Goddard Archer Mercenary Transformation Scroll','false','none',120,'stackable','paper','none',-1,-1,0,0,'true','true','true','true','0-0;','false'),
(13649,'Goddard Wizard Mercenary Transformation Scroll','false','none',120,'stackable','paper','none',-1,-1,0,0,'true','true','true','true','0-0;','false'),
(13650,'Goddard White Captain Mercenary Transformation Scroll','false','none',120,'stackable','paper','none',-1,-1,0,0,'true','true','true','true','0-0;','false'),
(13651,'Goddard Knight Captain Mercenary Transformation Scroll','false','none',120,'stackable','paper','none',-1,-1,0,0,'true','true','true','true','0-0;','false'),
(13652,'Goddard Commander Mercenary Transformation Scroll','false','none',120,'stackable','paper','none',-1,-1,0,0,'true','true','true','true','0-0;','false'),
(13653,'Rune Human Mercenary Transformation Scroll','false','none',120,'stackable','paper','none',-1,-1,0,0,'true','true','true','true','0-0;','false'),
(13654,'Rune Elf Mercenary Transformation Scroll','false','none',120,'stackable','paper','none',-1,-1,0,0,'true','true','true','true','0-0;','false'),
(13655,'Rune Dark Elf Mercenary Transformation Scroll','false','none',120,'stackable','paper','none',-1,-1,0,0,'true','true','true','true','0-0;','false'),
(13656,'Rune Orc Mercenary Transformation Scroll','false','none',120,'stackable','paper','none',-1,-1,0,0,'true','true','true','true','0-0;','false'),
(13657,'Rune Dwarf Mercenary Transformation Scroll','false','none',120,'stackable','paper','none',-1,-1,0,0,'true','true','true','true','0-0;','false'),
(13658,'Rune Kamael Mercenary Transformation Scroll','false','none',120,'stackable','paper','none',-1,-1,0,0,'true','true','true','true','0-0;','false'),
(13659,'Rune Knight Mercenary Transformation Scroll','false','none',120,'stackable','paper','none',-1,-1,0,0,'true','true','true','true','0-0;','false'),
(13660,'Rune Archer Mercenary Transformation Scroll','false','none',120,'stackable','paper','none',-1,-1,0,0,'true','true','true','true','0-0;','false'),
(13661,'Rune Wizard Mercenary Transformation Scroll','false','none',120,'stackable','paper','none',-1,-1,0,0,'true','true','true','true','0-0;','false'),
(13662,'Rune White Captain Mercenary Transformation Scroll','false','none',120,'stackable','paper','none',-1,-1,0,0,'true','true','true','true','0-0;','false'),
(13663,'Rune Knight Captain Mercenary Transformation Scroll','false','none',120,'stackable','paper','none',-1,-1,0,0,'true','true','true','true','0-0;','false'),
(13664,'Rune Commander Mercenary Transformation Scroll','false','none',120,'stackable','paper','none',-1,-1,0,0,'true','true','true','true','0-0;','false'),
(13665,'Schuttgart Human Mercenary Transformation Scroll','false','none',120,'stackable','paper','none',-1,-1,0,0,'true','true','true','true','0-0;','false'),
(13666,'Schuttgart Elf Mercenary Transformation Scroll','false','none',120,'stackable','paper','none',-1,-1,0,0,'true','true','true','true','0-0;','false'),
(13667,'Schuttgart Dark Elf Mercenary Transformation Scroll','false','none',120,'stackable','paper','none',-1,-1,0,0,'true','true','true','true','0-0;','false'),
(13668,'Schuttgart Orc Mercenary Transformation Scroll','false','none',120,'stackable','paper','none',-1,-1,0,0,'true','true','true','true','0-0;','false'),
(13669,'Schuttgart Dwarf Mercenary Transformation Scroll','false','none',120,'stackable','paper','none',-1,-1,0,0,'true','true','true','true','0-0;','false'),
(13670,'Schuttgart Kamael Mercenary Transformation Scroll','false','none',120,'stackable','paper','none',-1,-1,0,0,'true','true','true','true','0-0;','false'),
(13671,'Schuttgart Knight Mercenary Transformation Scroll','false','none',120,'stackable','paper','none',-1,-1,0,0,'true','true','true','true','0-0;','false'),
(13672,'Schuttgart Archer Mercenary Transformation Scroll','false','none',120,'stackable','paper','none',-1,-1,0,0,'true','true','true','true','0-0;','false'),
(13673,'Schuttgart Wizard Mercenary Transformation Scroll','false','none',120,'stackable','paper','none',-1,-1,0,0,'true','true','true','true','0-0;','false'),
(13674,'Schuttgart White Captain Mercenary Transformation Scroll','false','none',120,'stackable','paper','none',-1,-1,0,0,'true','true','true','true','0-0;','false'),
(13675,'Schuttgart Knight Captain Mercenary Transformation Scroll','false','none',120,'stackable','paper','none',-1,-1,0,0,'true','true','true','true','0-0;','false'),
(13676,'Schuttgart Commander Mercenary Transformation Scroll','false','none',120,'stackable','paper','none',-1,-1,0,0,'true','true','true','true','0-0;','false');

-- 破滅國境的新 NPC (感謝 pmq 提供)
REPLACE INTO `npc` VALUES
(18782, 18782, 'Zealot of Shilen', 0, '', 0, 'LineageMonster4.disciple_silen', 19.00, 44.00, 80, 'male', 'L2Monster', 40, 4663, 1934, 26.86, 3.09, 40, 43, 30, 21, 20, 10, 0, 0, 1912, 598, 1220, 485, 278, 150, 333, 0, 0, 0, 73, 170, 'NULL', 0, 0, 0, 'LAST_HIT', 0, 0, 0, 'balanced', 'false'),
(32517, 32517, 'Airship Controller', 0, '', 0, 'LineageNpcEV.riding_control_unit', 8.00, 28.00, 70, 'male', 'L2Teleporter', 40, 2444, 2444, 0.00, 0.00, 10, 10, 10, 10, 10, 10, 0, 0, 500, 500, 500, 500, 253, 0, 253, 0, 0, 0, 80, 120, 'NULL', 0, 0, 0, 'LAST_HIT', 0, 0, 0, 'balanced', 'false'),
(32518, 32518, 'Vortex Gate', 0, '', 0, 'LineageNpcEV.war_gate', 8.00, 180.00, 70, 'male', 'L2Teleporter', 40, 2444, 2444, 0.00, 0.00, 10, 10, 10, 10, 10, 10, 0, 0, 500, 500, 500, 500, 253, 0, 253, 0, 0, 0, 80, 120, 'NULL', 0, 0, 0, 'LAST_HIT', 0, 0, 0, 'balanced', 'false'),
(32521, 32521, 'Entrance Manager', 0, '', 0, 'LineageNPC.e_teleporter_FDwarf', 8.00, 21.00, 70, 'male', 'L2Teleporter', 40, 2444, 2444, 0.00, 0.00, 10, 10, 10, 10, 10, 10, 0, 0, 500, 500, 500, 500, 253, 0, 253, 0, 0, 0, 80, 120, 'NULL', 0, 0, 0, 'LAST_HIT', 0, 0, 0, 'balanced', 'false'),
(32522, 32522, 'Entrance Manager', 0, '', 0, 'LineageNPC.e_teleporter_FDwarf', 8.00, 21.00, 70, 'male', 'L2Teleporter', 40, 2444, 2444, 0.00, 0.00, 10, 10, 10, 10, 10, 10, 0, 0, 500, 500, 500, 500, 253, 0, 253, 0, 0, 0, 80, 120, 'NULL', 0, 0, 0, 'LAST_HIT', 0, 0, 0, 'balanced', 'false'),
(32523, 32523, 'Entrance Manager', 0, '', 0, 'LineageNPC.e_teleporter_FDwarf', 8.00, 21.00, 70, 'male', 'L2Teleporter', 40, 2444, 2444, 0.00, 0.00, 10, 10, 10, 10, 10, 10, 0, 0, 500, 500, 500, 500, 253, 0, 253, 0, 0, 0, 80, 120, 'NULL', 0, 0, 0, 'LAST_HIT', 0, 0, 0, 'balanced', 'false'),
(32524, 32524, 'Entrance Manager', 0, '', 0, 'LineageNPC.e_teleporter_FDwarf', 8.00, 21.00, 70, 'male', 'L2Teleporter', 40, 2444, 2444, 0.00, 0.00, 10, 10, 10, 10, 10, 10, 0, 0, 500, 500, 500, 500, 253, 0, 253, 0, 0, 0, 80, 120, 'NULL', 0, 0, 0, 'LAST_HIT', 0, 0, 0, 'balanced', 'false'),
(32526, 32526, 'Allenos', 0, '', 0, 'LineageNPC2.gracia_soldier', 8.00, 25.00, 70, 'male', 'L2Npc', 40, 2444, 2444, 0.00, 0.00, 10, 10, 10, 10, 10, 10, 0, 0, 500, 500, 500, 500, 253, 0, 253, 13524, 13525, 0, 80, 120, 'NULL', 0, 0, 0, 'LAST_HIT', 0, 0, 0, 'balanced', 'false'),
(32527, 32527, 'Edric', 0, '', 0, 'LineageNPC2.gracia_remnants_a', 8.00, 23.56, 70, 'male', 'L2Npc', 40, 2444, 2444, 0.00, 0.00, 10, 10, 10, 10, 10, 10, 0, 0, 500, 500, 500, 500, 253, 0, 253, 0, 0, 0, 80, 120, 'NULL', 0, 0, 0, 'LAST_HIT', 0, 0, 0, 'balanced', 'false'),
(32534, 32534, 'Jaedin', 0, '', 0, 'LineageMonster4.disciple_silen', 8.00, 44.00, 70, 'male', 'L2Teleporter', 40, 2444, 2444, 0.00, 0.00, 10, 10, 10, 10, 10, 10, 0, 0, 500, 500, 500, 500, 253, 0, 253, 0, 0, 0, 80, 120, 'NULL', 0, 0, 0, 'LAST_HIT', 0, 0, 0, 'balanced', 'false'),
(32537, 32537, 'Mouth of Ekimus', 0, '', 0, 'LineageNpcEV.mouth_immotality_a', 8.00, 15.00, 70, 'male', 'L2Teleporter', 40, 2444, 2444, 0.00, 0.00, 10, 10, 10, 10, 10, 10, 0, 0, 500, 500, 500, 500, 253, 0, 253, 0, 0, 0, 80, 120, 'NULL', 0, 0, 0, 'LAST_HIT', 0, 0, 0, 'balanced', 'false'),
(32539, 32539, 'Gatekeeper of Abyss', 0, '', 0, 'LineageNpcEV.vigil_immortality', 8.00, 120.00, 70, 'male', 'L2Teleporter', 40, 2444, 2444, 0.00, 0.00, 10, 10, 10, 10, 10, 10, 0, 0, 500, 500, 500, 500, 253, 0, 253, 0, 0, 0, 80, 120, 'NULL', 0, 0, 0, 'LAST_HIT', 0, 0, 0, 'balanced', 'false'),
(32548, 32548, 'Keucereus', 0, '', 0, 'LineageNPC2.xers', 8.00, 25.00, 70, 'male', 'L2Npc', 40, 2444, 2444, 0.00, 0.00, 10, 10, 10, 10, 10, 10, 0, 0, 500, 500, 500, 500, 253, 0, 253, 0, 0, 0, 80, 120, 'NULL', 0, 0, 0, 'LAST_HIT', 0, 0, 0, 'balanced', 'false'),
(32549, 32549, 'Dilios', 0, '', 0, 'LineageNPC2.dilios', 8.00, 21.00, 70, 'male', 'L2Npc', 40, 2444, 2444, 0.00, 0.00, 10, 10, 10, 10, 10, 10, 0, 0, 500, 500, 500, 500, 253, 0, 253, 0, 0, 0, 80, 120, 'NULL', 0, 0, 0, 'LAST_HIT', 0, 0, 0, 'balanced', 'false'),
(32550, 32550, 'Kutran', 0, '', 0, 'LineageNPC.a_traderA_MHuman', 8.00, 23.56, 70, 'male', 'L2Npc', 40, 2444, 2444, 0.00, 0.00, 10, 10, 10, 10, 10, 10, 0, 0, 500, 500, 500, 500, 253, 0, 253, 0, 0, 0, 80, 120, 'NULL', 0, 0, 0, 'LAST_HIT', 0, 0, 0, 'balanced', 'false'),
(32551, 32551, 'Noiless', 0, '', 0, 'LineageNPC2.gracia_soldier', 8.00, 25.00, 70, 'male', 'L2Npc', 40, 2444, 2444, 0.00, 0.00, 10, 10, 10, 10, 10, 10, 0, 0, 500, 500, 500, 500, 253, 0, 253, 13524, 13525, 0, 80, 120, 'NULL', 0, 0, 0, 'LAST_HIT', 0, 0, 0, 'balanced', 'false'),
(32552, 32552, 'Tomaris', 0, '', 0, 'LineageNPC2.gracia_soldier', 8.00, 25.00, 70, 'male', 'L2Npc', 40, 2444, 2444, 0.00, 0.00, 10, 10, 10, 10, 10, 10, 0, 0, 500, 500, 500, 500, 253, 0, 253, 13524, 13525, 0, 80, 120, 'NULL', 0, 0, 0, 'LAST_HIT', 0, 0, 0, 'balanced', 'false'),
(32553, 32553, 'Jisans', 0, '', 0, 'LineageNPC2.gracia_soldier', 8.00, 25.00, 70, 'male', 'L2Npc', 40, 2444, 2444, 0.00, 0.00, 10, 10, 10, 10, 10, 10, 0, 0, 500, 500, 500, 500, 253, 0, 253, 13524, 13525, 0, 80, 120, 'NULL', 0, 0, 0, 'LAST_HIT', 0, 0, 0, 'balanced', 'false'),
(32554, 32554, 'Moira', 0, '', 0, 'LineageNPC.a_fighterguild_master_FHuman', 8.00, 22.00, 70, 'male', 'L2Npc', 40, 2444, 2444, 0.00, 0.00, 10, 10, 10, 10, 10, 10, 0, 0, 500, 500, 500, 500, 253, 0, 253, 13524, 0, 0, 80, 120, 'NULL', 0, 0, 0, 'LAST_HIT', 0, 0, 0, 'balanced', 'false'),
(32555, 32555, 'Tenius', 0, '', 0, 'LineageNPC2.gracia_remnants_a', 8.00, 23.56, 70, 'male', 'L2Npc', 40, 2444, 2444, 0.00, 0.00, 10, 10, 10, 10, 10, 10, 0, 0, 500, 500, 500, 500, 253, 0, 253, 0, 0, 0, 80, 120, 'NULL', 0, 0, 0, 'LAST_HIT', 0, 0, 0, 'balanced', 'false'),
(32556, 32556, 'El', 0, '', 0, 'LineageNPC2.gracia_remnants_b', 8.00, 23.56, 70, 'male', 'L2Npc', 40, 2444, 2444, 0.00, 0.00, 10, 10, 10, 10, 10, 10, 0, 0, 500, 500, 500, 500, 253, 0, 253, 0, 0, 0, 80, 120, 'NULL', 0, 0, 0, 'LAST_HIT', 0, 0, 0, 'balanced', 'false'),
(32557, 32557, 'Lekon', 0, '', 0, 'LineageNPC.a_smith_MDwarf', 8.00, 16.00, 70, 'male', 'L2Npc', 40, 2444, 2444, 0.00, 0.00, 10, 10, 10, 10, 10, 10, 0, 0, 500, 500, 500, 500, 253, 0, 253, 0, 0, 0, 80, 120, 'NULL', 0, 0, 0, 'LAST_HIT', 0, 0, 0, 'balanced', 'false'),
(32558, 32558, 'Barrier Orb', 0, '', 0, 'LineageNpcEV.dark_clouds_crystal', 8.00, 37.00, 70, 'male', 'L2Npc', 40, 2444, 2444, 0.00, 0.00, 10, 10, 10, 10, 10, 10, 0, 0, 500, 500, 500, 500, 253, 0, 253, 0, 0, 0, 80, 120, 'NULL', 0, 0, 0, 'LAST_HIT', 0, 0, 0, 'balanced', 'false'),
(32559, 32559, 'Artius', 0, '', 0, 'LineageNPC.a_patriarch_MElf', 8.00, 22.00, 70, 'male', 'L2Npc', 40, 2444, 2444, 0.00, 0.00, 10, 10, 10, 10, 10, 10, 0, 0, 500, 500, 500, 500, 253, 0, 253, 0, 0, 0, 80, 120, 'NULL', 0, 0, 0, 'LAST_HIT', 0, 0, 0, 'balanced', 'false'),
(32560, 32560, 'Orbyu', 0, '', 0, 'LineageNPC2.gracia_soldier', 8.00, 25.00, 70, 'male', 'L2Npc', 40, 2444, 2444, 0.00, 0.00, 10, 10, 10, 10, 10, 10, 0, 0, 500, 500, 500, 500, 253, 0, 253, 13524, 13525, 0, 80, 120, 'NULL', 0, 0, 0, 'LAST_HIT', 0, 0, 0, 'balanced', 'false'),
(32561, 32561, 'Kunota', 0, '', 0, 'LineageNPC2.gracia_soldier', 8.00, 25.00, 70, 'male', 'L2Npc', 40, 2444, 2444, 0.00, 0.00, 10, 10, 10, 10, 10, 10, 0, 0, 500, 500, 500, 500, 253, 0, 253, 13524, 13525, 0, 80, 120, 'NULL', 0, 0, 0, 'LAST_HIT', 0, 0, 0, 'balanced', 'false'),
(32562, 32562, 'Siest', 0, '', 0, 'LineageNPC2.gracia_soldier', 8.00, 25.00, 70, 'male', 'L2Npc', 40, 2444, 2444, 0.00, 0.00, 10, 10, 10, 10, 10, 10, 0, 0, 500, 500, 500, 500, 253, 0, 253, 13524, 13525, 0, 80, 120, 'NULL', 0, 0, 0, 'LAST_HIT', 0, 0, 0, 'balanced', 'false'),
(32563, 32563, 'Plenos', 0, '', 0, 'LineageNPC2.gracia_soldier', 8.00, 25.00, 70, 'male', 'L2Npc', 40, 2444, 2444, 0.00, 0.00, 10, 10, 10, 10, 10, 10, 0, 0, 500, 500, 500, 500, 253, 0, 253, 13524, 13525, 0, 80, 120, 'NULL', 0, 0, 0, 'LAST_HIT', 0, 0, 0, 'balanced', 'false'),
(32564, 32564, 'Papiku', 0, '', 0, 'LineageNPC.a_mageguild_teacher_FElf', 8.00, 21.00, 70, 'male', 'L2Npc', 40, 2444, 2444, 0.00, 0.00, 10, 10, 10, 10, 10, 10, 0, 0, 500, 500, 500, 500, 253, 0, 253, 0, 0, 0, 80, 120, 'NULL', 0, 0, 0, 'LAST_HIT', 0, 0, 0, 'balanced', 'false'),
(32565, 32565, 'Felix', 0, '', 0, 'LineageNPC.a_fighterguild_teacher_MHuman', 8.00, 23.56, 70, 'male', 'L2Npc', 40, 2444, 2444, 0.00, 0.00, 10, 10, 10, 10, 10, 10, 0, 0, 500, 500, 500, 500, 253, 0, 253, 0, 0, 0, 80, 120, 'NULL', 0, 0, 0, 'LAST_HIT', 0, 0, 0, 'balanced', 'false'),
(32566, 32566, 'Ginby', 0, '', 0, 'LineageNPC2.gracia_soldier', 8.00, 25.00, 70, 'male', 'L2Npc', 40, 2444, 2444, 0.00, 0.00, 10, 10, 10, 10, 10, 10, 0, 0, 500, 500, 500, 500, 253, 0, 253, 13524, 13525, 0, 80, 120, 'NULL', 0, 0, 0, 'LAST_HIT', 0, 0, 0, 'balanced', 'false'),
(32602, 32602, 'Temporary Teleporter', 0, '', 0, 'LineageNpcEV.teleport_device', 8.00, 24.00, 70, 'male', 'L2Teleporter', 40, 2444, 2444, 0.00, 0.00, 10, 10, 10, 10, 10, 10, 0, 0, 500, 500, 500, 500, 253, 0, 253, 0, 0, 0, 80, 120, 'NULL', 0, 0, 0, 'LAST_HIT', 0, 0, 0, 'balanced', 'false'),
(32603, 32603, 'Tepios', 0, '', 0, 'LineageNPC2.gracia_soldier', 8.00, 25.00, 70, 'male', 'L2Npc', 40, 2444, 2444, 0.00, 0.00, 10, 10, 10, 10, 10, 10, 0, 0, 500, 500, 500, 500, 253, 0, 253, 13524, 13525, 0, 80, 120, 'NULL', 0, 0, 0, 'LAST_HIT', 0, 0, 0, 'balanced', 'false'),
(32605, 32605, 'Airship Controller', 0, '', 0, 'LineageNpcEV.riding_control_unit', 8.00, 28.00, 70, 'male', 'L2Teleporter', 40, 2444, 2444, 0.00, 0.00, 10, 10, 10, 10, 10, 10, 0, 0, 500, 500, 500, 500, 253, 0, 253, 0, 0, 0, 80, 120, 'NULL', 0, 0, 0, 'LAST_HIT', 0, 0, 0, 'balanced', 'false'),
(32606, 32606, 'Airship Controller', 0, '', 0, 'LineageNpcEV.riding_control_unit', 8.00, 28.00, 70, 'male', 'L2Teleporter', 40, 2444, 2444, 0.00, 0.00, 10, 10, 10, 10, 10, 10, 0, 0, 500, 500, 500, 500, 253, 0, 253, 0, 0, 0, 80, 120, 'NULL', 0, 0, 0, 'LAST_HIT', 0, 0, 0, 'balanced', 'false'),
(32607, 32607, 'Airship Controller', 0, '', 0, 'LineageNpcEV.riding_control_unit', 8.00, 28.00, 70, 'male', 'L2Teleporter', 40, 2444, 2444, 0.00, 0.00, 10, 10, 10, 10, 10, 10, 0, 0, 500, 500, 500, 500, 253, 0, 253, 0, 0, 0, 80, 120, 'NULL', 0, 0, 0, 'LAST_HIT', 0, 0, 0, 'balanced', 'false'),
(32608, 32608, 'Airship Controller', 0, '', 0, 'LineageNpcEV.riding_control_unit', 8.00, 28.00, 70, 'male', 'L2Teleporter', 40, 2444, 2444, 0.00, 0.00, 10, 10, 10, 10, 10, 10, 0, 0, 500, 500, 500, 500, 253, 0, 253, 0, 0, 0, 80, 120, 'NULL', 0, 0, 0, 'LAST_HIT', 0, 0, 0, 'balanced', 'false'),
(32610, 32610, 'Olf Kanore', 0, '', 0, 'LineageNPC.a_mageguild_teacher_MElf', 8.00, 22.00, 70, 'male', 'L2Npc', 40, 2444, 2444, 0.00, 0.00, 10, 10, 10, 10, 10, 10, 0, 0, 500, 500, 500, 500, 253, 0, 253, 0, 0, 0, 80, 120, 'NULL', 0, 0, 0, 'LAST_HIT', 0, 0, 0, 'balanced', 'false'),
(32611, 32611, 'Tolonis', 0, '', 0, 'LineageNPC2.gracia_remnants_a', 8.00, 23.56, 70, 'male', 'L2Npc', 40, 2444, 2444, 0.00, 0.00, 10, 10, 10, 10, 10, 10, 0, 0, 500, 500, 500, 500, 253, 0, 253, 0, 0, 0, 80, 120, 'NULL', 0, 0, 0, 'LAST_HIT', 0, 0, 0, 'balanced', 'false'),
(32612, 32612, 'Olf Adams', 0, '', 0, 'LineageNPC.a_mageguild_teacher_MElf', 8.00, 22.00, 70, 'male', 'L2Npc', 40, 2444, 2444, 0.00, 0.00, 10, 10, 10, 10, 10, 10, 0, 0, 500, 500, 500, 500, 253, 0, 253, 0, 0, 0, 80, 120, 'NULL', 0, 0, 0, 'LAST_HIT', 0, 0, 0, 'balanced', 'false'),
(32613, 32613, 'Handy', 0, '', 0, 'LineageNPC2.block_mother_staff', 8.00, 17.25, 70, 'male', 'L2Teleporter', 40, 2444, 2444, 0.00, 0.00, 10, 10, 10, 10, 10, 10, 0, 0, 500, 500, 500, 500, 253, 0, 253, 0, 0, 0, 80, 120, 'NULL', 0, 0, 0, 'LAST_HIT', 0, 0, 0, 'balanced', 'false'),
(32614, 32614, 'Lamcedas', 0, '', 0, 'LineageNPC.a_teleporter_FHuman', 8.00, 23.56, 70, 'male', 'L2Teleporter', 40, 2444, 2444, 0.00, 0.00, 10, 10, 10, 10, 10, 10, 0, 0, 500, 500, 500, 500, 253, 0, 253, 0, 0, 0, 80, 120, 'NULL', 0, 0, 0, 'LAST_HIT', 0, 0, 0, 'balanced', 'false'),
(32615, 32615, 'Ishuma', 0, '', 0, 'LineageNPC.e_smith_master_MDwarf', 8.00, 17.25, 70, 'male', 'L2Npc', 40, 2444, 2444, 0.00, 0.00, 10, 10, 10, 10, 10, 10, 0, 0, 500, 500, 500, 500, 253, 0, 253, 0, 0, 0, 80, 120, 'NULL', 0, 0, 0, 'LAST_HIT', 0, 0, 0, 'balanced', 'false'),
(32616, 32616, 'Mine', 0, '', 0, 'LineageNPC.a_casino_FDarkElf', 8.00, 22.00, 70, 'male', 'L2Npc', 40, 2444, 2444, 0.00, 0.00, 10, 10, 10, 10, 10, 10, 0, 0, 500, 500, 500, 500, 253, 0, 253, 0, 0, 0, 80, 120, 'NULL', 0, 0, 0, 'LAST_HIT', 0, 0, 0, 'balanced', 'false'),
(32618, 32618, 'Thyimi', 0, '', 0, 'LineageNPC.e_warehouse_keeper_FDwarf', 8.00, 17.25, 70, 'male', 'L2Npc', 40, 2444, 2444, 0.00, 0.00, 10, 10, 10, 10, 10, 10, 0, 0, 500, 500, 500, 500, 253, 0, 253, 0, 0, 0, 80, 120, 'NULL', 0, 0, 0, 'LAST_HIT', 0, 0, 0, 'balanced', 'false'),
(32619, 32619, '', 0, '', 0, 'LineageNPC2.gracia_soldier', 11.00, 25.00, 70, 'male', 'L2Npc', 40, 2444, 2444, 0.00, 0.00, 10, 10, 10, 10, 10, 10, 0, 0, 500, 500, 500, 500, 253, 0, 253, 13524, 0, 0, 80, 120, 'NULL', 0, 0, 0, 'LAST_HIT', 0, 0, 0, 'balanced', 'false'),
(32622, 32622, 'Anatole', 0, '', 0, 'LineageNPC2.gracia_soldier', 8.00, 25.00, 70, 'male', 'L2Npc', 40, 2444, 2444, 0.00, 0.00, 10, 10, 10, 10, 10, 10, 0, 0, 500, 500, 500, 500, 253, 0, 253, 0, 0, 0, 80, 120, 'NULL', 0, 0, 0, 'LAST_HIT', 0, 0, 0, 'balanced', 'false'),
(32624, 32624, 'Anbram', 0, '', 0, 'LineageNPC2.gracia_soldier', 8.00, 25.00, 70, 'male', 'L2Npc', 40, 2444, 2444, 0.00, 0.00, 10, 10, 10, 10, 10, 10, 0, 0, 500, 500, 500, 500, 253, 0, 253, 0, 0, 0, 80, 120, 'NULL', 0, 0, 0, 'LAST_HIT', 0, 0, 0, 'balanced', 'false'),
(32626, 32626, 'Royal Guard', 0, '', 0, 'LineageNPC2.gracia_soldier', 8.00, 25.00, 70, 'male', 'L2Npc', 40, 2444, 2444, 0.00, 0.00, 10, 10, 10, 10, 10, 10, 0, 0, 500, 500, 500, 500, 253, 0, 253, 13524, 13525, 0, 80, 120, 'NULL', 0, 0, 0, 'LAST_HIT', 0, 0, 0, 'balanced', 'false'),
(32627, 32627, 'Nottingale', 0, '', 0, 'LineageNPC.a_teleporter_FElf', 8.00, 23.56, 70, 'male', 'L2Npc', 40, 2444, 2444, 0.00, 0.00, 10, 10, 10, 10, 10, 10, 0, 0, 500, 500, 500, 500, 253, 0, 253, 0, 0, 0, 80, 120, 'NULL', 0, 0, 0, 'LAST_HIT', 0, 0, 0, 'balanced', 'false'),
(32628, 32628, 'Wharf Patrol', 0, '', 0, 'LineageNPC.a_guard_MHuman', 8.00, 23.50, 80, 'male', 'L2Npc', 40, 4551, 1859, 13.43, 3.09, 40, 43, 30, 21, 20, 10, 0, 0, 1814, 576, 1144, 468, 278, 0, 333, 94, 0, 0, 50, 120, 'NULL', 0, 0, 0, 'LAST_HIT', 0, 0, 0, 'balanced', 'false'),
(32629, 32629, 'Wharf Patrol', 0, '', 0, 'LineageNPC.a_guard_MHuman', 8.00, 23.50, 80, 'male', 'L2Npc', 40, 4551, 1859, 13.43, 0.00, 40, 43, 30, 21, 20, 10, 0, 0, 1814, 576, 1144, 468, 278, 0, 333, 94, 0, 0, 50, 120, 'NULL', 0, 0, 0, 'LAST_HIT', 0, 0, 0, 'balanced', 'false'),
(32632, 32632, 'Gracia Survivor', 0, '', 0, 'LineageNPC2.gracia_remnants_a', 8.00, 23.00, 70, 'male', 'L2Teleporter', 40, 2444, 2444, 0.00, 0.00, 10, 10, 10, 10, 10, 10, 0, 0, 500, 500, 500, 500, 253, 0, 253, 0, 0, 0, 80, 120, 'NULL', 0, 0, 0, 'LAST_HIT', 0, 0, 0, 'balanced', 'false'),
(36481, 36481, 'Mercenary Captain', 0, '', 0, 'LineageMonster3.Kight_of_Dawn', 8.00, 23.56, 70, 'male', 'L2Npc', 40, 2444, 2444, 0.00, 0.00, 10, 10, 10, 10, 10, 10, 0, 0, 500, 500, 500, 500, 253, 0, 253, 0, 0, 0, 80, 120, 'NULL', 0, 0, 0, 'LAST_HIT', 0, 0, 0, 'balanced', 'false'),
(36482, 36482, 'Mercenary Captain', 0, '', 0, 'LineageMonster3.Kight_of_Dawn', 8.00, 23.56, 70, 'male', 'L2Npc', 40, 2444, 2444, 0.00, 0.00, 10, 10, 10, 10, 10, 10, 0, 0, 500, 500, 500, 500, 253, 0, 253, 0, 0, 0, 80, 120, 'NULL', 0, 0, 0, 'LAST_HIT', 0, 0, 0, 'balanced', 'false'),
(36483, 36483, 'Mercenary Captain', 0, '', 0, 'LineageMonster3.Kight_of_Dawn', 8.00, 23.56, 70, 'male', 'L2Npc', 40, 2444, 2444, 0.00, 0.00, 10, 10, 10, 10, 10, 10, 0, 0, 500, 500, 500, 500, 253, 0, 253, 0, 0, 0, 80, 120, 'NULL', 0, 0, 0, 'LAST_HIT', 0, 0, 0, 'balanced', 'false'),
(36484, 36484, 'Mercenary Captain', 0, '', 0, 'LineageMonster3.Kight_of_Dawn', 8.00, 23.56, 70, 'male', 'L2Npc', 40, 2444, 2444, 0.00, 0.00, 10, 10, 10, 10, 10, 10, 0, 0, 500, 500, 500, 500, 253, 0, 253, 0, 0, 0, 80, 120, 'NULL', 0, 0, 0, 'LAST_HIT', 0, 0, 0, 'balanced', 'false'),
(36485, 36485, 'Mercenary Captain', 0, '', 0, 'LineageMonster3.Kight_of_Dawn', 8.00, 23.56, 70, 'male', 'L2Npc', 40, 2444, 2444, 0.00, 0.00, 10, 10, 10, 10, 10, 10, 0, 0, 500, 500, 500, 500, 253, 0, 253, 0, 0, 0, 80, 120, 'NULL', 0, 0, 0, 'LAST_HIT', 0, 0, 0, 'balanced', 'false'),
(36486, 36486, 'Mercenary Captain', 0, '', 0, 'LineageMonster3.Kight_of_Dawn', 8.00, 23.56, 70, 'male', 'L2Npc', 40, 2444, 2444, 0.00, 0.00, 10, 10, 10, 10, 10, 10, 0, 0, 500, 500, 500, 500, 253, 0, 253, 0, 0, 0, 80, 120, 'NULL', 0, 0, 0, 'LAST_HIT', 0, 0, 0, 'balanced', 'false'),
(36487, 36487, 'Mercenary Captain', 0, '', 0, 'LineageMonster3.Kight_of_Dawn', 8.00, 23.56, 70, 'male', 'L2Npc', 40, 2444, 2444, 0.00, 0.00, 10, 10, 10, 10, 10, 10, 0, 0, 500, 500, 500, 500, 253, 0, 253, 0, 0, 0, 80, 120, 'NULL', 0, 0, 0, 'LAST_HIT', 0, 0, 0, 'balanced', 'false'),
(36488, 36488, 'Mercenary Captain', 0, '', 0, 'LineageMonster3.Kight_of_Dawn', 8.00, 23.56, 70, 'male', 'L2Npc', 40, 2444, 2444, 0.00, 0.00, 10, 10, 10, 10, 10, 10, 0, 0, 500, 500, 500, 500, 253, 0, 253, 0, 0, 0, 80, 120, 'NULL', 0, 0, 0, 'LAST_HIT', 0, 0, 0, 'balanced', 'false'),
(36489, 36489, 'Mercenary Captain', 0, '', 0, 'LineageMonster3.Kight_of_Dawn', 8.00, 23.56, 70, 'male', 'L2Npc', 40, 2444, 2444, 0.00, 0.00, 10, 10, 10, 10, 10, 10, 0, 0, 500, 500, 500, 500, 253, 0, 253, 0, 0, 0, 80, 120, 'NULL', 0, 0, 0, 'LAST_HIT', 0, 0, 0, 'balanced', 'false'),
(36490, 36490, 'Territory Manager', 0, '', 0, 'LineageNPC2.feudal_custodian', 8.00, 22.00, 70, 'male', 'L2Npc', 40, 2444, 2444, 0.00, 0.00, 10, 10, 10, 10, 10, 10, 0, 0, 500, 500, 500, 500, 253, 0, 253, 0, 0, 0, 80, 120, 'NULL', 0, 0, 0, 'LAST_HIT', 0, 0, 0, 'balanced', 'false'),
(36491, 36491, 'Territory Manager', 0, '', 0, 'LineageNPC2.feudal_custodian', 8.00, 22.00, 70, 'male', 'L2Npc', 40, 2444, 2444, 0.00, 0.00, 10, 10, 10, 10, 10, 10, 0, 0, 500, 500, 500, 500, 253, 0, 253, 0, 0, 0, 80, 120, 'NULL', 0, 0, 0, 'LAST_HIT', 0, 0, 0, 'balanced', 'false'),
(36492, 36492, 'Territory Manager', 0, '', 0, 'LineageNPC2.feudal_custodian', 8.00, 22.00, 70, 'male', 'L2Npc', 40, 2444, 2444, 0.00, 0.00, 10, 10, 10, 10, 10, 10, 0, 0, 500, 500, 500, 500, 253, 0, 253, 0, 0, 0, 80, 120, 'NULL', 0, 0, 0, 'LAST_HIT', 0, 0, 0, 'balanced', 'false'),
(36493, 36493, 'Territory Manager', 0, '', 0, 'LineageNPC2.feudal_custodian', 8.00, 22.00, 70, 'male', 'L2Npc', 40, 2444, 2444, 0.00, 0.00, 10, 10, 10, 10, 10, 10, 0, 0, 500, 500, 500, 500, 253, 0, 253, 0, 0, 0, 80, 120, 'NULL', 0, 0, 0, 'LAST_HIT', 0, 0, 0, 'balanced', 'false'),
(36494, 36494, 'Territory Manager', 0, '', 0, 'LineageNPC2.feudal_custodian', 8.00, 22.00, 70, 'male', 'L2Npc', 40, 2444, 2444, 0.00, 0.00, 10, 10, 10, 10, 10, 10, 0, 0, 500, 500, 500, 500, 253, 0, 253, 0, 0, 0, 80, 120, 'NULL', 0, 0, 0, 'LAST_HIT', 0, 0, 0, 'balanced', 'false'),
(36495, 36495, 'Territory Manager', 0, '', 0, 'LineageNPC2.feudal_custodian', 8.00, 22.00, 70, 'male', 'L2Npc', 40, 2444, 2444, 0.00, 0.00, 10, 10, 10, 10, 10, 10, 0, 0, 500, 500, 500, 500, 253, 0, 253, 0, 0, 0, 80, 120, 'NULL', 0, 0, 0, 'LAST_HIT', 0, 0, 0, 'balanced', 'false'),
(36496, 36496, 'Territory Manager', 0, '', 0, 'LineageNPC2.feudal_custodian', 8.00, 22.00, 70, 'male', 'L2Npc', 40, 2444, 2444, 0.00, 0.00, 10, 10, 10, 10, 10, 10, 0, 0, 500, 500, 500, 500, 253, 0, 253, 0, 0, 0, 80, 120, 'NULL', 0, 0, 0, 'LAST_HIT', 0, 0, 0, 'balanced', 'false'),
(36497, 36497, 'Territory Manager', 0, '', 0, 'LineageNPC2.feudal_custodian', 8.00, 22.00, 70, 'male', 'L2Npc', 40, 2444, 2444, 0.00, 0.00, 10, 10, 10, 10, 10, 10, 0, 0, 500, 500, 500, 500, 253, 0, 253, 0, 0, 0, 80, 120, 'NULL', 0, 0, 0, 'LAST_HIT', 0, 0, 0, 'balanced', 'false'),
(36498, 36498, 'Territory Manager', 0, '', 0, 'LineageNPC2.feudal_custodian', 8.00, 22.00, 70, 'male', 'L2Npc', 40, 2444, 2444, 0.00, 0.00, 10, 10, 10, 10, 10, 10, 0, 0, 500, 500, 500, 500, 253, 0, 253, 0, 0, 0, 80, 120, 'NULL', 0, 0, 0, 'LAST_HIT', 0, 0, 0, 'balanced', 'false'),
(36570, 36570, 'Emery Compressor', 0, '', 0, 'LineageNpcEV.source_facility', 8.00, 140.00, 70, 'male', 'L2Teleporter', 40, 2444, 2444, 0.00, 0.00, 10, 10, 10, 10, 10, 10, 0, 0, 500, 500, 500, 500, 253, 0, 253, 0, 0, 0, 80, 120, 'NULL', 0, 0, 0, 'LAST_HIT', 0, 0, 0, 'balanced', 'false'),
(36571, 36571, 'Vortex', 0, '', 0, 'LineageNpcEV.war_gate', 8.00, 180.00, 70, 'male', 'L2Teleporter', 40, 2444, 2444, 0.00, 0.00, 10, 10, 10, 10, 10, 10, 0, 0, 500, 500, 500, 500, 253, 0, 253, 0, 0, 0, 80, 120, 'NULL', 0, 0, 0, 'LAST_HIT', 0, 0, 0, 'balanced', 'false');

-- 破滅國境的新 NPC 位置 (感謝 pmq 提供)
REPLACE INTO `spawnlist` VALUES
(840001, '', 1,32517, -149359, 252926, -148, 0, 0, 16690, 10, 0, 0),   -- 飛空艇控制裝置
(840002, '', 1,32517, -186754, 244204, 2663, 0, 0, 52894, 10, 0, 0),   -- 飛空艇控制裝置
(840003, '', 1,32518, -204789, 242147, 1805, 0, 0, 32767, 10, 0, 0),   -- 裂縫旋流之門
(840004, '', 1,32521, -57716, -61481, -2390, 0, 0, 20352, 10, 0, 0),   -- 翰狄的翻轉方塊 1競技場入場管理員
(840005, '', 1,32522, -57568, -61487, -2391, 0, 0, 17110, 10, 0, 0),   -- 翰狄的翻轉方塊 2競技場入場管理員
(840006, '', 1,32523, -57390, -61484, -2390, 0, 0, 22517, 10, 0, 0),   -- 翰狄的翻轉方塊 3競技場入場管理員
(840007, '', 1,32524, -57244, -61487, -2390, 0, 0, 16383, 10, 0, 0),   -- 翰狄的翻轉方塊 4競技場入場管理員
(840008, '', 1,32526, -248788, 250278, 4325, 0, 0, 2280, 10, 0, 0),    -- 下士官爾勒諾斯
(840009, '', 1,32534, -212889, 209556, 4271, 0, 0, 18939, 10, 0, 0),   -- 不滅的引導者札耶汀
(840010, '', 1,32537, -182851, 206069, -12910, 0, 0, 28285, 10, 0, 0), -- 伊卡姆士之口
(840011, '', 1,32537, -183138, 206635, -12910, 0, 0, 11730, 10, 0, 0), -- 伊卡姆士之口
(840012, '', 1,32537, -183451, 205840, -12911, 0, 0, 62921, 10, 0, 0), -- 伊卡姆士之口
(840013, '', 1,32537, -183703, 206405, -12910, 0, 0, 61793, 10, 0, 0), -- 伊卡姆士之口
(840014, '', 1,32539, -183048, 205942, -12911, 0, 0, 63572, 10, 0, 0), -- 深淵的守門人
(840015, '', 1,32548, -186400, 242412, 2544, 0, 0, 3014, 10, 0, 0),    -- 指揮官柯塞勒斯
(840016, '', 1,32549, -185610, 240749, 1563, 0, 0, 61567, 10, 0, 0),   -- 將軍狄里歐斯
(840017, '', 1,32550, -184455, 242847, 1575, 0, 0, 4449, 10, 0, 0),    -- 特產品仲介克可蘭
(840018, '', 1,32551, -183045, 241646, 1442, 0, 0, 11039, 10, 0, 0),   -- 士兵拿爾勒斯
(840019, '', 1,32552, -182990, 241441, 1442, 0, 0, 62240, 10, 0, 0),   -- 士兵托瑪里斯
(840020, '', 1,32553, -184056, 245164, 1443, 0, 0, 11547, 10, 0, 0),   -- 士兵吉薩斯
(840021, '', 1,32554, -183970, 244918, 1443, 0, 0, 61621, 10, 0, 0),   -- 士兵墨依拉
(840022, '', 1,32555, -186158, 242349, 1673, 0, 0, 63477, 10, 0, 0),   -- 士兵泰尼斯
(840023, '', 1,32556, -186230, 242599, 1673, 0, 0, 59402, 10, 0, 0),   -- 士兵埃爾
(840024, '', 1,32557, -184548, 243115, 1576, 0, 0, 9137, 10, 0, 0),    -- 工程師雷坤
(840025, '', 1,32558, -186214, 242472, 2544, 0, 0, 19142, 10, 0, 0),   -- 屏障球珠
(840026, '', 1,32559, -186107, 242502, 2544, 0, 0, 2867, 10, 0, 0),    -- 戰鬥法師爾堤吾斯
(840027, '', 1,32560, -186076, 241296, 2607, 0, 0, 3213, 10, 0, 0),    -- 士兵奧勒布
(840028, '', 1,32561, -184769, 240386, 1563, 0, 0, 17976, 10, 0, 0),   -- 士兵柯諾塔
(840029, '', 1,32562, -186165, 244996, 1563, 0, 0, 51384, 10, 0, 0),   -- 士兵西爾司特
(840030, '', 1,32563, -186700, 243536, 2608, 0, 0, 2921, 10, 0, 0),    -- 士兵普雷諾斯
(840031, '', 1,32564, -149482, 253691, -192, 0, 0, 15086, 10, 0, 0),   -- 教師帕皮克
(840032, '', 1,32565, -149233, 253688, -192, 0, 0, 13028, 10, 0, 0),   -- 大師匹黎克斯
(840033, '', 1,32566, -185091, 242809, 1571, 0, 0, 3283, 10, 0, 0),    -- 士兵津比
(840034, '', 1,32603, -182913, 205821, -12910, 0, 0, 22119, 10, 0, 0), -- 軍官特普歐司
(840036, '', 1,32605, -185777, 246408, 1280, 0, 0, 35594, 10, 0, 0),   -- 飛空艇控制裝置
(840037, '', 1,32606, -183665, 239442, 1279, 0, 0, 35443, 10, 0, 0),   -- 飛空艇控制裝置
(840038, '', 1,32607, -213770, 210765, 4392, 0, 0, 57018, 10, 0, 0),   -- 飛空艇控制裝置
(840039, '', 1,32608, -246841, 251976, 4350, 0, 0, 40159, 10, 0, 0),   -- 飛空艇控制裝置
(840040, '', 1,32610, 148558, 28024, -2277, 0, 0, 32767, 10, 0, 0),    -- 編織員沃夫 凱諾瑞
(840041, '', 1,32611, -184403, 243011, 1575, 0, 0, 3138, 10, 0, 0),    -- 管制官托羅尼斯
(840042, '', 1,32612, 44242, -49210, -805, 0, 0, 32767, 10, 0, 0),     -- 編織員沃夫 亞當斯
(840043, '', 1,32613, -57466, -60787, -2374, 0, 0, 49151, 10, 0, 0),   -- 遊戲管理員翰狄
(840044, '', 1,32614, -149652, 255043, -92, 0, 0, 15045, 10, 0, 0),    -- 守門人拉姆士達斯
(840045, '', 1,32615, -149065, 255032, -92, 0, 0, 14661, 10, 0, 0),    -- 巨匠伊希瑪
(840046, '', 1,32616, -148692, 253816, -192, 0, 0, 23536, 10, 0, 0),   -- 占卜師米芮
(840047, '', 1,32618, -186641, 244241, 1563, 0, 0, 3355, 10, 0, 0),    -- 商人絲伊美
(840048, '', 1,32622, -184847, 245262, 1527, 0, 0, 2488, 10, 0, 0),    -- 士兵阿納托
(840049, '', 1,32624, -183533, 240911, 1527, 0, 0, 2390, 10, 0, 0),    -- 士兵安布廉
(840050, '', 1,32626, -186434, 242367, 2545, 0, 0, 4314, 10, 0, 0),    -- 士兵皇家警衛
(840051, '', 1,32626, -186455, 242439, 2545, 0, 0, 4117, 10, 0, 0),    -- 士兵皇家警衛
(840052, '', 1,32627, -186448, 243349, 2616, 0, 0, 17864, 10, 0, 0),   -- 魔法師諾丁蓋爾
(840053, '', 1,32628, -150471, 255295, -192, 0, 0, 48955, 10, 0, 0),   -- 碼頭巡邏兵
(840054, '', 1,32628, -150508, 255294, -191, 0, 0, 52507, 10, 0, 0),   -- 碼頭巡邏兵
(840055, '', 1,32629, -148229, 255296, -192, 0, 0, 43018, 10, 0, 0),   -- 碼頭巡邏兵
(840056, '', 1,32629, -148266, 255295, -192, 0, 0, 47429, 10, 0, 0),   -- 碼頭巡邏兵
(840057, '', 1,32632, 111121, 219188, -3551, 0, 0, 48655, 10, 0, 0),   -- 格勒西亞殘存者
(840058, '', 1,32632, 147103, 25607, -2021, 0, 0, 15416, 10, 0, 0),    -- 格勒西亞殘存者
(840059, '', 1,32632, 147845, -55150, -2741, 0, 0, 49952, 10, 0, 0),   -- 格勒西亞殘存者
(840060, '', 1,32632, 16141, 142840, -2714, 0, 0, 15895, 10, 0, 0),    -- 格勒西亞殘存者
(840061, '', 1,32632, 43657, -47768, -805, 0, 0, 45261, 10, 0, 0),     -- 格勒西亞殘存者
(840062, '', 1,32632, 82830, 53096, -1504, 0, 0, 16383, 10, 0, 0),     -- 格勒西亞殘存者
(840063, '', 1,32632, 83673, 148380, -3413, 0, 0, 31967, 10, 0, 0),    -- 格勒西亞殘存者
(840064, '', 1,32632, 87209, -143487, -1301, 0, 0, 15640, 10, 0, 0),   -- 格勒西亞殘存者
(840065, '', 1,36481, -15067, 124128, -3125, 0, 0, 49298, 10, 0, 0),   -- 古魯丁傭兵隊隊長
(840066, '', 1,36482, 19345, 144895, -3109, 0, 0, 0, 10, 0, 0),        -- 狄恩傭兵隊隊長
(840067, '', 1,36483, 82184, 149608, -3477, 0, 0, 57343, 10, 0, 0),    -- 奇岩傭兵隊隊長
(840068, '', 1,36484, 83051, 55335, -1533, 0, 0, 19739, 10, 0, 0),     -- 歐瑞傭兵隊隊長
(840069, '', 1,36485, 146447, 28340, -2277, 0, 0, 58977, 10, 0, 0),    -- 亞丁傭兵隊隊長
(840070, '', 1,36486, 115338, 218753, -3671, 0, 0, 31928, 10, 0, 0),   -- 因納得立傭兵隊隊長
(840071, '', 1,36487, 145795, -57309, -2989, 0, 0, 43737, 10, 0, 0),   -- 高達特傭兵隊隊長
(840072, '', 1,36488, 38184, -47912, 888, 0, 0, 13640, 10, 0, 0),      -- 魯因傭兵隊隊長
(840073, '', 1,36489, 89242, -141418, -1549, 0, 0, 5753, 10, 0, 0),    -- 修加特傭兵隊隊長
(840074, '', 1,36490, -12222, 122652, -3109, 0, 0, 22295, 10, 0, 0),   -- 古魯丁領地管理員
(840075, '', 1,36490, -15175, 124236, -3125, 0, 0, 46596, 10, 0, 0),   -- 古魯丁領地管理員
(840076, '', 1,36490, -82690, 150019, -3137, 0, 0, 17184, 10, 0, 0),   -- 古魯丁領地管理員
(840077, '', 1,36490, -83582, 243271, -3737, 0, 0, 26243, 10, 0, 0),   -- 古魯丁領地管理員
(840078, '', 1,36491, 17754, 144216, -3054, 0, 0, 50275, 10, 0, 0),    -- 狄恩領地管理員
(840079, '', 1,36491, 19336, 145052, -3114, 0, 0, 32452, 10, 0, 0),    -- 狄恩領地管理員
(840080, '', 1,36492, 79352, 148128, -3541, 0, 0, 52729, 10, 0, 0),    -- 奇岩領地管理員
(840081, '', 1,36492, 80546, 152331, -3541, 0, 0, 27131, 10, 0, 0),    -- 奇岩領地管理員
(840082, '', 1,36492, 81891, 149582, -3477, 0, 0, 47930, 10, 0, 0),    -- 奇岩領地管理員
(840083, '', 1,36493, 43881, 50585, -3068, 0, 0, 59165, 10, 0, 0),     -- 歐瑞領地管理員
(840084, '', 1,36493, 80141, 53479, -1568, 0, 0, 57343, 10, 0, 0),     -- 歐瑞領地管理員
(840085, '', 1,36493, 82683, 55323, -1533, 0, 0, 27523, 10, 0, 0),     -- 歐瑞領地管理員
(840086, '', 1,36493, 9436, 17735, -4583, 0, 0, 45693, 10, 0, 0),      -- 歐瑞領地管理員
(840087, '', 1,36494, -115132, 44208, 506, 0, 0, 31287, 10, 0, 0),     -- 亞丁領地管理員
(840088, '', 1,36494, 116815, 75510, -2736, 0, 0, 20779, 10, 0, 0),    -- 亞丁領地管理員
(840089, '', 1,36494, 146506, 28511, -2277, 0, 0, 62180, 10, 0, 0),    -- 亞丁領地管理員
(840090, '', 1,36494, 148397, 28530, -2277, 0, 0, 37821, 10, 0, 0),    -- 亞丁領地管理員
(840091, '', 1,36495, 107418, 217843, -3683, 0, 0, 3355, 10, 0, 0),    -- 因納得立領地管理員
(840092, '', 1,36495, 115481, 218849, -3671, 0, 0, 18442, 10, 0, 0),   -- 因納得立領地管理員
(840093, '', 1,36496, 145689, -57186, -2989, 0, 0, 40644, 10, 0, 0),   -- 高達特領地管理員
(840094, '', 1,36497, 38272, -48001, 888, 0, 0, 254, 10, 0, 0),        -- 魯因領地管理員
(840095, '', 1,36498, -44111, -112280, -247, 0, 0, 40959, 10, 0, 0),   -- 修加特領地管理員
(840096, '', 1,36498, 116188, -181558, -1370, 0, 0, 0, 10, 0, 0),      -- 修加特領地管理員
(840097, '', 1,36498, 89314, -141487, -1549, 0, 0, 2555, 10, 0, 0),    -- 修加特領地管理員
(840098, '', 1,36570, -184108, 238594, 1429, 0, 0, 19614, 10, 0, 0),   -- 金剛砂凝結器
(840099, '', 1,36571, -213466, 245892, 2042, 0, 0, 49364, 10, 0, 0),   -- 裂縫
(840100, '', 1,36571, -213451, 243899, 2042, 0, 0, 16383, 10, 0, 0);   -- 裂縫

-- 新傳送
REPLACE INTO `teleport` VALUES
('3000601', '3000601', '-149406', '255247', '-80', '0', '0'),
('3237801', '3237801', '-57328', '-60566', '-2360', '0', '0'),
('3253401', '3253401', '-183321', '205994', '-12896', '0', '0'),
('3261401', '3261401', '-84752', '243122', '-3728', '0', '0'),
('3260201', '3260201', '-245833', '220174', '-12104', '0', '0'),
('3260202', '3260202', '-251624', '213420', '-12072', '0', '0'),
('3260203', '3260203', '-249774', '207316', '-11952', '0', '0');

-- 新道具
REPLACE INTO `etcitem` VALUES
(13277,'Energy Star Stone','false','none',100,'stackable','steel','none',-1,-1,0,0,'true','true','true','true','0-0;','false'),
(13559,'Airship Summon License','false','none',20,'stackable','paper','none',-1,-1,0,0,'true','true','true','true','0-0;','false');

-- 刪除不會動的 NPC Walk
Delete From `spawnlist` Where `npc_templateid` in (31356,31357,31358,31359,31360,31361,31362,31363,31364,31365,32070,32072,32628,32629,32549);
Delete From `fort_spawnlist` Where `npcId` in (35659,35690,35728,35759,35797,35828,35859,35897,35928,35966,36004,36035,36073,36111,36142,36173,36211,36249,36287,36318,36356);
UPDATE `npc` SET `walkspd` = '8' WHERE `id` in (32072);
UPDATE `npc` SET `walkspd` = '50' WHERE `id` in (35659,35690,35728,35759,35797,35828,35859,35897,35928,35966,36004,36035,36073,36111,36142,36173,36211,36249,36287,36318,36356);
