/************ Made in Taiwan ************/

/************ 修正32007加爾巴-釣魚會員 ************/
Delete From spawnlist Where `id` > 820000 and `id` < 850000;
INSERT INTO `spawnlist` VALUES ('820001', '', '1', '32007', '140967', '-123600', '-1905 ', '0', '0', '11829', '60', '0', '0');
UPDATE `npc` SET `type` = 'L2Fisherman' WHERE `id` in (32007);
UPDATE `npc` SET `rhand` = '7560' WHERE `id` in (32007);
REPLACE INTO `merchant_shopids` VALUES (3200700,'32007');
Delete From merchant_buylists Where shop_id in (3200700);
INSERT INTO `merchant_buylists` (`item_id`,`price`,`shop_id`,`order`) VALUES
(7807,-1,3200700,0),
(7808,-1,3200700,1),
(7809,-1,3200700,2),
(6520,-1,3200700,3),
(6523,-1,3200700,4),
(6526,-1,3200700,5),
(8506,-1,3200700,6),
(8509,-1,3200700,7),
(8512,-1,3200700,8),
(8484,-1,3200700,9),
(8485,-1,3200700,10),
(8486,-1,3200700,11),
(6529,-1,3200700,12),
(6530,-1,3200700,13),
(6531,-1,3200700,14),
(6532,-1,3200700,15),
(6533,-1,3200700,16),
(6534,-1,3200700,17),
(7561,-1,3200700,18),
(8193,-1,3200700,19),
(8194,-1,3200700,20),
(8195,-1,3200700,21),
(8196,-1,3200700,22),
(8197,-1,3200700,23),
(8198,-1,3200700,24),
(8199,-1,3200700,25),
(8200,-1,3200700,26),
(8202,-1,3200700,27);


/************ 修正赤紅座龍 ************/
REPLACE INTO `npc` VALUES ('16038', '16038', 'Red Wind Strider', '0', '', '0', 'Monster.strider', '23.00', '31.00', '70', 'male', 'L2Pet', '40', '2444', '2444', '0.00', '0.00', '10', '10', '10', '10', '10', '10', '0', '0', '500', '500', '500', '500', '253', '0', '253', '0', '0', '0', '80', '120', '', '0', '0', '0', 'LAST_HIT', '0', '0', '0', 'balanced', "false");
REPLACE INTO `npc` VALUES ('16039', '16039', 'Red Star Strider', '0', '', '0', 'Monster.strider', '23.00', '31.00', '70', 'male', 'L2Pet', '40', '2444', '2444', '0.00', '0.00', '10', '10', '10', '10', '10', '10', '0', '0', '500', '500', '500', '500', '253', '0', '253', '0', '0', '0', '80', '120', '', '0', '0', '0', 'LAST_HIT', '0', '0', '0', 'balanced', "false");
REPLACE INTO `npc` VALUES ('16040', '16040', 'Red Twilight Strider', '0', '', '0', 'Monster.strider', '23.00', '31.00', '70', 'male', 'L2Pet', '40', '2444', '2444', '0.00', '0.00', '10', '10', '10', '10', '10', '10', '0', '0', '500', '500', '500', '500', '253', '0', '253', '0', '0', '0', '80', '120', '', '0', '0', '0', 'LAST_HIT', '0', '0', '0', 'balanced', "false");


/************ 增加貓熊手鐲 ************/
REPLACE INTO `armor` VALUES
(20063,'Agathion Seal Bracelet - Baby Panda','lbracelet','false','none',150, 'wood','none',0,-1,-1,0,0,0,0,0,'false','false','true','false','0-0;'),
(20064,'Agathion Seal Bracelet - Bamboo Panda','lbracelet','false','none',150, 'wood','none',0,-1,-1,0,0,0,0,0,'false','false','true','false','0-0;'),
(20065,'Agathion Seal Bracelet - Sexy Panda','lbracelet','false','none',150, 'wood','none',0,-1,-1,0,0,0,0,0,'false','false','true','false','0-0;'),
(20066,'Agathion Seal Bracelet - Baby Panda','lbracelet','false','none',150, 'wood','none',0,-1,1,-0,0,0,0,0,'false','false','true','false','0-0;'),
(20067,'Agathion Seal Bracelet - Bamboo Panda','lbracelet','false','none',150, 'wood','none',0,-1,-1,0,0,0,0,0,'false','false','true','false','0-0;'),
(20068,'Agathion Seal Bracelet - Sexy Panda','lbracelet','false','none',150, 'wood','none',0,-1,-1,0,0,0,0,0,'false','false','true','false','0-0;');


/************ 修正要塞/小天使/小惡魔/魯道夫/媽祖/普萊皮塔/貓熊/愛心壺精/淡紫鬃馬騎乘的手鐲 ************/
UPDATE `armor` SET `skill` = '3361-1;3267-1;5458-1;' WHERE `item_id` in (9909);
UPDATE `armor` SET `skill` = '3361-1;3267-1;5458-1;' WHERE `item_id` in (10018);
UPDATE `armor` SET `skill` = '3269-1;3267-1;5414-1;' WHERE `item_id` in (10139);
UPDATE `armor` SET `skill` = '3423-1;3267-1;5535-1;' WHERE `item_id` in (10320);
UPDATE `armor` SET `skill` = '3424-1;3267-1;5536-1;' WHERE `item_id` in (10326);
UPDATE `armor` SET `skill` = '3425-1;3267-1;5537-1;' WHERE `item_id` in (10606);
UPDATE `armor` SET `skill` = '3423-1;3267-1;5535-1;' WHERE `item_id` in (12779);
UPDATE `armor` SET `skill` = '3424-1;3267-1;5536-1;' WHERE `item_id` in (12780);
UPDATE `armor` SET `skill` = '8247-1;839-1;' WHERE `item_id` in (13022,13308,20030);
UPDATE `armor` SET `skill` = '8245-1;3267-1;' WHERE `item_id` in (13023,13254,13309,13340);
UPDATE `armor` SET `skill` = '21000-1;3267-1;23000-1;' WHERE `item_id` in (20006);
UPDATE `armor` SET `skill` = '21001-1;3267-1;23001-1;' WHERE `item_id` in (20007);
UPDATE `armor` SET `skill` = '21002-1;3267-1;23002-1;' WHERE `item_id` in (20008);
UPDATE `armor` SET `skill` = '21003-1;3267-1;23003-1;' WHERE `item_id` in (20012);
UPDATE `armor` SET `skill` = '21008-1;3267-1;23010-1' WHERE `item_id` in (20063);
UPDATE `armor` SET `skill` = '21009-1;3267-1;23011-1' WHERE `item_id` in (20064);
UPDATE `armor` SET `skill` = '21010-1;3267-1;23012-1' WHERE `item_id` in (20065);


/************ 加入邱比特/招財貓/獨眼蝙蝠群/飛馬/土地公的壺精手鐲 ************/
REPLACE INTO `armor` VALUES
(20204,'Ring of Queen Ant','rfinger,lfinger','true','none',150,'gold','b',0,-1,-1,0,48,21,616000,82,'false','false','true','false','3562-1'),
(20205,'Ring of Queen Ant','rfinger,lfinger','true','none',150,'gold','b',0,-1,-1,0,48,21,616000,82,'false','false','true','false','3562-1'),
(20206,'Ring of Queen Ant','rfinger,lfinger','true','none',150,'gold','b',0,-1,-1,0,48,21,616000,82,'false','false','true','false','3562-1'),
(20207,'Zaken\'s Earring','rear,lear','true','none',150,'gold','s',0,-1,-1,0,71,31,2590000,124,'false','false','true','false','3559-1'),
(20208,'Zaken\'s Earring','rear,lear','true','none',150,'gold','s',0,-1,-1,0,71,31,2590000,124,'false','false','true','false','3559-1'),
(20209,'Zaken\'s Earring','rear,lear','true','none',150,'gold','s',0,-1,-1,0,71,31,2590000,124,'false','false','true','false','3559-1'),
(20212,'Agathion Seal Bracelet - Charming Cupid','lbracelet','false','none',150, 'wood','none',0,-1,-1,0,0,0,0,0,'false','false','true','false','21031-1;3267-1;23025-1;'),
(20213,'Agathion Seal Bracelet - Naughty Cupid','lbracelet','false','none',150, 'wood','none',0,-1,-1,0,0,0,0,0,'false','false','true','false','21032-1;3267-1;23026-1;'),
(20221,'Agathion Seal Bracelet - White Maneki Neko','lbracelet','false','none',150, 'wood','none',0,-1,-1,0,0,0,0,0,'false','false','true','false','21033-1;3267-1;23027-1;23046-1;'),
(20222,'Agathion Seal Bracelet - Black Maneki Neko','lbracelet','false','none',150, 'wood','none',0,-1,-1,0,0,0,0,0,'false','false','true','false','21034-1;3267-1;23028-1;23047-1;'),
(20223,'Agathion Seal Bracelet - Brown Maneki Neko','lbracelet','false','none',150, 'wood','none',0,-1,-1,0,0,0,0,0,'false','false','true','false','21035-1;3267-1;23029-1;23048-1;'),
(20224,'Agathion Seal Bracelet - White Maneki Neko','lbracelet','false','none',150, 'wood','none',0,-1,-1,0,0,0,0,0,'false','false','true','false','21033-1;3267-1;23027-1;23046-1;23030-1;'),
(20225,'Agathion Seal Bracelet - Black Maneki Neko','lbracelet','false','none',150, 'wood','none',0,-1,-1,0,0,0,0,0,'false','false','true','false','21034-1;3267-1;23028-1;23047-1;23031-1;'),
(20230,'Agathion Seal Bracelet - One-Eyed Bat Drove','lbracelet','false','none',150, 'wood','none',0,-1,-1,0,0,0,0,0,'false','false','true','false','21036-1;3267-1;23033-1;;'),
(20231,'Agathion Seal Bracelet - One-Eyed Bat Drove','lbracelet','false','none',150, 'wood','none',0,-1,-1,0,0,0,0,0,'false','false','true','false','21036-1;3267-1;23033-1;23034-1;'),
(20236,'Agathion Seal Bracelet - Pegasus','lbracelet','false','none',150, 'wood','none',0,-1,-1,0,0,0,0,0,'false','false','true','false','21037-1;3267-1;23036-1;'),
(20237,'Agathion Seal Bracelet - Pegasus','lbracelet','false','none',150, 'wood','none',0,-1,-1,0,0,0,0,0,'false','false','true','false','21037-1;3267-1;23036-1;23037-1;'),
(20238,'Agathion Seal Bracelet - Pegasus','lbracelet','false','none',150, 'wood','none',0,-1,-1,0,0,0,0,0,'false','false','true','false','21037-1;3267-1;23036-1;23038-1;'),
(20245,'Agathion Seal Bracelet - Yellow-Robed Tojigong','lbracelet','false','none',150, 'wood','none',0,-1,-1,0,0,0,0,0,'false','false','true','false','21038-1;3267-1;23039-1;'),
(20246,'Agathion Seal Bracelet - Blue-Robed Tojigong','lbracelet','false','none',150, 'wood','none',0,-1,-1,0,0,0,0,0,'false','false','true','false','21039-1;3267-1;23040-1;'),
(20247,'Agathion Seal Bracelet - Green-Robed Tojigong','lbracelet','false','none',150, 'wood','none',0,-1,-1,0,0,0,0,0,'false','false','true','false','21040-1;3267-1;23041-1;'),
(20248,'Agathion Seal Bracelet - Yellow-Robed Tojigong','lbracelet','false','none',150, 'wood','none',0,-1,-1,0,0,0,0,0,'false','false','true','false','21038-1;3267-1;23039-1;23042-1;'),
(20249,'Agathion Seal Bracelet - Blue-Robed Tojigong','lbracelet','false','none',150, 'wood','none',0,-1,-1,0,0,0,0,0,'false','false','true','false','21039-1;3267-1;23040-1;23043-1;'),
(20250,'Agathion Seal Bracelet - Green-Robed Tojigong','lbracelet','false','none',150, 'wood','none',0,-1,-1,0,0,0,0,0,'false','false','true','false','21040-1;3267-1;23041-1;23044-1;'),
(20252,'Agathion Seal Bracelet - Bugbear','lbracelet','false','none',150, 'wood','none',0,-1,-1,0,0,0,0,0,'false','false','true','false','21041-1;3267-1;23045-1;'),
(20253,'Agathion of Love (Event)','lbracelet','false','none',150, 'wood','none',0,-1,-1,0,0,0,0,0,'false','false','true','false','8245-1;3267-1;');


/************ 增加頭飾的附加技能(祝福復活/祝福返回/大頭/煙火) ************/
UPDATE `armor` SET `skill` = '3263-1;' WHERE `item_id` in (9177,9178,9179,9180,9181,9182,9183,10621,10625,10629);
UPDATE `armor` SET `skill` = '3264-1;' WHERE `item_id` in (9184,9185,9186,9187,9188,9189,9190,10620,10624,10628);
UPDATE `armor` SET `skill` = '3265-1;' WHERE `item_id` in (9191,9192,9193,9194,9195,9196,9197,10623,10627,10631);
UPDATE `armor` SET `skill` = '3266-1;' WHERE `item_id` in (9198,9199,9200,9201,9202,9203,9204,9890,9891,9892,9893,9894,9895,9896,10622,10626,10630);
UPDATE `armor` SET `skill` = '21005-3;' WHERE `item_id` in (20016);
UPDATE `armor` SET `skill` = '21006-1;21007-1;' WHERE `item_id` in (20018);
UPDATE `armor` SET `skill` = '21004-1;' WHERE `item_id` in (20019);


/************ 增加壺精的附加技能(祝福復活/祝福返回/大頭/煙火) ************/
ALTER TABLE `items` CHANGE `mana_left` `mana_left` decimal(10,0) NOT NULL default -1;
UPDATE `armor` SET `skill` = '3423-1;3267-1;5538-1;' WHERE `item_id` in (10316);
UPDATE `armor` SET `skill` = '3423-1;3267-1;5539-1;' WHERE `item_id` in (10317);
UPDATE `armor` SET `skill` = '3423-1;3267-1;5540-1;' WHERE `item_id` in (10318);
UPDATE `armor` SET `skill` = '3423-1;3267-1;5541-1;' WHERE `item_id` in (10319);
UPDATE `armor` SET `skill` = '3424-1;3267-1;5542-1;' WHERE `item_id` in (10322);
UPDATE `armor` SET `skill` = '3424-1;3267-1;5543-1;' WHERE `item_id` in (10323);
UPDATE `armor` SET `skill` = '3424-1;3267-1;5544-1;' WHERE `item_id` in (10324);
UPDATE `armor` SET `skill` = '3424-1;3267-1;5545-1;' WHERE `item_id` in (10325);
UPDATE `armor` SET `skill` = '21000-1;3267-1;23000-1;23004-1;' WHERE `item_id` in (20009);
UPDATE `armor` SET `skill` = '21001-1;3267-1;23001-1;23005-1;' WHERE `item_id` in (20010);
UPDATE `armor` SET `skill` = '21002-1;3267-1;23002-1;23006-1;' WHERE `item_id` in (20011);
UPDATE `armor` SET `skill` = '21003-1;3267-1;23003-1;23007-1;' WHERE `item_id` in (20013);
UPDATE `armor` SET `skill` = '21003-1;3267-1;23003-1;23009-1;' WHERE `item_id` in (20014);
UPDATE `armor` SET `skill` = '21003-1;3267-1;23003-1;23008-1;' WHERE `item_id` in (20015);
UPDATE `armor` SET `skill` = '21008-1;3267-1;23010-1;23013-1;' WHERE `item_id` in (20066);
UPDATE `armor` SET `skill` = '21008-1;3267-1;23011-1;23014-1;' WHERE `item_id` in (20067);
UPDATE `armor` SET `skill` = '21010-1;3267-1;23012-1;23015-1;' WHERE `item_id` in (20068);


/************ 增加道具的變身技能 ************/
UPDATE `armor` SET `skill` = '3335-1;' WHERE `item_id` in (10141); -- 雪人變身
UPDATE `armor` SET `skill` = '3336-1;' WHERE `item_id` in (10142); -- 野牛變身
UPDATE `weapon` SET `skill` = '3418-1;' WHERE `item_id` in (10167); -- 豬豬塔糖
UPDATE `weapon` SET `skill` = '8244-1;' WHERE `item_id` in (12814); -- 守門人變身魔杖
UPDATE `weapon` SET `skill` = '8246-1;' WHERE `item_id` in (12800,13253,13324,13339); -- 南瓜變身魔杖
REPLACE INTO armorsets VALUES ('200', '9670', '9671', '9669', '0', '0', '3359', '1', '0', '0', '0'); -- 土著全套


/************ 增加爆炸頭金色/粉紅色 ************/
REPLACE INTO `armor` VALUES
(20275,'Gold Afro','dhair','false','none',10,'wood','none',0,-1,-1,0,0,0,0,0,'true','true','true','true','0-0;'),
(20276,'Pink Afro','dhair','false','none',10,'wood','none',0,-1,-1,0,0,0,0,0,'true','true','true','true','0-0;');


/************ 增加狩獵幫手 ************/
UPDATE `etcitem` SET `duration` = '300' WHERE `item_id` IN (13017,13018,13019,13020); -- 使用期限目前無效果
REPLACE INTO `npc` VALUES ('16043', '16043', 'Fox Shaman', '0', '', '0', 'LineageMonster4.foxian_wizard_pet', '10', '19', '70', 'male', 'L2Pet', '40', '2444', '2444', '0.00', '0.00', '40', '43', '30', '21', '20', '25', '0', '0', '500', '500', '500', '500', '253', '0', '253', '0', '0', '0', '80', '120', 'NULL', '0', '0', '0', 'LAST_HIT', '0', '0', '0', 'fighter', 'false');
REPLACE INTO `npc` VALUES ('16044', '16044', 'Wild Beast Fighter', '0', '', '0', 'LineageMonster4.beast_fighter_pet', '10', '17', '70', 'male', 'L2Pet', '40', '2444', '2444', '0.00', '0.00', '40', '43', '30', '21', '20', '25', '0', '0', '500', '500', '500', '500', '253', '0', '253', '0', '0', '0', '80', '120', 'NULL', '0', '0', '0', 'LAST_HIT', '0', '0', '0', 'fighter', 'false');
REPLACE INTO `npc` VALUES ('16045', '16045', 'White Weasel', '0', '', '0', 'LineageMonster4.ferret_pet', '10', '13', '70', 'male', 'L2Pet', '40', '2444', '2444', '0.00', '0.00', '40', '43', '30', '21', '20', '25', '0', '0', '500', '500', '500', '500', '253', '0', '253', '0', '0', '0', '80', '120', 'NULL', '0', '0', '0', 'LAST_HIT', '0', '0', '0', 'fighter', 'false');
REPLACE INTO `npc` VALUES ('16046', '16046', 'Fairy Princess', '0', '', '0', 'LineageMonster4.fairy_princess_pet', '10', '18', '70', 'male', 'L2Pet', '40', '2444', '2444', '0.00', '0.00', '40', '43', '30', '21', '20', '25', '0', '0', '500', '500', '500', '500', '253', '0', '253', '0', '0', '0', '80', '120', 'NULL', '0', '0', '0', 'LAST_HIT', '0', '0', '0', 'fighter', 'false');
REPLACE INTO `pets_skills` VALUES
(16044,1,5745,1),
(16044,72,5745,2),
(16044,74,5745,3),
(16044,76,5745,4),
(16044,78,5745,5),
(16044,79,5745,6),
(16044,80,5745,7),
(16044,81,5745,8),
(16044,82,5745,9),
(16044,83,5745,10),
(16044,84,5745,11),
(16044,85,5745,12),
(16045,1,5745,1),
(16045,72,5745,2),
(16045,74,5745,3),
(16045,76,5745,4),
(16045,78,5745,5),
(16045,79,5745,6),
(16045,80,5745,7),
(16045,81,5745,8),
(16045,82,5745,9),
(16045,83,5745,10),
(16045,84,5745,11),
(16045,85,5745,12),
(16044,1,5746,1),
(16044,72,5746,2),
(16044,74,5746,3),
(16044,76,5746,4),
(16044,78,5746,5),
(16044,79,5746,6),
(16044,80,5746,7),
(16044,81,5746,8),
(16044,82,5746,9),
(16044,83,5746,10),
(16044,84,5746,11),
(16044,85,5746,12),
(16044,1,5747,1),
(16044,72,5747,2),
(16044,74,5747,3),
(16044,76,5747,4),
(16044,78,5747,5),
(16044,79,5747,6),
(16044,80,5747,7),
(16044,81,5747,8),
(16044,82,5747,9),
(16044,83,5747,10),
(16044,84,5747,11),
(16044,85,5747,12),
(16044,1,5748,1),
(16044,72,5748,2),
(16044,74,5748,3),
(16044,76,5748,4),
(16044,78,5748,5),
(16044,79,5748,6),
(16044,80,5748,7),
(16044,81,5748,8),
(16044,82,5748,9),
(16044,83,5748,10),
(16044,84,5748,11),
(16044,85,5748,12),
(16043,1,5749,1),
(16043,72,5749,2),
(16043,74,5749,3),
(16043,76,5749,4),
(16043,78,5749,5),
(16043,79,5749,6),
(16043,80,5749,7),
(16043,81,5749,8),
(16043,82,5749,9),
(16043,83,5749,10),
(16043,84,5749,11),
(16043,85,5749,12),
(16043,1,5750,1),
(16043,72,5750,2),
(16043,74,5750,3),
(16043,76,5750,4),
(16043,78,5750,5),
(16043,79,5750,6),
(16043,80,5750,7),
(16043,81,5750,8),
(16043,82,5750,9),
(16043,83,5750,10),
(16043,84,5750,11),
(16043,85,5750,12),
(16043,1,5751,1),
(16043,72,5751,2),
(16043,74,5751,3),
(16043,76,5751,4),
(16043,78,5751,5),
(16043,79,5751,6),
(16043,80,5751,7),
(16043,81,5751,8),
(16043,82,5751,9),
(16043,83,5751,10),
(16043,84,5751,11),
(16043,85,5751,12),
(16043,1,5752,1),
(16043,72,5752,2),
(16043,74,5752,3),
(16043,76,5752,4),
(16043,78,5752,5),
(16043,79,5752,6),
(16043,80,5752,7),
(16043,81,5752,8),
(16043,82,5752,9),
(16043,83,5752,10),
(16043,84,5752,11),
(16043,85,5752,12),
(16046,1,5752,1),
(16046,72,5752,2),
(16046,74,5752,3),
(16046,76,5752,4),
(16046,78,5752,5),
(16046,79,5752,6),
(16046,80,5752,7),
(16046,81,5752,8),
(16046,82,5752,9),
(16046,83,5752,10),
(16046,84,5752,11),
(16046,85,5752,12),
(16043,1,5753,1),
(16044,1,5753,1),
(16045,1,5753,1),
(16046,1,5753,1),
(16045,1,5771,1),
(16046,1,5771,1),
(16034,1,5771,1),
(16035,1,5771,1),
(16036,1,5771,1),
(14916,1,5761,1),
(14916,70,5761,1),
(14917,1,5761,1),
(14917,70,5761,1);
REPLACE INTO `pets_stats` VALUES
('Fox Shaman',16043,70,266966617,3161,1039,1075,1155,468,444,92,93,44,187,278,333,100000000,0,0,92287,40,15,0.05),
('Fox Shaman',16043,71,311043873,3250,1115,1085,1158,474,447,98,97,44,187,278,333,100000000,0,0,92287,40,15,0.05),
('Fox Shaman',16043,72,366944678,3340,1151,1097,1161,382,450,102,101,44,187,278,333,100000000,0,0,92287,40,15,0.05),
('Fox Shaman',16043,73,436722878,3433,1199,1108,1164,490,453,106,105,44,187,278,333,100000000,0,0,92287,40,15,0.05),
('Fox Shaman',16043,74,522505733,3527,1247,1119,1167,497,456,110,109,44,187,278,333,100000000,0,0,92287,40,15,0.05),
('Fox Shaman',16043,75,626774887,3621,1299,1130,1170,505,459,114,113,44,187,278,333,100000000,0,0,92287,40,15,0.05),
('Fox Shaman',16043,76,772136519,3718,1350,1142,1173,512,462,118,117,44,187,278,333,100000000,0,0,92287,40,15,0.05),
('Fox Shaman',16043,77,944761536,3815,1403,1154,1176,521,465,122,121,44,187,278,333,100000000,0,0,92287,40,15,0.05),
('Fox Shaman',16043,78,1148089335,3985,1465,1140,1180,549,468,126,125,44,187,278,333,100000000,0,0,92287,40,15,0.05),
('Fox Shaman',16043,79,1386786292,4009,1514,1179,1184,537,471,130,129,44,187,278,333,100000000,0,0,92287,40,15,0.05),
('Fox Shaman',16043,80,1664975622,4109,1572,1192,1188,545,474,134,133,44,187,278,333,100000000,0,0,92287,40,15,0.05),
('Fox Shaman',16043,81,1998969732,4209,1632,1205,1192,553,477,138,137,44,187,278,333,100000000,0,0,92287,40,15,0.05),
('Fox Shaman',16043,82,2379093816,4311,1693,1219,1196,561,480,142,141,44,187,278,333,100000000,0,0,92287,40,15,0.05),
('Fox Shaman',16043,83,2831502296,4416,1756,1233,1200,570,483,146,145,44,187,278,333,100000000,0,0,92287,40,15,0.05),
('Fox Shaman',16043,84,3340379889,4521,1821,1248,1204,579,486,150,149,44,187,278,333,100000000,0,0,92287,40,15,0.05),
('Fox Shaman',16043,85,3905839397,4629,1887,1263,1208,588,489,154,153,44,187,278,333,100000000,0,0,92287,40,15,0.05),
('Fox Shaman',16043,86,4567019890,4740,1955,1278,1212,597,492,158,157,44,187,278,333,100000000,0,0,92287,40,15,0.05),
('Wild Beast Fighter',16044,70,266966617,4647,623,1688,578,468,444,92,93,44,187,278,333,100000000,0,0,92287,40,15,0.05),
('Wild Beast Fighter',16044,71,311043873,4778,669,1703,579,474,447,98,97,44,187,278,333,100000000,0,0,92287,40,15,0.05),
('Wild Beast Fighter',16044,72,366944678,4910,691,1722,581,382,450,102,101,44,187,278,333,100000000,0,0,92287,40,15,0.05),
('Wild Beast Fighter',16044,73,436722878,5047,719,1740,582,490,453,106,105,44,187,278,333,100000000,0,0,92287,40,15,0.05),
('Wild Beast Fighter',16044,74,522505733,5185,748,1757,584,497,456,110,109,44,187,278,333,100000000,0,0,92287,40,15,0.05),
('Wild Beast Fighter',16044,75,626774887,5323,779,1774,585,505,459,114,113,44,187,278,333,100000000,0,0,92287,40,15,0.05),
('Wild Beast Fighter',16044,76,772136519,5465,810,1793,587,512,462,118,117,44,187,278,333,100000000,0,0,92287,40,15,0.05),
('Wild Beast Fighter',16044,77,944761536,5608,842,1812,588,521,465,122,121,44,187,278,333,100000000,0,0,92287,40,15,0.05),
('Wild Beast Fighter',16044,78,1148089335,5845,879,1791,589,549,468,126,125,44,187,278,333,100000000,0,0,92287,40,15,0.05),
('Wild Beast Fighter',16044,79,1386786292,5893,908,1851,592,537,471,130,129,44,187,278,333,100000000,0,0,92287,40,15,0.05),
('Wild Beast Fighter',16044,80,1664975622,6040,943,1871,594,545,474,134,133,44,187,278,333,100000000,0,0,92287,40,15,0.05),
('Wild Beast Fighter',16044,81,1998969732,6187,979,1892,596,553,477,138,137,44,187,278,333,100000000,0,0,92287,40,15,0.05),
('Wild Beast Fighter',16044,82,2379093816,6337,1016,1914,598,561,480,142,141,44,187,278,333,100000000,0,0,92287,40,15,0.05),
('Wild Beast Fighter',16044,83,2831502296,6492,1054,1936,600,570,483,146,145,44,187,278,333,100000000,0,0,92287,40,15,0.05),
('Wild Beast Fighter',16044,84,3340379889,6646,1093,1959,602,579,486,150,149,44,187,278,333,100000000,0,0,92287,40,15,0.05),
('Wild Beast Fighter',16044,85,3905839397,6805,1132,1983,604,588,489,154,153,44,187,278,333,100000000,0,0,92287,40,15,0.05),
('Wild Beast Fighter',16044,86,4567019890,6968,1173,2006,606,597,492,158,157,44,187,278,333,100000000,0,0,92287,40,15,0.05),
('White Weasel',16045,70,266966617,3856,1320,1381,866,468,444,92,93,44,187,278,333,100000000,0,0,92287,40,15,0.05),
('White Weasel',16045,71,311043873,3965,1416,1394,869,474,447,98,97,44,187,278,333,100000000,0,0,92287,40,15,0.05),
('White Weasel',16045,72,366944678,4075,1462,1409,871,382,450,102,101,44,187,278,333,100000000,0,0,92287,40,15,0.05),
('White Weasel',16045,73,436722878,4188,1523,1423,873,490,453,106,105,44,187,278,333,100000000,0,0,92287,40,15,0.05),
('White Weasel',16045,74,522505733,4303,1584,1437,875,497,456,110,109,44,187,278,333,100000000,0,0,92287,40,15,0.05),
('White Weasel',16045,75,626774887,4418,1650,1451,878,505,459,114,113,44,187,278,333,100000000,0,0,92287,40,15,0.05),
('White Weasel',16045,76,772136519,4536,1715,1467,880,512,462,118,117,44,187,278,333,100000000,0,0,92287,40,15,0.05),
('White Weasel',16045,77,944761536,4654,1782,1482,882,521,465,122,121,44,187,278,333,100000000,0,0,92287,40,15,0.05),
('White Weasel',16045,78,1148089335,4871,1856,1464,883,549,468,126,125,44,187,278,333,100000000,0,0,92287,40,15,0.05),
('White Weasel',16045,79,1386786292,4891,1923,1514,888,537,471,130,129,44,187,278,333,100000000,0,0,92287,40,15,0.05),
('White Weasel',16045,80,1664975622,5013,1996,1531,891,545,474,134,133,44,187,278,333,100000000,0,0,92287,40,15,0.05),
('White Weasel',16045,81,1998969732,5135,2073,1547,894,553,477,138,137,44,187,278,333,100000000,0,0,92287,40,15,0.05),
('White Weasel',16045,82,2379093816,5259,2150,1565,897,561,480,142,141,44,187,278,333,100000000,0,0,92287,40,15,0.05),
('White Weasel',16045,83,2831502296,5388,2230,1583,900,570,483,146,145,44,187,278,333,100000000,0,0,92287,40,15,0.05),
('White Weasel',16045,84,3340379889,5516,2313,1602,903,579,486,150,149,44,187,278,333,100000000,0,0,92287,40,15,0.05),
('White Weasel',16045,85,3905839397,5647,2396,1622,906,588,489,154,153,44,187,278,333,100000000,0,0,92287,40,15,0.05),
('White Weasel',16045,86,4567019890,5783,2483,1642,909,597,492,158,157,44,187,278,333,100000000,0,0,92287,40,15,0.05),
('Fairy Princess',16046,70,266966617,3477,1386,1075,961,468,444,92,93,44,187,278,333,100000000,0,0,92287,40,15,0.05),
('Fairy Princess',16046,71,311043873,3575,1487,1085,963,474,447,98,97,44,187,278,333,100000000,0,0,92287,40,15,0.05),
('Fairy Princess',16046,72,366944678,3674,1535,1097,966,382,450,102,101,44,187,278,333,100000000,0,0,92287,40,15,0.05),
('Fairy Princess',16046,73,436722878,3777,1599,1108,968,490,453,106,105,44,187,278,333,100000000,0,0,92287,40,15,0.05),
('Fairy Princess',16046,74,522505733,3880,1663,1119,971,497,456,110,109,44,187,278,333,100000000,0,0,92287,40,15,0.05),
('Fairy Princess',16046,75,626774887,3983,1733,1130,973,505,459,114,113,44,187,278,333,100000000,0,0,92287,40,15,0.05),
('Fairy Princess',16046,76,772136519,4090,1801,1142,976,512,462,118,117,44,187,278,333,100000000,0,0,92287,40,15,0.05),
('Fairy Princess',16046,77,944761536,4197,1872,1154,978,521,465,122,121,44,187,278,333,100000000,0,0,92287,40,15,0.05),
('Fairy Princess',16046,78,1148089335,4384,1954,1140,982,549,468,126,125,44,187,278,333,100000000,0,0,92287,40,15,0.05),
('Fairy Princess',16046,79,1386786292,4410,2020,1179,985,537,471,130,129,44,187,278,333,100000000,0,0,92287,40,15,0.05),
('Fairy Princess',16046,80,1664975622,4520,2097,1192,988,545,474,134,133,44,187,278,333,100000000,0,0,92287,40,15,0.05),
('Fairy Princess',16046,81,1998969732,4630,2177,1205,992,553,477,138,137,44,187,278,333,100000000,0,0,92287,40,15,0.05),
('Fairy Princess',16046,82,2379093816,4743,2258,1219,995,561,480,142,141,44,187,278,333,100000000,0,0,92287,40,15,0.05),
('Fairy Princess',16046,83,2831502296,4858,2343,1233,998,570,483,146,145,44,187,278,333,100000000,0,0,92287,40,15,0.05),
('Fairy Princess',16046,84,3340379889,4974,2429,1248,1002,579,486,150,149,44,187,278,333,100000000,0,0,92287,40,15,0.05),
('Fairy Princess',16046,85,3905839397,5092,2517,1263,1005,588,489,154,153,44,187,278,333,100000000,0,0,92287,40,15,0.05),
('Fairy Princess',16046,86,4567019890,5214,2608,1278,1008,597,492,158,157,44,187,278,333,100000000,0,0,92287,40,15,0.05);


/************ 增加寵物的技能(鬃狼/座狼/座龍) ************/
REPLACE INTO `pets_skills` VALUES
(16025,1,5443,1),
(16025,60,5443,2),
(16025,65,5443,3),
(16025,70,5443,4),
(16037,1,5443,1),
(16037,60,5443,2),
(16037,65,5443,3),
(16037,70,5443,4),
(16041,1,5443,1),
(16041,60,5443,2),
(16041,65,5443,3),
(16041,70,5443,4),
(16042,1,5443,1),
(16042,60,5443,2),
(16042,65,5443,3),
(16042,70,5443,4),
(16025,1,5444,1),
(16025,60,5444,2),
(16037,1,5444,1),
(16037,60,5444,2),
(16041,1,5444,1),
(16041,60,5444,2),
(16042,1,5444,1),
(16042,60,5444,2),
(16025,1,5445,1),
(16037,1,5445,1),
(16041,1,5445,1),
(16042,1,5445,1),
(16037,1,5584,1),
(16042,1,5584,1);


/************ 增加/修正/刪除NPC ************/
UPDATE `npc` SET `level` = '55' WHERE `id` in (16030); -- 修正黑鬃狼的等級
UPDATE `npc` SET `type` = 'L2VillageMaster' WHERE `id` in (32191); -- 修正漢娜琳  宗師的NPC類型
UPDATE `npc` SET `type` = 'L2SepulcherNpc' WHERE `id` in (31928); -- 修正侯爵禮拜堂守門人的NPC類型
UPDATE `npc` SET `type` = 'L2Adventurer' WHERE `id` in (32074); -- 修正古魯丁分會長的NPC類型
UPDATE `npc` SET `type` = 'L2Doormen' WHERE `id` in (35440); -- 修正NPC ID:丹尼爾(根據地守門人)
UPDATE `npc` SET `type` = 'L2Npc', `collision_radius` = '9', `collision_height` = '16.5', `rhand` = '0' WHERE `id` in (35417,35418); -- 修正地獄守門人
UPDATE `spawnlist` SET `npc_templateid` = '35440' WHERE `id` ='33771'; -- 修正NPC ID:丹尼爾(根據地守門人)
UPDATE `raidboss_spawnlist` SET `loc_x` = '3776', `loc_y` = '-6768', `loc_z` = '-3253' WHERE `boss_id` =25527; -- 修正狩獵首領烏魯卡的位置
Delete From `spawnlist` Where `npc_templateid` in (30880,30881,30882,30883,30884,30885,30886,30887,30888,30889,32353); -- 刪除不存在的NPC

-- 加入維他命管理者
Delete From spawnlist Where `npc_templateid` in (32478);
INSERT INTO `spawnlist` VALUES
('810001', '', '1', '32478', '47597', '49924', '-2995', '0', '0', '33231', '60', '0', '0'),
('810002', '', '1', '32478', '13432', '17255', '-4574', '0', '0', '46871', '60', '0', '0'),
('810003', '', '1', '32478', '115020', '-179727', '-879', '0', '0', '0', '60', '0', '0'),
('810004', '', '1', '32478', '-82374', '153659', '-3177', '0', '0', '16383', '60', '0', '0'),
('810005', '', '1', '32478', '-43721', '-113474', '-239', '0', '0', '32767', '60', '0', '0'),
('810006', '', '1', '32478', '-115213', '45057', '502', '0', '0', '32408', '60', '0', '0'),
('810007', '', '1', '32478', '-81926', '243372', '-3730', '0', '0', '38436', '60', '0', '0'),
('810008', '', '1', '32478', '-13236', '124615', '-3126', '0', '0', '49151', '60', '0', '0'),
('810009', '', '1', '32478', '20556', '144776', '-3080', '0', '0', '32767', '60', '0', '0'),
('810010', '', '1', '32478', '17735', '169802', '-3495', '0', '0', '19465', '60', '0', '0'),
('810011', '', '1', '32478', '82675', '146736', '-3466', '0', '0', '32767', '60', '0', '0'),
('810012', '', '1', '32478', '109951', '220614', '-3479', '0', '0', '16383', '60', '0', '0'),
('810013', '', '1', '32478', '55379', '220614', '-1527', '0', '0', '16383', '60', '0', '0'),
('810014', '', '1', '32478', '81782', '55399', '-1529', '0', '0', '16383', '60', '0', '0'),
('810015', '', '1', '32478', '115650', '76613', '-2668', '0', '0', '58618', '60', '0', '0'),
('810016', '', '1', '32478', '148411', '26581', '-2207', '0', '0', '16094', '60', '0', '0'),
('810017', '', '1', '32478', '43569', '-48972', '-796', '0', '0', '1843', '60', '0', '0'),
('810018', '', '1', '32478', '146141', '-57893', '-2983', '0', '0', '44315', '60', '0', '0'),
('810019', '', '1', '32478', '88934', '-140814', '-1539', '0', '0', '11547', '60', '0', '0');

-- 修正NPC位置
REPLACE INTO `spawnlist` VALUES
('33177', 'dion05_npc2021_02', '1', '30484', '17530', '113970', '-11672', '0', '0', '16384', '60', '0', '0'), -- 潘帝娜(克塔1樓守門人)
('33178', 'dion05_npc2021_03', '1', '30487', '17898', '113953', '-11672', '0', '0', '16384', '60', '0', '0'), -- 貝內(克塔1樓守門人)
('33472', 'oren16_npc2218_016', '1', '31605', '85692', '16400', '-2803', '0', '0', '38000', '60', '0', '0'), -- 金斯雷(象牙塔)
('33485', 'oren17_npc2219_009', '1', '30676', '81655', '54737', '-1509', '0', '0', '24576', '60', '0', '0'), -- 庫羅普(歐瑞倉庫)
('33594', 'innadril09_npc2324_23', '1', '31092', '114486', '217413', '-3631', '0', '0', '0', '60', '0', '0'), -- 財富的地下商人(水上都市海音斯)
('33613', 'aden17_npc2317_01', '1', '31675', '111186', '-13261', '-1702', '0', '0', '13828', '60', '0', '0'), -- 維克特 馮 德伊克(國境守備隊隊長)
('33614', 'aden17_npc2317_02', '1', '31679', '111532', '-17238', '-1702', '0', '0', '49586', '60', '0', '0'), -- 尤斯特斯 馮 伊森(邊境警備隊隊長)
('33628', 'aden17_npc2317_03', '1', '31677', '111532', '-13266', '-1704', '0', '0', '14508', '60', '0', '0'), -- 國境守備隊員
('33635', 'aden17_npc2317_03', '1', '31677', '111178', '-17234', '-1702', '0', '0', '46468', '60', '0', '0'), -- 國境守備隊員
('51230', 'godard02_npc2416_45', '1', '35366', '145715', '-57107', '-2980', '0', '0', '36487', '60', '0', '0'), -- 莊園管理員(高達特城鎮)
('51231', 'schuttgart', '1', '30767', '85792', '-142809', '-1341', '0', '0', '10508', '60', '0', '0'), -- 拍賣管理者(修加特城鎮)
('51232', 'schuttgart', '1', '35558', '89344', '-141591', '-1541', '0', '0', '64817', '60', '0', '0'); -- 莊園管理員(修加特城鎮)

-- 加入漏掉的NPC
INSERT INTO `spawnlist` VALUES
('820002', '', '1', '35644', '116178', '-181602', '-1365', '0', '0', '0', '60', '0', '0'), -- 莊園管理員(矮人村莊)
('820003', '', '1', '35645', '-44159', '-112229', '-239', '0', '0', '39768', '60', '0', '0'), -- 莊園管理員(半獸人村莊)
('820004', '', '1', '32327', '116934', '77257', '-2694', '0', '0', '40092', '60', '0', '0'), -- 冒險者助手(獵人村莊)
('820005', '', '1', '32327', '146351', '27386', '-2204', '0', '0', '58824', '60', '0', '0'), -- 冒險者助手(亞丁城鎮)
('820006', '', '1', '32321', '147271', '28647', '-2268', '0', '0', '53514', '60', '0', '0'), -- 道具仲介商(亞丁城鎮)
('820008', '', '1', '32327', '148123', '-57006', '-2783', '0', '0', '34065', '60', '0', '0'), -- 冒險者助手(高達特城鎮)
('820009', '', '1', '32071', '84432', '-144032', '-1538', '0', '0', '8764', '60', '0', '0'), -- 琳達(修加特城鎮)
('820010', '', '1', '31691', '86123', '-145764', '-1292', '0', '0', '0', '60', '0', '0'), -- 訓練用草人(修加特城鎮的戰士公會)
('820011', '', '1', '31691', '86123', '-145628', '-1295', '0', '0', '0', '60', '0', '0'), -- 訓練用草人(修加特城鎮的戰士公會)
('820012', '', '1', '31691', '86123', '-145492', '-1292', '0', '0', '0', '60', '0', '0'), -- 訓練用草人(修加特城鎮的戰士公會)
('820013', '', '1', '31691', '86123', '-145356', '-1292', '0', '0', '0', '60', '0', '0'), -- 訓練用草人(修加特城鎮的戰士公會)
('820014', '', '1', '31691', '86123', '-145220', '-1292', '0', '0', '0', '60', '0', '0'), -- 訓練用草人(修加特城鎮的戰士公會)
('820015', '', '1', '31691', '86315', '-145764', '-1292', '0', '0', '0', '60', '0', '0'), -- 訓練用草人(修加特城鎮的戰士公會)
('820016', '', '1', '31691', '86315', '-145628', '-1292', '0', '0', '0', '60', '0', '0'), -- 訓練用草人(修加特城鎮的戰士公會)
('820017', '', '1', '31691', '86315', '-145492', '-1295', '0', '0', '0', '60', '0', '0'), -- 訓練用草人(修加特城鎮的戰士公會)
('820018', '', '1', '31691', '86315', '-145356', '-1292', '0', '0', '0', '60', '0', '0'), -- 訓練用草人(修加特城鎮的戰士公會)
('820019', '', '1', '31691', '86315', '-145220', '-1292', '0', '0', '0', '60', '0', '0'), -- 訓練用草人(修加特城鎮的戰士公會)
('820020', '', '1', '32327', '43568', '-47602', '-796', '0', '0', '43240', '60', '0', '0'), -- 冒險者助手(魯因城鎮)
('820021', '', '1', '32484', '42668', '-47915', '-796', '0', '0', '52507', '60', '0', '0'), -- 開拓者幹員(魯因城鎮)
('820022', '', '1', '32271', '153570', '142067', '-9727', '0', '0', '0', '60', '0', '0'), -- 帕爾米
('820023', '', '1', '32469', '-111520', '41743', '2172', '0', '0', '30892', '60', '0', '0'), -- 艾特伯格 副長老(闇天使村莊)
('820024', '', '1', '32119', '23707', '-19108', '-2815', '0', '0', '37776', '60', '0', '0'), -- 烏魯 凱莫
('820025', '', '1', '32120', '27716', '-11685', '-2281', '0', '0', '31470', '60', '0', '0'), -- 巴魯 凱莫
('820026', '', '1', '32121', '18714', '-9635', '-2790', '0', '0', '54407', '60', '0', '0'), -- 裘太 凱莫
('820027', '', '1', '32109', '23666', '-7144', '-1134', '0', '0', '46433', '60', '0', '0'), -- 席琳聖像
('820046', '', '1', '35601', '141162', '-124264', '-1876', '0', '0', '10648', '60', '0', '0'), -- 守門人(虹彩泉根據地)
('820047', '', '1', '35602', '140705', '-124025', '-1913', '0', '0', '27931', '60', '0', '0'), -- 守門人(虹彩泉根據地)
('820048', '', '1', '35602', '140737', '-123823', '-1911', '0', '0', '1297', '60', '0', '0'), -- 守門人(虹彩泉根據地)
('820049', '', '1', '35603', '152937', '-126582', '-2314', '0', '0', '26339', '60', '0', '0'), -- 入場管理員(虹彩泉根據地)
('820050', '', '1', '35604', '143922', '-119195', '-2140', '0', '0', '0', '60', '0', '0'), -- 傳令(虹彩泉根據地)
('820051', '', '1', '35625', '55180', '-93023', '-1366', '0', '0', '34826', '60', '0', '0'), -- 外城守門人(野獸農莊根據地)
('820052', '', '1', '35626', '55419', '-92952', '-1365', '0', '0', '55689', '60', '0', '0'), -- 外城守門人(野獸農莊根據地)
('820053', '', '1', '35627', '53555', '-93765', '-1583', '0', '0', '47671', '60', '0', '0'), -- 傳令(野獸農莊根據地)
('820054', '', '1', '32500', '143546', '-58929', '-3468', '0', '0', '40092', '60', '0', '0'); -- 調查官 悉奈

-- 加入高等城鎮的轉職貓
INSERT INTO `spawnlist` VALUES
('820028', '', '1', '31228', '147449', '25946', '-2012', '0', '0', '21221', '60', '0', '0'),
('820029', '', '1', '31228', '83509', '147962', '-3404', '0', '0', '20253', '60', '0', '0'),
('820030', '', '1', '31228', '82879', '53133', '-1495', '0', '0', '18940', '60', '0', '0'),
('820031', '', '1', '31228', '15740', '142896', '-2705', '0', '0', '19740', '60', '0', '0'),
('820032', '', '1', '31228', '111457', '219419', '-3545', '0', '0', '43515', '60', '0', '0'),
('820033', '', '1', '31228', '-12835', '122741', '-3116', '0', '0', '57344', '60', '0', '0'),
('820034', '', '1', '31228', '148006', '-55266', '-2734', '0', '0', '38727', '60', '0', '0'),
('820035', '', '1', '31228', '87006', '-143414', '-1292', '0', '0', '4363', '60', '0', '0'),
('820036', '', '1', '31228', '-80679', '149837', '-3070', '0', '0', '20834', '60', '0', '0'),
('820037', '', '1', '31228', '117170', '76807', '-2694', '0', '0', '32768', '60', '0', '0'),
('820038', '', '1', '31228', '43877', '-47676', '-823', '0', '0', '49152', '60', '0', '0'),
('820039', '', '1', '31228', '46989', '51487', '-2976', '0', '0', '42643', '60', '0', '0'),
('820040', '', '1', '31228', '-116776', '46545', '368', '0', '0', '40092', '60', '0', '0');

-- 加入暴龍
UPDATE `npc` SET `type` = 'L2Monster', `hp` = '306406', `mp` = '2338' WHERE `id` in (22215,22216,22217);
INSERT INTO `spawnlist` VALUES
('820041', '', '1', '22215', '24767', '-12441', '-2532', '0', '0', '15314', '86400', '0', '0'),
('820042', '', '1', '22215', '28263', '-17486', '-2539', '0', '0', '50052', '86400', '0', '0'),
('820043', '', '1', '22215', '18229', '-17975', '-3219', '0', '0', '65140', '86400', '0', '0'),
('820044', '', '1', '22216', '19897', '-9087', '-2781', '0', '0', '2686', '86400', '0', '0'),
('820045', '', '1', '22217', '22827', '-14698', '-3080', '0', '0', '53946', '86400', '0', '0');

-- 加入新的NPC (地下競技場助手/調查官 艾德勒/惡魔島的復活者/肯特拉獸人 咒術士/調查官 悉奈/地下競技場的入場管理員/南瓜幽靈)
REPLACE INTO `npc` VALUES
('32491', '32491', 'Underground Coliseum Helper', '0', '', '0', 'LineageNPCs2.TP_battlezone_staff', '7.8', '17.29', '70', 'male', 'L2Teleporter', '40', '2444', '2444', '0', '0', '10', '10', '10', '10', '10', '10', '0', '0', '500', '500', '500', '500', '278', '0', '333', '0', '0', '0', '50', '100', '', '0', '0', '0', 'LAST_HIT', '0', '0', '0', 'balanced', 'false'),
('32497', '32497', 'Inspector Adler', '0', '', '1', 'NPC.a_mageguild_teacher_MElf', '7.00', '22.20', '70', 'male', 'L2Npc', '40', '3862', '1493', '0', '0', '10', '10', '10', '10', '10', '10', '0', '0', '1314', '470', '780', '382', '278', '0', '333', '0', '0', '0', '55', '132', '', '0', '0', '0', 'LAST_HIT', '0', '0', '0', 'balanced', 'false'),
('32498', '32498', 'Devil\'s Isle Survivor', '0', '', '0', 'LineageNPC.a_fighterguild_teacher_MHuman', '8', '23', '70', 'male', 'L2Npc', '40', '2444', '2444', '0', '0', '10', '10', '10', '10', '10', '10', '0', '0', '500', '500', '500', '500', '278', '0', '333', '0', '0', '0', '50', '120', '', '0', '0', '0', 'LAST_HIT', '0', '0', '0', 'balanced', 'false'),
('32499', '32499', 'Ketra Orc Shaman', '0', '', '0', 'LineageMonster.ketra_orc_shaman_20_bi', '30.00', '23.56', '70', 'male', 'L2Npc', '40', '2444', '2444', '0', '0', '10', '10', '10', '10', '10', '10', '0', '0', '500', '500', '500', '500', '253', '0', '253', '0', '0', '0', '80', '120', '', '0', '0', '0', 'LAST_HIT', '0', '0', '0', 'balanced', 'false'),
('32500', '32500', 'Inspector Sinai', '0', '', '0', 'LineageNPC.a_mageguild_teacher_FElf', '7', '21.2', '70', 'male', 'L2Npc', '40', '2444', '2444', '0', '0', '10', '10', '10', '10', '10', '10', '0', '0', '500', '500', '500', '500', '253', '0', '253', '0', '0', '0', '80', '120', '', '0', '0', '0', 'LAST_HIT', '0', '0', '0', 'balanced', 'false'),
('32503', '32503', 'Entrance Manager', '0', '', '0', 'LineageNPC.e_smith_master_MDwarf', '8', '17', '1', 'male', 'L2Teleporter', '40', '2444', '2444', '0', '0', '10', '10', '10', '10', '10', '10', '0', '0', '500', '500', '500', '500', '253', '0', '253', '0', '0', '0', '80', '120', '', '0', '0', '0', 'LAST_HIT', '0', '0', '0', 'balanced', 'false'),
('32513', '32513', 'Kun', '0', '', '0', 'LineageNPCs2.TP_battlezone_staff', '7.8', '17.29', '70', 'male', 'L2Teleporter', '40', '2444', '2444', '0', '0', '10', '10', '10', '10', '10', '10', '0', '0', '500', '500', '500', '500', '278', '0', '333', '0', '0', '0', '50', '100', '', '0', '0', '0', 'LAST_HIT', '0', '0', '0', 'balanced', 'false'),
('32514', '32514', 'Tarion', '0', '', '0', 'LineageNPCs2.TP_battlezone_staff', '7.8', '17.29', '70', 'male', 'L2Teleporter', '40', '2444', '2444', '0', '0', '10', '10', '10', '10', '10', '10', '0', '0', '500', '500', '500', '500', '278', '0', '333', '0', '0', '0', '50', '100', '', '0', '0', '0', 'LAST_HIT', '0', '0', '0', 'balanced', 'false'),
('32515', '32515', 'Leo', '0', '', '0', 'LineageNPCs2.TP_battlezone_staff', '7.8', '17.29', '70', 'male', 'L2Teleporter', '40', '2444', '2444', '0', '0', '10', '10', '10', '10', '10', '10', '0', '0', '500', '500', '500', '500', '278', '0', '333', '0', '0', '0', '50', '100', '', '0', '0', '0', 'LAST_HIT', '0', '0', '0', 'balanced', 'false'),
('32516', '32516', 'Candice', '0', '', '0', 'LineageNPCs2.TP_battlezone_staff', '7.8', '17.29', '70', 'male', 'L2Teleporter', '40', '2444', '2444', '0', '0', '10', '10', '10', '10', '10', '10', '0', '0', '500', '500', '500', '500', '278', '0', '333', '0', '0', '0', '50', '100', '', '0', '0', '0', 'LAST_HIT', '0', '0', '0', 'balanced', 'false'),
('13135', '13135', 'Pumpkin Ghost', '0', '', '0', 'Npc2.Pumpkin_Head_man', '8.00', '25.00', '70', 'etc', 'L2Npc', '40', '3862', '1493', '11.85', '2.78', '40', '43', '30', '21', '20', '10', '0', '0', '1314', '470', '780', '382', '278', '0', '333', '0', '0', '0', '50', '120', 'NULL', '0', '1', '0', 'LAST_HIT', '0', '0', '0', 'balanced', 'false');

-- 加入地下競技場的入場管理員
Delete From `spawnlist` Where `npc_templateid` in (32377); -- 刪除地下競技場重複的入場管理員
INSERT INTO `spawnlist` VALUES
('830001', '', '1', '32491', '-82166', '-49176', '-10341', '0', '0', '31175', '60', '0', '0'),
('830002', '', '1', '32497', '-80571', '151295', '-3045', '0', '0', '20607', '60', '0', '0'),
('830003', '', '1', '32498', '85093', '147609', '-3404', '0', '0', '49151', '60', '0', '0'),
('830004', '', '1', '32499', '143477', '-58989', '-3470', '0', '0', '39607', '60', '0', '0'),
('830006', '', '1', '32513', '-84640', '-45360', '-10728', '0', '0', '56156', '60', '0', '0'),
('830007', '', '1', '32514', '-77408', '-50656', '-10728', '0', '0', '29664', '60', '0', '0'),
('830008', '', '1', '32515', '-81904', '-53904', '-10728', '0', '0', '17044', '60', '0', '0'),
('830009', '', '1', '32516', '-86359', '-50593', '-10728', '0', '0', '3704', '60', '0', '0'),
('830010', '', '1', '32377', '-79117', '-45433', '-10731', '0', '0', '40959', '60', '0', '0');

-- 加入移動到柯雷塔的晶體/各等級的地下競技場外面
REPLACE INTO `teleport` VALUES
('Fantasy Isle -> Underground Coliseum', '12060', '-82271', '-49196', '-10352', '0', '0'),
('Underground Coliseum -> Underground Coliseum LV40', '3249140', '-84451', '-45452', '-10728', '0', '0'),
('Underground Coliseum -> Underground Coliseum LV50', '3249150', '-86154', '-50429', '-10728', '0', '0'),
('Underground Coliseum -> Underground Coliseum LV60', '3249160', '-82009', '-53652', '-10728', '0', '0'),
('Underground Coliseum -> Underground Coliseum LV70', '3249170', '-77586', '-50503', '-10728', '0', '0'),
('Underground Coliseum -> Underground Coliseum LV00', '3249100', '-79309', '-45561', '-10728', '0', '0');

-- 加入黎明/黃昏的神諭處可觀看比賽
REPLACE INTO `npc` VALUES ('830000', '31031', 'Broadcasting Tower', '0', '', '0', 'NPC.broadcasting_tower', '7.00', '35.00', '70', 'etc', 'L2Observation', '40', '3862', '1493', '11.85', '2.78', '40', '43', '30', '21', '20', '10', '0', '0', '1314', '470', '780', '382', '278', '0', '333', '0', '0', '0', '55', '132', 'NULL', '0', '1', '0', 'LAST_HIT', '0', '0', '0', 'fighter', 'false');
UPDATE `spawnlist` SET `npc_templateid` = '830000' WHERE `id` in (48128,48129,48130,48131);


/************ 修正BOSS ************/
REPLACE INTO `grandboss_data` VALUES
('29001', '-21610', '181594', '-5734', '0', '0', '229898', '667', '0'),
('29006', '17726', '108915', '-6480', '0', '0', '622493', '3793', '0'),
('29014', '43728', '17220', '-4342', '10126', '0', '622493', '3793', '0'),
('29019', '-105820', '-237310', '-15529', '32542', '0', '13090000', '39960', '0'),
('29020', '116067', '17484', '10110', '41740', '0', '3698520', '39960', '0'),
('29022', '55312', '219168', '-3223', '0', '0', '858518', '1975', '0'),
('29028', '-105200', '-253104', '-15264', '833', '0', '16660000', '39960', '0'),
('29065', '-123348', '-248881', '-15537', '44732', '0', '1532678', '4255', '0');
REPLACE INTO `npcskills` VALUES (29028,4679,1);
REPLACE INTO `npcskills` VALUES (29028,4680,1);
UPDATE `npc` SET `aggro` = 500 WHERE `id` IN (29020,29021,29022,29065,29069,29070);
UPDATE `npc` SET `hp` = '13090000', `mp` = '39960' WHERE `id` IN (29019);
UPDATE `npc` SET `hp` = '3698520', `mp` = '39960' WHERE `id` IN (29020);
UPDATE `npc` SET `hp` = '16660000', `mp` = '39960' WHERE `id` IN (29028);
UPDATE `npc` SET `hp` = '1532678', `mp` = '4255', `type` = 'L2GrandBoss', `level` = '87', `AI` = 'fighter' WHERE `id` IN (29065);
UPDATE `npc` SET `mp` = '3793' WHERE `id` IN (29006,29014);
UPDATE `npc` SET `level` = '78' WHERE `id` IN (29070);


/************ 修正技能 ************/
REPLACE INTO `skill_trees` VALUES
('23', '137', '4', 'Critical Chance', '150000', '58'),
('127', '834', '1', 'Blood Pact', '147000', '55'),
('43', '1531', '1', 'Bless the Blood', '36000', '40'),
('43', '1531', '2', 'Bless the Blood', '80000', '48'),
('43', '1531', '3', 'Bless the Blood', '111000', '56'),
('43', '1531', '4', 'Bless the Blood', '190000', '60'),
('43', '1531', '5', 'Bless the Blood', '290000', '64'),
('43', '1531', '6', 'Bless the Blood', '470000', '68'),
('43', '1531', '7', 'Bless the Blood', '1000000', '72');


/************ 加入81級技能(效果尚未完全實裝) ************/
REPLACE INTO `skill_trees` VALUES
('88', '755', '1', 'Protection of Rune', '0', '81'),
('88', '756', '1', 'Protection of Elemental', '0', '81'),
('88', '757', '1', 'Protection of Alignment', '0', '81'),
('88', '758', '1', 'Fighters Will', '0', '81'),
('88', '759', '1', 'Archers Will', '0', '81'),
('88', '775', '1', 'Weapon Blockade', '0', '81'),
('89', '755', '1', 'Protection of Rune', '0', '81'),
('89', '756', '1', 'Protection of Elemental', '0', '81'),
('89', '757', '1', 'Protection of Alignment', '0', '81'),
('89', '758', '1', 'Fighters Will', '0', '81'),
('89', '759', '1', 'Archers Will', '0', '81'),
('89', '774', '1', 'Dread Pool', '0', '81'),
('90', '755', '1', 'Protection of Rune', '0', '81'),
('90', '756', '1', 'Protection of Elemental', '0', '81'),
('90', '757', '1', 'Protection of Alignment', '0', '81'),
('90', '758', '1', 'Fighters Will', '0', '81'),
('90', '759', '1', 'Archers Will', '0', '81'),
('90', '760', '1', 'Anti Magic Armor', '0', '81'),
('90', '784', '1', 'Spirit of Phoenix', '0', '81'),
('90', '785', '1', 'Flame Icon', '0', '81'),
('91', '755', '1', 'Protection of Rune', '0', '81'),
('91', '756', '1', 'Protection of Elemental', '0', '81'),
('91', '757', '1', 'Protection of Alignment', '0', '81'),
('91', '758', '1', 'Fighters Will', '0', '81'),
('91', '759', '1', 'Archers Will', '0', '81'),
('91', '760', '1', 'Anti Magic Armor', '0', '81'),
('91', '761', '1', 'Seed of Revenge', '0', '81'),
('91', '762', '1', 'Insane Crusher', '0', '81'),
('91', '763', '1', 'Hell Scream', '0', '81'),
('92', '755', '1', 'Protection of Rune', '0', '81'),
('92', '756', '1', 'Protection of Elemental', '0', '81'),
('92', '757', '1', 'Protection of Alignment', '0', '81'),
('92', '758', '1', 'Fighters Will', '0', '81'),
('92', '759', '1', 'Archers Will', '0', '81'),
('92', '771', '1', 'Flame Hawk', '0', '81'),
('93', '755', '1', 'Protection of Rune', '0', '81'),
('93', '756', '1', 'Protection of Elemental', '0', '81'),
('93', '757', '1', 'Protection of Alignment', '0', '81'),
('93', '758', '1', 'Fighters Will', '0', '81'),
('93', '759', '1', 'Archers Will', '0', '81'),
('93', '766', '1', 'Sixth Sense', '0', '81'),
('93', '767', '1', 'Expose Weak Point', '0', '81'),
('93', '768', '1', 'Exciting Adventure', '0', '81'),
('94', '755', '1', 'Protection of Rune', '0', '81'),
('94', '756', '1', 'Protection of Elemental', '0', '81'),
('94', '757', '1', 'Protection of Alignment', '0', '81'),
('94', '1492', '1', 'Flame Armor', '0', '81'),
('95', '755', '1', 'Protection of Rune', '0', '81'),
('95', '756', '1', 'Protection of Elemental', '0', '81'),
('95', '757', '1', 'Protection of Alignment', '0', '81'),
('96', '755', '1', 'Protection of Rune', '0', '81'),
('96', '756', '1', 'Protection of Elemental', '0', '81'),
('96', '757', '1', 'Protection of Alignment', '0', '81'),
('95', '1495', '1', 'Vampiric Mist', '0', '81'),
('96', '1496', '1', 'Servitor Barrier', '0', '81'),
('96', '1497', '1', 'Excessive Loyalty', '0', '81'),
('96', '1498', '1', 'Mutual Response', '0', '81'),
('97', '1505', '1', 'Sublime Self-Sacrifice', '0', '81'),
('97', '755', '1', 'Protection of Rune', '0', '81'),
('97', '756', '1', 'Protection of Elemental', '0', '81'),
('97', '757', '1', 'Protection of Alignment', '0', '81'),
('98', '755', '1', 'Protection of Rune', '0', '81'),
('98', '756', '1', 'Protection of Elemental', '0', '81'),
('98', '757', '1', 'Protection of Alignment', '0', '81'),
('99', '755', '1', 'Protection of Rune', '0', '81'),
('99', '756', '1', 'Protection of Elemental', '0', '81'),
('99', '757', '1', 'Protection of Alignment', '0', '81'),
('99', '758', '1', 'Fighters Will', '0', '81'),
('99', '759', '1', 'Archers Will', '0', '81'),
('99', '760', '1', 'Anti Magic Armor', '0', '81'),
('99', '786', '1', 'Evas Will', '0', '81'),
('99', '787', '1', 'Touch of Eva', '0', '81'),
('100', '755', '1', 'Protection of Rune', '0', '81'),
('100', '756', '1', 'Protection of Elemental', '0', '81'),
('100', '757', '1', 'Protection of Alignment', '0', '81'),
('100', '758', '1', 'Fighters Will', '0', '81'),
('100', '759', '1', 'Archers Will', '0', '81'),
('101', '755', '1', 'Protection of Rune', '0', '81'),
('101', '756', '1', 'Protection of Elemental', '0', '81'),
('101', '757', '1', 'Protection of Alignment', '0', '81'),
('101', '758', '1', 'Fighters Will', '0', '81'),
('101', '759', '1', 'Archers Will', '0', '81'),
('101', '766', '1', 'Sixth Sense', '0', '81'),
('101', '767', '1', 'Expose Weak Point', '0', '81'),
('101', '769', '1', 'Wind Riding', '0', '81'),
('102', '755', '1', 'Protection of Rune', '0', '81'),
('102', '756', '1', 'Protection of Elemental', '0', '81'),
('102', '757', '1', 'Protection of Alignment', '0', '81'),
('102', '758', '1', 'Fighters Will', '0', '81'),
('102', '759', '1', 'Archers Will', '0', '81'),
('102', '772', '1', 'Arrow Rain', '0', '81'),
('103', '755', '1', 'Protection of Rune', '0', '81'),
('103', '756', '1', 'Protection of Elemental', '0', '81'),
('103', '757', '1', 'Protection of Alignment', '0', '81'),
('103', '1493', '1', 'Frost Armor', '0', '81'),
('104', '755', '1', 'Protection of Rune', '0', '81'),
('104', '756', '1', 'Protection of Elemental', '0', '81'),
('104', '757', '1', 'Protection of Alignment', '0', '81'),
('104', '1496', '1', 'Servitor Barrier', '0', '81'),
('104', '1497', '1', 'Excessive Loyalty', '0', '81'),
('104', '1498', '1', 'Mutual Response', '0', '81'),
('105', '1506', '1', 'Blessing of Eva', '0', '81'),
('105', '755', '1', 'Protection of Rune', '0', '81'),
('105', '756', '1', 'Protection of Elemental', '0', '81'),
('105', '757', '1', 'Protection of Alignment', '0', '81'),
('106', '755', '1', 'Protection of Rune', '0', '81'),
('106', '756', '1', 'Protection of Elemental', '0', '81'),
('106', '757', '1', 'Protection of Alignment', '0', '81'),
('106', '758', '1', 'Fighters Will', '0', '81'),
('106', '759', '1', 'Archers Will', '0', '81'),
('106', '760', '1', 'Anti Magic Armor', '0', '81'),
('106', '788', '1', 'Pain of Shilen', '0', '81'),
('106', '789', '1', 'Touch of Shilen', '0', '81'),
('107', '755', '1', 'Protection of Rune', '0', '81'),
('107', '756', '1', 'Protection of Elemental', '0', '81'),
('107', '757', '1', 'Protection of Alignment', '0', '81'),
('108', '755', '1', 'Protection of Rune', '0', '81'),
('108', '756', '1', 'Protection of Elemental', '0', '81'),
('108', '757', '1', 'Protection of Alignment', '0', '81'),
('108', '758', '1', 'Fighters Will', '0', '81'),
('108', '759', '1', 'Archers Will', '0', '81'),
('108', '766', '1', 'Sixth Sense', '0', '81'),
('108', '767', '1', 'Expose Weak Point', '0', '81'),
('108', '770', '1', 'Ghost Walking', '0', '81'),
('109', '755', '1', 'Protection of Rune', '0', '81'),
('109', '756', '1', 'Protection of Elemental', '0', '81'),
('109', '757', '1', 'Protection of Alignment', '0', '81'),
('109', '758', '1', 'Fighters Will', '0', '81'),
('109', '759', '1', 'Archers Will', '0', '81'),
('109', '773', '1', 'Ghost Piercing', '0', '81'),
('110', '755', '1', 'Protection of Rune', '0', '81'),
('110', '756', '1', 'Protection of Elemental', '0', '81'),
('110', '757', '1', 'Protection of Alignment', '0', '81'),
('110', '1494', '1', 'Hurricane Armor', '0', '81'),
('111', '755', '1', 'Protection of Rune', '0', '81'),
('111', '756', '1', 'Protection of Elemental', '0', '81'),
('111', '757', '1', 'Protection of Alignment', '0', '81'),
('111', '1496', '1', 'Servitor Barrier', '0', '81'),
('111', '1497', '1', 'Excessive Loyalty', '0', '81'),
('111', '1498', '1', 'Mutual Response', '0', '81'),
('112', '1507', '1', 'Lord of Vampire', '0', '81'),
('112', '1508', '1', 'Throne Root', '0', '81'),
('112', '755', '1', 'Protection of Rune', '0', '81'),
('112', '756', '1', 'Protection of Elemental', '0', '81'),
('112', '757', '1', 'Protection of Alignment', '0', '81'),
('113', '755', '1', 'Protection of Rune', '0', '81'),
('113', '756', '1', 'Protection of Elemental', '0', '81'),
('113', '757', '1', 'Protection of Alignment', '0', '81'),
('113', '758', '1', 'Fighters Will', '0', '81'),
('113', '759', '1', 'Archers Will', '0', '81'),
('113', '777', '1', 'Demolition Impact', '0', '81'),
('114', '755', '1', 'Protection of Rune', '0', '81'),
('114', '756', '1', 'Protection of Elemental', '0', '81'),
('114', '757', '1', 'Protection of Alignment', '0', '81'),
('114', '758', '1', 'Fighters Will', '0', '81'),
('114', '759', '1', 'Archers Will', '0', '81'),
('114', '776', '1', 'Force of Destruction', '0', '81'),
('115', '755', '1', 'Protection of Rune', '0', '81'),
('115', '756', '1', 'Protection of Elemental', '0', '81'),
('115', '757', '1', 'Protection of Alignment', '0', '81'),
('115', '1509', '1', 'Seal of Limit', '0', '81'),
('116', '755', '1', 'Protection of Rune', '0', '81'),
('116', '756', '1', 'Protection of Elemental', '0', '81'),
('116', '757', '1', 'Protection of Alignment', '0', '81'),
('117', '755', '1', 'Protection of Rune', '0', '81'),
('117', '756', '1', 'Protection of Elemental', '0', '81'),
('117', '757', '1', 'Protection of Alignment', '0', '81'),
('117', '758', '1', 'Fighters Will', '0', '81'),
('117', '759', '1', 'Archers Will', '0', '81'),
('118', '755', '1', 'Protection of Rune', '0', '81'),
('118', '756', '1', 'Protection of Elemental', '0', '81'),
('118', '757', '1', 'Protection of Alignment', '0', '81'),
('118', '758', '1', 'Fighters Will', '0', '81'),
('118', '759', '1', 'Archers Will', '0', '81'),
('118', '778', '1', 'Golem Armor', '0', '81'),
('131', '755', '1', 'Protection of Rune', '0', '81'),
('131', '756', '1', 'Protection of Elemental', '0', '81'),
('131', '757', '1', 'Protection of Alignment', '0', '81'),
('131', '758', '1', 'Fighters Will', '0', '81'),
('131', '759', '1', 'Archers Will', '0', '81'),
('132', '755', '1', 'Protection of Rune', '0', '81'),
('132', '756', '1', 'Protection of Elemental', '0', '81'),
('132', '757', '1', 'Protection of Alignment', '0', '81'),
('132', '758', '1', 'Fighters Will', '0', '81'),
('132', '759', '1', 'Archers Will', '0', '81'),
('132', '791', '1', 'Lightning Shock', '0', '81'),
('134', '755', '1', 'Protection of Rune', '0', '81'),
('134', '756', '1', 'Protection of Elemental', '0', '81'),
('134', '757', '1', 'Protection of Alignment', '0', '81'),
('134', '758', '1', 'Fighters Will', '0', '81'),
('134', '759', '1', 'Archers Will', '0', '81'),
('134', '790', '1', 'Wild Shot', '0', '81');


/************ 其他修正 ************/
-- 修正奇岩港口的傳送價格
UPDATE `teleport` SET `price` = '5200' WHERE `id` in (63);
UPDATE `teleport` SET `price` = '7100' WHERE `id` in (107);

-- 修正獵捕石的道具類型
UPDATE `etcitem` SET `item_type` = 'none' WHERE `item_id` in (8764);

-- 修正武卷的價格
UPDATE `etcitem` SET `price` = '1550000' WHERE `item_id` ='729';
UPDATE `etcitem` SET `price` = '2250000' WHERE `item_id` ='959';
UPDATE `etcitem` SET `price` = '2700000' WHERE `item_id` ='6569';
UPDATE `etcitem` SET `price` = '5000000' WHERE `item_id` ='6577';

-- 修正首領重生時，HP/MP全滿(感謝 wolo 提供)
Update `npc`, `raidboss_spawnlist` SET `raidboss_spawnlist`.`heading`=0, `raidboss_spawnlist`.`currentHp`=`npc`.`hp`,`raidboss_spawnlist`.`currentMp`=`npc`.`mp` WHERE `npc`.`type`='L2RaidBoss' AND `npc`.`id`=`raidboss_spawnlist`.`boss_id`;

-- 修正寵物
REPLACE INTO `pets_stats` VALUES
('great_wolf',16025,56,33396358,1384,597,107,66,70,42,95,89,40,187,278,333,4740,39,7,54510,2,1,0.1);

-- 修正根據地投標價
UPDATE `auction` SET `startingBid` = '20000000' WHERE `id` in (58,59,60,61);


/************ 加入破滅國境的道具 ************/
-- S84薄暮武器
Delete From `armor` Where `item_id` in (52);
REPLACE INTO `weapon` VALUES
(52,'52','lrhand','true',1520,1,1,'wood','s80',482,10,'dual',8,0.00000,0,0,0,325,0,176,-1,-1,0,0,'true','true','true','true',0,0,0,0,0,0,0,0,0,'0-0;'),
(13457,'13457','rhand','true',1520,1,1,'steel','s80',396,10,'sword',8,0.00000,0,0,0,379,0,176,-1,-1,0,0,'true','true','true','true',0,0,0,0,0,0,0,0,0,'0-0;'),
(13458,'13458','lrhand','true',1740,1,1,'steel','s80',482,10,'bigsword',8,0.00000,0,0,0,325,0,176,-1,-1,0,0,'true','true','true','true',0,0,0,0,0,0,0,0,0,'0-0;'),
(13459,'13459','rhand','true',1520,1,1,'steel','s80',317,10,'sword',8,0.00000,0,0,0,379,0,234,-1,-1,0,0,'true','true','true','true',0,0,0,0,0,0,0,0,0,'0-0;'),
(13460,'13460','rhand','true',1520,1,1,'steel','s80',346,5,'dagger',8,0.00000,0,0,0,433,0,176,-1,-1,0,0,'true','true','true','true',0,0,0,0,0,0,0,0,0,'0-0;'),
(13461,'13461','lrhand','true',1550,1,1,'steel','s80',482,5,'dualfist',8,0.00000,0,0,0,325,0,176,-1,-1,0,0,'true','true','true','true',0,0,0,0,0,0,0,0,0,'0-0;'),
(13462,'13462','lrhand','true',2010,1,1,'steel','s80',396,10,'pole',8,0.00000,0,0,0,325,0,176,-1,-1,0,0,'true','true','true','true',0,0,0,0,0,0,0,0,0,'0-0;'),
(13463,'13463','rhand','true',1740,1,1,'steel','s80',396,20,'blunt',8,0.00000,0,0,0,379,0,176,-1,-1,0,0,'true','true','true','true',0,0,0,0,0,0,0,0,0,'0-0;'),
(13464,'13464','lrhand','true',1740,1,1,'steel','s80',482,20,'bigblunt',8,0.00000,0,0,0,325,0,176,-1,-1,0,0,'true','true','true','true',0,0,0,0,0,0,0,0,0,'0-0;'),
(13465,'13465','rhand','true',1080,1,1,'steel','s80',317,20,'blunt',8,0.00000,0,0,0,379,0,234,-1,-1,0,0,'true','true','true','true',0,0,0,0,0,0,0,0,0,'0-0;'),
(13466,'13466','lrhand','true',1080,1,1,'steel','s80',386,20,'bigblunt',8,0.00000,0,0,0,325,0,257,-1,-1,0,0,'true','true','true','true',0,0,0,0,0,0,0,0,0,'0-0;'),
(13467,'13467','lrhand','true',1520,1,1,'steel','s80',724,5,'bow',8,0.00000,0,0,0,293,0,176,-1,-1,0,0,'true','true','true','true',0,0,0,0,0,0,0,0,0,'0-0;'),
(13468,'13468','rhand','true',1280,1,1,'steel','s80',359,40,'rapier',8,0.00000,0,0,0,406,0,176,-1,-1,0,0,'true','true','true','true',0,0,0,0,0,0,0,0,0,'0-0;'),
(13469,'13469','lrhand','true',1580,1,1,'steel','s80',444,10,'crossbow',8,0.00000,0,0,0,303,0,176,-1,-1,0,0,'true','true','true','true',0,0,0,0,0,0,0,0,0,'0-0;'),
(13470,'13470','lrhand','true',1800,1,1,'steel','s80',429,15,'ancient',8,0.00000,0,0,0,350,0,176,-1,-1,0,0,'true','true','true','true',0,0,0,0,0,0,0,0,0,'0-0;'),
(13471,'13471','lhand','true',1130,0,0,'steel','s80',0,0,'none',0,0.00000,-8,371,20,0,0,0,-1,-1,0,0,'true','true','true','true',0,0,0,0,0,0,0,0,0,'0-0;'),
(13882,'13882','lrhand','true',1520,1,1,'steel','s80',304,5,'dual',8,0.00000,0,0,0,433,0,157,-1,-1,0,0,'true','true','true','true',0,0,0,0,0,0,0,0,0,'0-0;'),
(13883,'13883','lrhand','true',1520,1,1,'steel','s80',332,5,'dual',8,0.00000,0,0,0,433,0,169,-1,-1,0,0,'true','true','true','true',0,0,0,0,0,0,0,0,0,'0-0;'),
(13884,'13884','lrhand','true',1520,1,1,'steel','s80',360,5,'dual',8,0.00000,0,0,0,433,0,181,-1,-1,0,0,'true','true','true','true',0,0,0,0,0,0,0,0,0,'0-0;');
