/************ Made in Taiwan ************/

/************ 以下是參考 L2EmuProject-Datapack 所製作的修正 ************/

/************ 修正防具 ************/
UPDATE `armor` SET `skill` = '3633-2;' WHERE `item_id` ='6841';
UPDATE `armor` SET `skill` = '3407-1;' WHERE `item_id` ='9900';
UPDATE `armor` SET `skill` = '3322-1;' WHERE `item_id` ='9589';
UPDATE `armor` SET `skill` = '3323-1;' WHERE `item_id` ='9590';
UPDATE `armor` SET `skill` = '3324-1;' WHERE `item_id` ='9591';
UPDATE `armor` SET `skill` = '3325-1;' WHERE `item_id` ='9592';
UPDATE `armor` SET `skill` = '3324-1' WHERE `item_id` ='10209';
UPDATE `armor` SET `skill` = '3325-1;' WHERE `item_id` ='10210';
UPDATE `armor` SET `skill` = '3428-1;' WHERE `item_id` ='10416';
UPDATE `armor` SET `skill` = '3437-1;' WHERE `item_id` ='10417';
UPDATE `armor` SET `skill` = '3431-1;' WHERE `item_id` ='10418';
UPDATE `armor` SET `skill` = '3430-1;' WHERE `item_id` ='10419';
UPDATE `armor` SET `skill` = '3432-1;' WHERE `item_id` ='10420';
UPDATE `armor` SET `skill` = '3433-1;' WHERE `item_id` ='10421';
UPDATE `armor` SET `skill` = '3435-1;' WHERE `item_id` ='10422';
UPDATE `armor` SET `skill` = '3436-1;' WHERE `item_id` ='10423';
UPDATE `armor` SET `skill` = '3438-1;' WHERE `item_id` ='10424';
UPDATE `armor` SET `skill` = '3429-1;' WHERE `item_id` ='10518';
UPDATE `armor` SET `skill` = '3434-1;' WHERE `item_id` ='10519';
UPDATE `armor` SET `skill` = '3664-1;' WHERE `item_id` ='12815';
UPDATE `armor` SET `skill` = '3665-1;' WHERE `item_id` ='12816';
UPDATE `armor` SET `skill` = '3666-1;' WHERE `item_id` ='12817';
UPDATE `armor` SET `skill` = '3667-1;' WHERE `item_id` ='12818';


/************ 增加物品掉落 ************/
INSERT IGNORE INTO `droplist` VALUES ('21070', '1894', '1', '1', '0', '44075');
INSERT IGNORE INTO `droplist` VALUES ('21070', '4039', '1', '1', '0', '41872');
INSERT IGNORE INTO `droplist` VALUES ('21070', '4041', '1', '1', '0', '10923');
INSERT IGNORE INTO `droplist` VALUES ('21070', '4044', '1', '1', '0', '41872');
INSERT IGNORE INTO `droplist` VALUES ('21070', '4403', '1', '1', '0', '2513');
INSERT IGNORE INTO `droplist` VALUES ('21070', '5156', '1', '1', '1', '34020');
INSERT IGNORE INTO `droplist` VALUES ('21070', '5297', '1', '1', '0', '73');
INSERT IGNORE INTO `droplist` VALUES ('21070', '5298', '1', '1', '0', '116');
INSERT IGNORE INTO `droplist` VALUES ('21070', '5301', '1', '1', '0', '50');
INSERT IGNORE INTO `droplist` VALUES ('21070', '5478', '1', '1', '0', '10562');
INSERT IGNORE INTO `droplist` VALUES ('21070', '5479', '1', '1', '0', '7432');
INSERT IGNORE INTO `droplist` VALUES ('21070', '5482', '1', '1', '0', '16578');
INSERT IGNORE INTO `droplist` VALUES ('21070', '5486', '1', '1', '1', '150978');
INSERT IGNORE INTO `droplist` VALUES ('21070', '5489', '1', '1', '1', '336768');
INSERT IGNORE INTO `droplist` VALUES ('21070', '57', '10270', '20955', '0', '700000');
INSERT IGNORE INTO `droplist` VALUES ('21070', '729', '1', '1', '0', '140');
INSERT IGNORE INTO `droplist` VALUES ('22028', '1124', '1', '1', '1', '22');
INSERT IGNORE INTO `droplist` VALUES ('22028', '129', '1', '1', '1', '144');
INSERT IGNORE INTO `droplist` VALUES ('22028', '1864', '3', '9', '2', '58823');
INSERT IGNORE INTO `droplist` VALUES ('22028', '1869', '1', '1', '2', '166666');
INSERT IGNORE INTO `droplist` VALUES ('22028', '1878', '1', '1', '-1', '23412');
INSERT IGNORE INTO `droplist` VALUES ('22028', '1878', '1', '1', '2', '71428');
INSERT IGNORE INTO `droplist` VALUES ('22028', '1884', '1', '1', '2', '100000');
INSERT IGNORE INTO `droplist` VALUES ('22028', '1892', '1', '1', '-1', '41213');
INSERT IGNORE INTO `droplist` VALUES ('22028', '1943', '1', '1', '-1', '56341');
INSERT IGNORE INTO `droplist` VALUES ('22028', '1946', '1', '1', '2', '7143');
INSERT IGNORE INTO `droplist` VALUES ('22028', '1948', '1', '1', '2', '8241');
INSERT IGNORE INTO `droplist` VALUES ('22028', '2034', '1', '1', '2', '1592');
INSERT IGNORE INTO `droplist` VALUES ('22028', '2148', '1', '1', '2', '13513');
INSERT IGNORE INTO `droplist` VALUES ('22028', '2424', '1', '1', '1', '22');
INSERT IGNORE INTO `droplist` VALUES ('22028', '2425', '1', '1', '1', '22');
INSERT IGNORE INTO `droplist` VALUES ('22028', '2426', '1', '1', '1', '22');
INSERT IGNORE INTO `droplist` VALUES ('22028', '2448', '1', '1', '1', '22');
INSERT IGNORE INTO `droplist` VALUES ('22028', '2449', '1', '1', '1', '22');
INSERT IGNORE INTO `droplist` VALUES ('22028', '2923', '1', '1', '2', '3214');
INSERT IGNORE INTO `droplist` VALUES ('22028', '2924', '1', '1', '2', '2871');
INSERT IGNORE INTO `droplist` VALUES ('22028', '2925', '1', '1', '2', '6312');
INSERT IGNORE INTO `droplist` VALUES ('22028', '2926', '1', '1', '2', '2453');
INSERT IGNORE INTO `droplist` VALUES ('22028', '2927', '1', '1', '2', '1954');
INSERT IGNORE INTO `droplist` VALUES ('22028', '2928', '1', '1', '2', '4316');
INSERT IGNORE INTO `droplist` VALUES ('22028', '2950', '1', '1', '1', '22');
INSERT IGNORE INTO `droplist` VALUES ('22028', '57', '694', '1385', '0', '700000');
INSERT IGNORE INTO `droplist` VALUES ('22028', '606', '1', '1', '1', '22');
INSERT IGNORE INTO `droplist` VALUES ('22028', '8328', '1', '1', '2', '1592');
INSERT IGNORE INTO `droplist` VALUES ('22028', '8333', '1', '1', '2', '1302');
INSERT IGNORE INTO `droplist` VALUES ('22170', '1894', '1', '1', '2', '20000');
INSERT IGNORE INTO `droplist` VALUES ('22170', '4039', '1', '1', '2', '16393');
INSERT IGNORE INTO `droplist` VALUES ('22170', '4041', '1', '1', '2', '3676');
INSERT IGNORE INTO `droplist` VALUES ('22170', '4044', '1', '1', '2', '16666');
INSERT IGNORE INTO `droplist` VALUES ('22170', '5487', '1', '1', '3', '5235');
INSERT IGNORE INTO `droplist` VALUES ('22170', '5488', '1', '1', '3', '5780');
INSERT IGNORE INTO `droplist` VALUES ('22170', '57', '6420', '13120', '0', '700000');
INSERT IGNORE INTO `droplist` VALUES ('22170', '7910', '1', '1', '1', '21739');
INSERT IGNORE INTO `droplist` VALUES ('22170', '8742', '1', '1', '4', '524');
INSERT IGNORE INTO `droplist` VALUES ('22194', '1344', '10', '30', '1', '50000');
INSERT IGNORE INTO `droplist` VALUES ('22194', '1866', '1', '1', '2', '23255');
INSERT IGNORE INTO `droplist` VALUES ('22194', '1871', '1', '1', '2', '33333');
INSERT IGNORE INTO `droplist` VALUES ('22194', '5541', '1', '1', '3', '2564');
INSERT IGNORE INTO `droplist` VALUES ('22194', '57', '494', '1007', '0', '700000');
INSERT IGNORE INTO `droplist` VALUES ('22320', '1895', '1', '3', '-1', '35000');
INSERT IGNORE INTO `droplist` VALUES ('22320', '1895', '1', '3', '2', '25000');
INSERT IGNORE INTO `droplist` VALUES ('22320', '4040', '1', '1', '2', '37030');
INSERT IGNORE INTO `droplist` VALUES ('22320', '4040', '1', '2', '-1', '125000');
INSERT IGNORE INTO `droplist` VALUES ('22320', '5522', '1', '1', '1', '12040');
INSERT IGNORE INTO `droplist` VALUES ('22320', '5523', '1', '1', '1', '9250');
INSERT IGNORE INTO `droplist` VALUES ('22320', '57', '1645', '3297', '0', '700000');
INSERT IGNORE INTO `droplist` VALUES ('22320', '9551', '1', '1', '5', '5100');
INSERT IGNORE INTO `droplist` VALUES ('22320', '960', '1', '2', '-1', '23000');
INSERT IGNORE INTO `droplist` VALUES ('22320', '9628', '1', '1', '2', '10630');
INSERT IGNORE INTO `droplist` VALUES ('22320', '9630', '1', '1', '2', '5880');
INSERT IGNORE INTO `droplist` VALUES ('22320', '9674', '1', '1', '4', '100000');
INSERT IGNORE INTO `droplist` VALUES ('22328', '1344', '6', '18', '3', '12500');
INSERT IGNORE INTO `droplist` VALUES ('22328', '1879', '1', '1', '4', '142850');
INSERT IGNORE INTO `droplist` VALUES ('22328', '1885', '1', '1', '4', '71420');
INSERT IGNORE INTO `droplist` VALUES ('22328', '1885', '1', '7', '-1', '5200');
INSERT IGNORE INTO `droplist` VALUES ('22328', '270', '1', '1', '1', '330');
INSERT IGNORE INTO `droplist` VALUES ('22328', '5538', '1', '1', '2', '12650');
INSERT IGNORE INTO `droplist` VALUES ('22328', '57', '6505', '13040', '0', '700000');
INSERT IGNORE INTO `droplist` VALUES ('22328', '9551', '1', '1', '7', '2660');
INSERT IGNORE INTO `droplist` VALUES ('22328', '9573', '1', '1', '8', '5000');
INSERT IGNORE INTO `droplist` VALUES ('22328', '9574', '1', '1', '8', '2330');
INSERT IGNORE INTO `droplist` VALUES ('22328', '9628', '1', '1', '4', '4670');
INSERT IGNORE INTO `droplist` VALUES ('22328', '9629', '1', '1', '4', '660');
INSERT IGNORE INTO `droplist` VALUES ('22328', '9630', '1', '1', '4', '1660');
INSERT IGNORE INTO `droplist` VALUES ('22328', '9674', '1', '1', '6', '47610');
INSERT IGNORE INTO `droplist` VALUES ('22329', '1344', '30', '89', '2', '14285');
INSERT IGNORE INTO `droplist` VALUES ('22329', '1895', '1', '3', '3', '41660');
INSERT IGNORE INTO `droplist` VALUES ('22329', '4040', '1', '1', '3', '83330');
INSERT IGNORE INTO `droplist` VALUES ('22329', '5534', '1', '1', '1', '38460');
INSERT IGNORE INTO `droplist` VALUES ('22329', '5534', '1', '1', '3', '20830');
INSERT IGNORE INTO `droplist` VALUES ('22329', '57', '16625', '33320', '0', '700000');
INSERT IGNORE INTO `droplist` VALUES ('22329', '6707', '1', '1', '-1', '15000');
INSERT IGNORE INTO `droplist` VALUES ('22329', '6708', '1', '1', '-1', '15000');
INSERT IGNORE INTO `droplist` VALUES ('22329', '6901', '1', '1', '-1', '2765');
INSERT IGNORE INTO `droplist` VALUES ('22329', '9551', '1', '1', '4', '3890');
INSERT IGNORE INTO `droplist` VALUES ('22329', '9630', '1', '1', '3', '9090');
INSERT IGNORE INTO `droplist` VALUES ('22329', '9674', '1', '1', '6', '166660');
INSERT IGNORE INTO `droplist` VALUES ('22339', '1879', '1', '1', '2', '40000');
INSERT IGNORE INTO `droplist` VALUES ('22339', '1885', '1', '1', '2', '16949');
INSERT IGNORE INTO `droplist` VALUES ('22339', '1885', '1', '2', '-1', '48000');
INSERT IGNORE INTO `droplist` VALUES ('22339', '5529', '1', '1', '1', '461');
INSERT IGNORE INTO `droplist` VALUES ('22339', '5545', '1', '1', '1', '1152');
INSERT IGNORE INTO `droplist` VALUES ('22339', '5546', '1', '1', '1', '691');
INSERT IGNORE INTO `droplist` VALUES ('22339', '57', '2113', '4225', '0', '700000');
INSERT IGNORE INTO `droplist` VALUES ('22339', '960', '1', '1', '3', '230');
INSERT IGNORE INTO `droplist` VALUES ('22339', '9628', '1', '1', '2', '1152');
INSERT IGNORE INTO `droplist` VALUES ('22339', '9629', '1', '1', '2', '461');
INSERT IGNORE INTO `droplist` VALUES ('22339', '9630', '1', '1', '2', '921');
INSERT IGNORE INTO `droplist` VALUES ('22340', '1895', '1', '1', '1', '33333');
INSERT IGNORE INTO `droplist` VALUES ('22340', '4040', '1', '1', '1', '58820');
INSERT IGNORE INTO `droplist` VALUES ('22340', '57', '12770', '25550', '0', '700000');
INSERT IGNORE INTO `droplist` VALUES ('22340', '9630', '1', '1', '1', '19230');
INSERT IGNORE INTO `droplist` VALUES ('29009', '1126', '1', '1', '1', '80');
INSERT IGNORE INTO `droplist` VALUES ('29009', '1866', '1', '1', '2', '63957');
INSERT IGNORE INTO `droplist` VALUES ('29009', '1871', '1', '1', '2', '95935');
INSERT IGNORE INTO `droplist` VALUES ('29009', '1877', '1', '1', '2', '3838');
INSERT IGNORE INTO `droplist` VALUES ('29009', '1895', '1', '1', '-1', '494901');
INSERT IGNORE INTO `droplist` VALUES ('29009', '1911', '1', '1', '-1', '128833');
INSERT IGNORE INTO `droplist` VALUES ('29009', '1974', '1', '1', '1', '5379');
INSERT IGNORE INTO `droplist` VALUES ('29009', '2343', '1', '1', '2', '224');
INSERT IGNORE INTO `droplist` VALUES ('29009', '2345', '1', '1', '2', '224');
INSERT IGNORE INTO `droplist` VALUES ('29009', '2434', '1', '1', '1', '80');
INSERT IGNORE INTO `droplist` VALUES ('29009', '2455', '1', '1', '1', '86');
INSERT IGNORE INTO `droplist` VALUES ('29009', '2456', '1', '1', '1', '80');
INSERT IGNORE INTO `droplist` VALUES ('29009', '2457', '1', '1', '1', '80');
INSERT IGNORE INTO `droplist` VALUES ('29009', '2458', '1', '1', '1', '80');
INSERT IGNORE INTO `droplist` VALUES ('29009', '2944', '1', '1', '-1', '155699');
INSERT IGNORE INTO `droplist` VALUES ('29009', '2946', '1', '1', '1', '3575');
INSERT IGNORE INTO `droplist` VALUES ('29009', '2948', '1', '1', '1', '5379');
INSERT IGNORE INTO `droplist` VALUES ('29009', '2949', '1', '1', '1', '5379');
INSERT IGNORE INTO `droplist` VALUES ('29009', '2950', '1', '1', '1', '5379');
INSERT IGNORE INTO `droplist` VALUES ('29009', '2951', '1', '1', '1', '5379');
INSERT IGNORE INTO `droplist` VALUES ('29009', '4040', '1', '1', '2', '1919');
INSERT IGNORE INTO `droplist` VALUES ('29009', '4041', '1', '1', '2', '835');
INSERT IGNORE INTO `droplist` VALUES ('29009', '57', '697', '1423', '0', '700000');
INSERT IGNORE INTO `droplist` VALUES ('29009', '951', '1', '1', '2', '175');
INSERT IGNORE INTO `droplist` VALUES ('29010', '1865', '1', '1', '2', '106157');
INSERT IGNORE INTO `droplist` VALUES ('29010', '1870', '1', '1', '2', '106157');
INSERT IGNORE INTO `droplist` VALUES ('29010', '1873', '1', '1', '-1', '628922');
INSERT IGNORE INTO `droplist` VALUES ('29010', '1874', '1', '1', '2', '7078');
INSERT IGNORE INTO `droplist` VALUES ('29010', '2060', '1', '1', '-1', '12485');
INSERT IGNORE INTO `droplist` VALUES ('29010', '2074', '1', '1', '1', '2632');
INSERT IGNORE INTO `droplist` VALUES ('29010', '2164', '1', '1', '-1', '120947');
INSERT IGNORE INTO `droplist` VALUES ('29010', '2230', '1', '1', '2', '2058');
INSERT IGNORE INTO `droplist` VALUES ('29010', '2326', '1', '1', '2', '371');
INSERT IGNORE INTO `droplist` VALUES ('29010', '281', '1', '1', '1', '33');
INSERT IGNORE INTO `droplist` VALUES ('29010', '4039', '1', '1', '2', '3539');
INSERT IGNORE INTO `droplist` VALUES ('29010', '4043', '1', '1', '2', '3539');
INSERT IGNORE INTO `droplist` VALUES ('29010', '57', '632', '1292', '0', '700000');
INSERT IGNORE INTO `droplist` VALUES ('29012', '1126', '1', '1', '1', '96');
INSERT IGNORE INTO `droplist` VALUES ('29012', '1539', '1', '1', '2', '20434');
INSERT IGNORE INTO `droplist` VALUES ('29012', '1867', '1', '1', '2', '122602');
INSERT IGNORE INTO `droplist` VALUES ('29012', '1872', '1', '1', '2', '122602');
INSERT IGNORE INTO `droplist` VALUES ('29012', '1875', '1', '1', '2', '6131');
INSERT IGNORE INTO `droplist` VALUES ('29012', '1881', '1', '1', '2', '12261');
INSERT IGNORE INTO `droplist` VALUES ('29012', '1974', '1', '1', '1', '6444');
INSERT IGNORE INTO `droplist` VALUES ('29012', '2073', '1', '1', '-1', '16041');
INSERT IGNORE INTO `droplist` VALUES ('29012', '2334', '1', '1', '2', '214');
INSERT IGNORE INTO `droplist` VALUES ('29012', '2351', '1', '1', '2', '193');
INSERT IGNORE INTO `droplist` VALUES ('29012', '2352', '1', '1', '-1', '4342');
INSERT IGNORE INTO `droplist` VALUES ('29012', '2434', '1', '1', '1', '96');
INSERT IGNORE INTO `droplist` VALUES ('29012', '2455', '1', '1', '1', '103');
INSERT IGNORE INTO `droplist` VALUES ('29012', '2456', '1', '1', '1', '96');
INSERT IGNORE INTO `droplist` VALUES ('29012', '2457', '1', '1', '1', '96');
INSERT IGNORE INTO `droplist` VALUES ('29012', '2458', '1', '1', '1', '96');
INSERT IGNORE INTO `droplist` VALUES ('29012', '2946', '1', '1', '1', '4283');
INSERT IGNORE INTO `droplist` VALUES ('29012', '2948', '1', '1', '1', '6444');
INSERT IGNORE INTO `droplist` VALUES ('29012', '2949', '1', '1', '1', '6444');
INSERT IGNORE INTO `droplist` VALUES ('29012', '2950', '1', '1', '1', '6444');
INSERT IGNORE INTO `droplist` VALUES ('29012', '2951', '1', '1', '1', '6444');
INSERT IGNORE INTO `droplist` VALUES ('29012', '3005', '1', '1', '2', '3754');
INSERT IGNORE INTO `droplist` VALUES ('29012', '4041', '1', '1', '2', '800');
INSERT IGNORE INTO `droplist` VALUES ('29012', '57', '837', '1702', '0', '700000');
INSERT IGNORE INTO `droplist` VALUES ('29012', '951', '1', '1', '-1', '3773');
INSERT IGNORE INTO `droplist` VALUES ('29013', '1864', '1', '1', '2', '206406');
INSERT IGNORE INTO `droplist` VALUES ('29013', '1869', '1', '1', '2', '103204');
INSERT IGNORE INTO `droplist` VALUES ('29013', '1876', '1', '1', '-1', '349385');
INSERT IGNORE INTO `droplist` VALUES ('29013', '1878', '1', '1', '2', '41282');
INSERT IGNORE INTO `droplist` VALUES ('29013', '1884', '1', '1', '2', '63510');
INSERT IGNORE INTO `droplist` VALUES ('29013', '1908', '1', '1', '-1', '165429');
INSERT IGNORE INTO `droplist` VALUES ('29013', '1964', '1', '1', '1', '11120');
INSERT IGNORE INTO `droplist` VALUES ('29013', '2073', '1', '1', '-1', '13503');
INSERT IGNORE INTO `droplist` VALUES ('29013', '2217', '1', '1', '2', '6107');
INSERT IGNORE INTO `droplist` VALUES ('29013', '2319', '1', '1', '2', '360');
INSERT IGNORE INTO `droplist` VALUES ('29013', '2320', '1', '1', '2', '360');
INSERT IGNORE INTO `droplist` VALUES ('29013', '2413', '1', '1', '1', '146');
INSERT IGNORE INTO `droplist` VALUES ('29013', '2495', '1', '1', '1', '207');
INSERT IGNORE INTO `droplist` VALUES ('29013', '2936', '1', '1', '1', '10100');
INSERT IGNORE INTO `droplist` VALUES ('29013', '2945', '1', '1', '1', '11120');
INSERT IGNORE INTO `droplist` VALUES ('29013', '4039', '1', '1', '2', '3441');
INSERT IGNORE INTO `droplist` VALUES ('29013', '57', '705', '1432', '0', '700000');
INSERT IGNORE INTO `droplist` VALUES ('29013', '631', '1', '1', '1', '207');
INSERT IGNORE INTO `droplist` VALUES ('35411', '1864', '1', '1', '2', '133865');
INSERT IGNORE INTO `droplist` VALUES ('35411', '1869', '1', '1', '2', '66933');
INSERT IGNORE INTO `droplist` VALUES ('35411', '1880', '1', '1', '2', '6694');
INSERT IGNORE INTO `droplist` VALUES ('35411', '2376', '1', '1', '1', '7');
INSERT IGNORE INTO `droplist` VALUES ('35411', '2379', '1', '1', '1', '11');
INSERT IGNORE INTO `droplist` VALUES ('35411', '357', '1', '1', '1', '7');
INSERT IGNORE INTO `droplist` VALUES ('35411', '383', '1', '1', '1', '11');
INSERT IGNORE INTO `droplist` VALUES ('35411', '4043', '1', '1', '2', '2231');
INSERT IGNORE INTO `droplist` VALUES ('35411', '4056', '1', '1', '1', '1212');
INSERT IGNORE INTO `droplist` VALUES ('35411', '4057', '1', '1', '1', '1872');
INSERT IGNORE INTO `droplist` VALUES ('35411', '4064', '1', '1', '1', '1212');
INSERT IGNORE INTO `droplist` VALUES ('35411', '4065', '1', '1', '1', '1872');
INSERT IGNORE INTO `droplist` VALUES ('35411', '4066', '1', '1', '-1', '42738');
INSERT IGNORE INTO `droplist` VALUES ('35411', '4130', '1', '1', '-1', '29428');
INSERT IGNORE INTO `droplist` VALUES ('35411', '4173', '1', '1', '2', '833');
INSERT IGNORE INTO `droplist` VALUES ('35411', '4193', '1', '1', '2', '52');
INSERT IGNORE INTO `droplist` VALUES ('35411', '5003', '1', '1', '2', '52');
INSERT IGNORE INTO `droplist` VALUES ('35411', '5550', '1', '1', '2', '893');
INSERT IGNORE INTO `droplist` VALUES ('35411', '57', '731', '1487', '0', '700000');
INSERT IGNORE INTO `droplist` VALUES ('35411', '948', '1', '1', '-1', '4532');
INSERT IGNORE INTO `droplist` VALUES ('35412', '1832', '1', '1', '2', '79991');
INSERT IGNORE INTO `droplist` VALUES ('35412', '1894', '1', '1', '2', '2527');
INSERT IGNORE INTO `droplist` VALUES ('35412', '4039', '1', '1', '2', '2400');
INSERT IGNORE INTO `droplist` VALUES ('35412', '4041', '1', '1', '2', '627');
INSERT IGNORE INTO `droplist` VALUES ('35412', '4044', '1', '1', '2', '2400');
INSERT IGNORE INTO `droplist` VALUES ('35412', '4051', '1', '1', '-1', '75618');
INSERT IGNORE INTO `droplist` VALUES ('35412', '4105', '1', '1', '1', '824');
INSERT IGNORE INTO `droplist` VALUES ('35412', '4106', '1', '1', '1', '811');
INSERT IGNORE INTO `droplist` VALUES ('35412', '4166', '1', '1', '2', '595');
INSERT IGNORE INTO `droplist` VALUES ('35412', '4621', '1', '1', '2', '100');
INSERT IGNORE INTO `droplist` VALUES ('35412', '4981', '1', '1', '-1', '6055');
INSERT IGNORE INTO `droplist` VALUES ('35412', '4998', '1', '1', '2', '896');
INSERT IGNORE INTO `droplist` VALUES ('35412', '57', '788', '1598', '0', '700000');
INSERT IGNORE INTO `droplist` VALUES ('35412', '91', '1', '1', '1', '4');
INSERT IGNORE INTO `droplist` VALUES ('35412', '92', '1', '1', '1', '4');
INSERT IGNORE INTO `droplist` VALUES ('35412', '948', '1', '1', '-1', '4875');
INSERT IGNORE INTO `droplist` VALUES ('35413', '1867', '1', '1', '2', '140582');
INSERT IGNORE INTO `droplist` VALUES ('35413', '1872', '1', '1', '2', '140582');
INSERT IGNORE INTO `droplist` VALUES ('35413', '1882', '1', '1', '2', '23431');
INSERT IGNORE INTO `droplist` VALUES ('35413', '1894', '1', '1', '2', '3700');
INSERT IGNORE INTO `droplist` VALUES ('35413', '2439', '1', '1', '1', '23');
INSERT IGNORE INTO `droplist` VALUES ('35413', '2475', '1', '1', '1', '23');
INSERT IGNORE INTO `droplist` VALUES ('35413', '2487', '1', '1', '1', '23');
INSERT IGNORE INTO `droplist` VALUES ('35413', '4042', '1', '1', '2', '1758');
INSERT IGNORE INTO `droplist` VALUES ('35413', '4052', '1', '1', '-1', '88462');
INSERT IGNORE INTO `droplist` VALUES ('35413', '4090', '1', '1', '1', '4141');
INSERT IGNORE INTO `droplist` VALUES ('35413', '4091', '1', '1', '1', '4141');
INSERT IGNORE INTO `droplist` VALUES ('35413', '4096', '1', '1', '1', '4141');
INSERT IGNORE INTO `droplist` VALUES ('35413', '4099', '1', '1', '1', '4141');
INSERT IGNORE INTO `droplist` VALUES ('35413', '4983', '1', '1', '-1', '5305');
INSERT IGNORE INTO `droplist` VALUES ('35413', '4983', '1', '1', '2', '224');
INSERT IGNORE INTO `droplist` VALUES ('35413', '5230', '1', '1', '-1', '3331');
INSERT IGNORE INTO `droplist` VALUES ('35413', '5276', '1', '1', '2', '141');
INSERT IGNORE INTO `droplist` VALUES ('35413', '57', '1011', '2047', '0', '700000');
INSERT IGNORE INTO `droplist` VALUES ('35413', '601', '1', '1', '1', '23');
INSERT IGNORE INTO `droplist` VALUES ('35414', '1865', '1', '1', '2', '112702');
INSERT IGNORE INTO `droplist` VALUES ('35414', '1870', '1', '1', '2', '112702');
INSERT IGNORE INTO `droplist` VALUES ('35414', '1875', '1', '1', '2', '7514');
INSERT IGNORE INTO `droplist` VALUES ('35414', '1879', '1', '1', '2', '18784');
INSERT IGNORE INTO `droplist` VALUES ('35414', '2380', '1', '1', '1', '14');
INSERT IGNORE INTO `droplist` VALUES ('35414', '2381', '1', '1', '1', '6');
INSERT IGNORE INTO `droplist` VALUES ('35414', '358', '1', '1', '1', '9');
INSERT IGNORE INTO `droplist` VALUES ('35414', '4040', '1', '1', '2', '2254');
INSERT IGNORE INTO `droplist` VALUES ('35414', '4052', '1', '1', '-1', '94558');
INSERT IGNORE INTO `droplist` VALUES ('35414', '4078', '1', '1', '1', '1921');
INSERT IGNORE INTO `droplist` VALUES ('35414', '4080', '1', '1', '1', '2705');
INSERT IGNORE INTO `droplist` VALUES ('35414', '4081', '1', '1', '1', '1296');
INSERT IGNORE INTO `droplist` VALUES ('35414', '4104', '1', '1', '-1', '15284');
INSERT IGNORE INTO `droplist` VALUES ('35414', '5004', '1', '1', '2', '86');
INSERT IGNORE INTO `droplist` VALUES ('35414', '5281', '1', '1', '2', '151');
INSERT IGNORE INTO `droplist` VALUES ('35414', '57', '1080', '2188', '0', '700000');
INSERT IGNORE INTO `droplist` VALUES ('35414', '948', '1', '1', '-1', '6677');
INSERT IGNORE INTO `droplist` VALUES ('35415', '1868', '1', '1', '2', '140767');
INSERT IGNORE INTO `droplist` VALUES ('35415', '1873', '1', '1', '2', '28154');
INSERT IGNORE INTO `droplist` VALUES ('35415', '1889', '1', '1', '2', '4693');
INSERT IGNORE INTO `droplist` VALUES ('35415', '268', '1', '1', '1', '5');
INSERT IGNORE INTO `droplist` VALUES ('35415', '3956', '1', '1', '2', '94');
INSERT IGNORE INTO `droplist` VALUES ('35415', '4044', '1', '1', '2', '2347');
INSERT IGNORE INTO `droplist` VALUES ('35415', '4120', '1', '1', '1', '1385');
INSERT IGNORE INTO `droplist` VALUES ('35415', '4129', '1', '1', '2', '762');
INSERT IGNORE INTO `droplist` VALUES ('35415', '4621', '1', '1', '-1', '2958');
INSERT IGNORE INTO `droplist` VALUES ('35415', '4624', '1', '1', '2', '98');
INSERT IGNORE INTO `droplist` VALUES ('35415', '5230', '1', '1', '-1', '2859');
INSERT IGNORE INTO `droplist` VALUES ('35415', '5549', '1', '1', '2', '7039');
INSERT IGNORE INTO `droplist` VALUES ('35415', '57', '868', '1756', '0', '700000');
INSERT IGNORE INTO `droplist` VALUES ('35415', '6670', '1', '1', '2', '11731');
INSERT IGNORE INTO `droplist` VALUES ('35416', '1867', '1', '1', '2', '164090');
INSERT IGNORE INTO `droplist` VALUES ('35416', '1872', '1', '1', '2', '164090');
INSERT IGNORE INTO `droplist` VALUES ('35416', '1875', '1', '1', '2', '8205');
INSERT IGNORE INTO `droplist` VALUES ('35416', '1881', '1', '1', '2', '16409');
INSERT IGNORE INTO `droplist` VALUES ('35416', '2089', '1', '1', '-1', '15893');
INSERT IGNORE INTO `droplist` VALUES ('35416', '2439', '1', '1', '1', '27');
INSERT IGNORE INTO `droplist` VALUES ('35416', '2475', '1', '1', '1', '27');
INSERT IGNORE INTO `droplist` VALUES ('35416', '2487', '1', '1', '1', '27');
INSERT IGNORE INTO `droplist` VALUES ('35416', '4041', '1', '1', '2', '1071');
INSERT IGNORE INTO `droplist` VALUES ('35416', '4053', '1', '1', '-1', '125008');
INSERT IGNORE INTO `droplist` VALUES ('35416', '4090', '1', '1', '1', '4833');
INSERT IGNORE INTO `droplist` VALUES ('35416', '4091', '1', '1', '1', '4833');
INSERT IGNORE INTO `droplist` VALUES ('35416', '4096', '1', '1', '1', '4833');
INSERT IGNORE INTO `droplist` VALUES ('35416', '4099', '1', '1', '1', '4833');
INSERT IGNORE INTO `droplist` VALUES ('35416', '4124', '1', '1', '-1', '129619');
INSERT IGNORE INTO `droplist` VALUES ('35416', '57', '1179', '2390', '0', '700000');
INSERT IGNORE INTO `droplist` VALUES ('35416', '601', '1', '1', '1', '27');


/************ 修正強力挑撥的精練 ************/
UPDATE `enchant_skill_trees` SET `min_skill_lvl` = '210' WHERE `skill_id` ='18' and `level` ='211';
UPDATE `enchant_skill_trees` SET `min_skill_lvl` = '211' WHERE `skill_id` ='18' and `level` ='212';
UPDATE `enchant_skill_trees` SET `min_skill_lvl` = '212' WHERE `skill_id` ='18' and `level` ='213';


/************ 修正物品 ************/
UPDATE `etcitem` SET `price` = '7' WHERE `item_id` ='1835';
UPDATE `etcitem` SET `item_type` = 'quest' WHERE `item_id` in (8085,8098);
Delete From `etcitem` Where `item_id` in (9632,9633,9634,9635,9636,9637,10113,10273);
INSERT INTO `etcitem` VALUES ('9632', 'Wooden Bolt', 'false', 'bolt', '6', 'stackable', 'wood', 'none', '-1', '2', '0', 'true', 'true', 'true', 'true', '', '');
INSERT INTO `etcitem` VALUES ('9633', 'Bone Bolt', 'false', 'bolt', '5', 'stackable', 'bone', 'd', '-1', '2', '0', 'true', 'true', 'true', 'true', '', '');
INSERT INTO `etcitem` VALUES ('9634', 'Steel Bolt', 'false', 'bolt', '4', 'stackable', 'fine_steel', 'c', '-1', '5', '0', 'true', 'true', 'true', 'true', '', '');
INSERT INTO `etcitem` VALUES ('9635', 'Silver Bolt', 'false', 'bolt', '4', 'stackable', 'silver', 'b', '-1', '7', '0', 'true', 'true', 'true', 'true', '', '');
INSERT INTO `etcitem` VALUES ('9636', 'Mithril Bolt', 'false', 'bolt', '3', 'stackable', 'mithril', 'a', '-1', '8', '0', 'true', 'true', 'true', 'true', '', '');
INSERT INTO `etcitem` VALUES ('9637', 'Shining Bolt', 'false', 'bolt', '3', 'stackable', 'adamantaite', 's', '-1', '10', '0', 'true', 'true', 'true', 'true', '', '');
INSERT INTO `etcitem` VALUES ('10113', 'Special Bolt', 'false', 'none', '6', 'stackable', 'wood', 'none', '-1', '0', null, 'true', 'false', 'true', 'false', '', '');
INSERT INTO `etcitem` VALUES ('10273', 'Wolf Summoning Bracelet', 'false', 'pet_collar', '20', 'normal', 'wood', 'none', '-1', '0', null, 'true', 'true', 'true', 'true', '', '');


/************ 增加GM商店物品販賣 ************/
Delete From `merchant_buylists` Where `shop_id` in (71040,71041,71042,71043,71044,71045,71046,71047,71048,71049,71050,71051,71052,71053,71054);
INSERT IGNORE INTO `merchant_buylists` VALUES ('8616', '0', '71040', '0', '-1', '-1', '0', '0');
INSERT IGNORE INTO `merchant_buylists` VALUES ('8617', '0', '71040', '1', '-1', '-1', '0', '0');
INSERT IGNORE INTO `merchant_buylists` VALUES ('8877', '0', '71040', '2', '-1', '-1', '0', '0');
INSERT IGNORE INTO `merchant_buylists` VALUES ('8878', '0', '71040', '3', '-1', '-1', '0', '0');
INSERT IGNORE INTO `merchant_buylists` VALUES ('8879', '0', '71040', '4', '-1', '-1', '0', '0');
INSERT IGNORE INTO `merchant_buylists` VALUES ('8880', '0', '71040', '5', '-1', '-1', '0', '0');
INSERT IGNORE INTO `merchant_buylists` VALUES ('8881', '0', '71040', '6', '-1', '-1', '0', '0');
INSERT IGNORE INTO `merchant_buylists` VALUES ('8882', '0', '71040', '7', '-1', '-1', '0', '0');
INSERT IGNORE INTO `merchant_buylists` VALUES ('8883', '0', '71040', '9', '-1', '-1', '0', '0');
INSERT IGNORE INTO `merchant_buylists` VALUES ('8884', '0', '71040', '10', '-1', '-1', '0', '0');
INSERT IGNORE INTO `merchant_buylists` VALUES ('8885', '0', '71040', '11', '-1', '-1', '0', '0');
INSERT IGNORE INTO `merchant_buylists` VALUES ('8886', '0', '71040', '12', '-1', '-1', '0', '0');
INSERT IGNORE INTO `merchant_buylists` VALUES ('8887', '0', '71040', '13', '-1', '-1', '0', '0');
INSERT IGNORE INTO `merchant_buylists` VALUES ('8888', '0', '71040', '14', '-1', '-1', '0', '0');
INSERT IGNORE INTO `merchant_buylists` VALUES ('8889', '0', '71040', '15', '-1', '-1', '0', '0');
INSERT IGNORE INTO `merchant_buylists` VALUES ('8890', '0', '71040', '16', '-1', '-1', '0', '0');
INSERT IGNORE INTO `merchant_buylists` VALUES ('8891', '0', '71040', '17', '-1', '-1', '0', '0');
INSERT IGNORE INTO `merchant_buylists` VALUES ('8892', '0', '71040', '18', '-1', '-1', '0', '0');
INSERT IGNORE INTO `merchant_buylists` VALUES ('8893', '0', '71040', '19', '-1', '-1', '0', '0');
INSERT IGNORE INTO `merchant_buylists` VALUES ('8894', '0', '71040', '20', '-1', '-1', '0', '0');
INSERT IGNORE INTO `merchant_buylists` VALUES ('8895', '0', '71040', '21', '-1', '-1', '0', '0');
INSERT IGNORE INTO `merchant_buylists` VALUES ('8896', '0', '71040', '22', '-1', '-1', '0', '0');
INSERT IGNORE INTO `merchant_buylists` VALUES ('8897', '0', '71040', '23', '-1', '-1', '0', '0');
INSERT IGNORE INTO `merchant_buylists` VALUES ('8898', '0', '71040', '24', '-1', '-1', '0', '0');
INSERT IGNORE INTO `merchant_buylists` VALUES ('8899', '0', '71040', '25', '-1', '-1', '0', '0');
INSERT IGNORE INTO `merchant_buylists` VALUES ('8900', '0', '71040', '26', '-1', '-1', '0', '0');
INSERT IGNORE INTO `merchant_buylists` VALUES ('8901', '0', '71040', '27', '-1', '-1', '0', '0');
INSERT IGNORE INTO `merchant_buylists` VALUES ('8902', '0', '71040', '28', '-1', '-1', '0', '0');
INSERT IGNORE INTO `merchant_buylists` VALUES ('8903', '0', '71040', '29', '-1', '-1', '0', '0');
INSERT IGNORE INTO `merchant_buylists` VALUES ('8904', '0', '71040', '30', '-1', '-1', '0', '0');
INSERT IGNORE INTO `merchant_buylists` VALUES ('8905', '0', '71040', '31', '-1', '-1', '0', '0');
INSERT IGNORE INTO `merchant_buylists` VALUES ('8906', '0', '71040', '32', '-1', '-1', '0', '0');
INSERT IGNORE INTO `merchant_buylists` VALUES ('8907', '0', '71040', '33', '-1', '-1', '0', '0');
INSERT IGNORE INTO `merchant_buylists` VALUES ('8908', '0', '71040', '34', '-1', '-1', '0', '0');
INSERT IGNORE INTO `merchant_buylists` VALUES ('8690', '0', '71041', '0', '-1', '-1', '0', '0');
INSERT IGNORE INTO `merchant_buylists` VALUES ('8691', '0', '71041', '1', '-1', '-1', '0', '0');
INSERT IGNORE INTO `merchant_buylists` VALUES ('8692', '0', '71041', '2', '-1', '-1', '0', '0');
INSERT IGNORE INTO `merchant_buylists` VALUES ('8693', '0', '71041', '3', '-1', '-1', '0', '0');
INSERT IGNORE INTO `merchant_buylists` VALUES ('8694', '0', '71041', '4', '-1', '-1', '0', '0');
INSERT IGNORE INTO `merchant_buylists` VALUES ('8695', '0', '71041', '5', '-1', '-1', '0', '0');
INSERT IGNORE INTO `merchant_buylists` VALUES ('8696', '0', '71041', '6', '-1', '-1', '0', '0');
INSERT IGNORE INTO `merchant_buylists` VALUES ('8697', '0', '71041', '7', '-1', '-1', '0', '0');
INSERT IGNORE INTO `merchant_buylists` VALUES ('8698', '0', '71041', '9', '-1', '-1', '0', '0');
INSERT IGNORE INTO `merchant_buylists` VALUES ('8699', '0', '71041', '10', '-1', '-1', '0', '0');
INSERT IGNORE INTO `merchant_buylists` VALUES ('8700', '0', '71041', '11', '-1', '-1', '0', '0');
INSERT IGNORE INTO `merchant_buylists` VALUES ('8701', '0', '71041', '12', '-1', '-1', '0', '0');
INSERT IGNORE INTO `merchant_buylists` VALUES ('8702', '0', '71041', '13', '-1', '-1', '0', '0');
INSERT IGNORE INTO `merchant_buylists` VALUES ('8703', '0', '71041', '14', '-1', '-1', '0', '0');
INSERT IGNORE INTO `merchant_buylists` VALUES ('8704', '0', '71041', '15', '-1', '-1', '0', '0');
INSERT IGNORE INTO `merchant_buylists` VALUES ('8705', '0', '71041', '16', '-1', '-1', '0', '0');
INSERT IGNORE INTO `merchant_buylists` VALUES ('8706', '0', '71041', '17', '-1', '-1', '0', '0');
INSERT IGNORE INTO `merchant_buylists` VALUES ('8707', '0', '71041', '18', '-1', '-1', '0', '0');
INSERT IGNORE INTO `merchant_buylists` VALUES ('8708', '0', '71041', '19', '-1', '-1', '0', '0');
INSERT IGNORE INTO `merchant_buylists` VALUES ('8709', '0', '71041', '20', '-1', '-1', '0', '0');
INSERT IGNORE INTO `merchant_buylists` VALUES ('8710', '0', '71041', '21', '-1', '-1', '0', '0');
INSERT IGNORE INTO `merchant_buylists` VALUES ('8711', '0', '71041', '22', '-1', '-1', '0', '0');
INSERT IGNORE INTO `merchant_buylists` VALUES ('8640', '0', '71041', '23', '-1', '-1', '0', '0');
INSERT IGNORE INTO `merchant_buylists` VALUES ('8641', '0', '71041', '24', '-1', '-1', '0', '0');
INSERT IGNORE INTO `merchant_buylists` VALUES ('8642', '0', '71041', '25', '-1', '-1', '0', '0');
INSERT IGNORE INTO `merchant_buylists` VALUES ('8643', '0', '71041', '26', '-1', '-1', '0', '0');
INSERT IGNORE INTO `merchant_buylists` VALUES ('8644', '0', '71041', '27', '-1', '-1', '0', '0');
INSERT IGNORE INTO `merchant_buylists` VALUES ('8645', '0', '71041', '28', '-1', '-1', '0', '0');
INSERT IGNORE INTO `merchant_buylists` VALUES ('8646', '0', '71041', '29', '-1', '-1', '0', '0');
INSERT IGNORE INTO `merchant_buylists` VALUES ('8647', '0', '71041', '30', '-1', '-1', '0', '0');
INSERT IGNORE INTO `merchant_buylists` VALUES ('8648', '0', '71041', '31', '-1', '-1', '0', '0');
INSERT IGNORE INTO `merchant_buylists` VALUES ('8649', '0', '71041', '32', '-1', '-1', '0', '0');
INSERT IGNORE INTO `merchant_buylists` VALUES ('8650', '0', '71041', '33', '-1', '-1', '0', '0');
INSERT IGNORE INTO `merchant_buylists` VALUES ('8651', '0', '71041', '34', '-1', '-1', '0', '0');
INSERT IGNORE INTO `merchant_buylists` VALUES ('8652', '0', '71041', '35', '-1', '-1', '0', '0');
INSERT IGNORE INTO `merchant_buylists` VALUES ('8653', '0', '71041', '36', '-1', '-1', '0', '0');
INSERT IGNORE INTO `merchant_buylists` VALUES ('8654', '0', '71041', '37', '-1', '-1', '0', '0');
INSERT IGNORE INTO `merchant_buylists` VALUES ('8655', '0', '71041', '38', '-1', '-1', '0', '0');
INSERT IGNORE INTO `merchant_buylists` VALUES ('8656', '0', '71041', '39', '-1', '-1', '0', '0');
INSERT IGNORE INTO `merchant_buylists` VALUES ('8657', '0', '71041', '40', '-1', '-1', '0', '0');
INSERT IGNORE INTO `merchant_buylists` VALUES ('10025', '0', '71042', '1', '-1', '-1', '0', '0');
INSERT IGNORE INTO `merchant_buylists` VALUES ('10026', '0', '71042', '2', '-1', '-1', '0', '0');
INSERT IGNORE INTO `merchant_buylists` VALUES ('10027', '0', '71042', '3', '-1', '-1', '0', '0');
INSERT IGNORE INTO `merchant_buylists` VALUES ('10028', '0', '71042', '4', '-1', '-1', '0', '0');
INSERT IGNORE INTO `merchant_buylists` VALUES ('10029', '0', '71042', '5', '-1', '-1', '0', '0');
INSERT IGNORE INTO `merchant_buylists` VALUES ('10030', '0', '71042', '6', '-1', '-1', '0', '0');
INSERT IGNORE INTO `merchant_buylists` VALUES ('10031', '0', '71042', '7', '-1', '-1', '0', '0');
INSERT IGNORE INTO `merchant_buylists` VALUES ('10032', '0', '71042', '8', '-1', '-1', '0', '0');
INSERT IGNORE INTO `merchant_buylists` VALUES ('10033', '0', '71042', '9', '-1', '-1', '0', '0');
INSERT IGNORE INTO `merchant_buylists` VALUES ('10034', '0', '71042', '10', '-1', '-1', '0', '0');
INSERT IGNORE INTO `merchant_buylists` VALUES ('10035', '0', '71042', '11', '-1', '-1', '0', '0');
INSERT IGNORE INTO `merchant_buylists` VALUES ('10036', '0', '71042', '12', '-1', '-1', '0', '0');
INSERT IGNORE INTO `merchant_buylists` VALUES ('10037', '0', '71042', '13', '-1', '-1', '0', '0');
INSERT IGNORE INTO `merchant_buylists` VALUES ('10038', '0', '71042', '14', '-1', '-1', '0', '0');
INSERT IGNORE INTO `merchant_buylists` VALUES ('10039', '0', '71042', '15', '-1', '-1', '0', '0');
INSERT IGNORE INTO `merchant_buylists` VALUES ('10040', '0', '71042', '16', '-1', '-1', '0', '0');
INSERT IGNORE INTO `merchant_buylists` VALUES ('10041', '0', '71042', '17', '-1', '-1', '0', '0');
INSERT IGNORE INTO `merchant_buylists` VALUES ('10042', '0', '71042', '18', '-1', '-1', '0', '0');
INSERT IGNORE INTO `merchant_buylists` VALUES ('10043', '0', '71042', '19', '-1', '-1', '0', '0');
INSERT IGNORE INTO `merchant_buylists` VALUES ('10044', '0', '71042', '20', '-1', '-1', '0', '0');
INSERT IGNORE INTO `merchant_buylists` VALUES ('10045', '0', '71042', '21', '-1', '-1', '0', '0');
INSERT IGNORE INTO `merchant_buylists` VALUES ('10046', '0', '71042', '22', '-1', '-1', '0', '0');
INSERT IGNORE INTO `merchant_buylists` VALUES ('10047', '0', '71042', '23', '-1', '-1', '0', '0');
INSERT IGNORE INTO `merchant_buylists` VALUES ('10048', '0', '71042', '24', '-1', '-1', '0', '0');
INSERT IGNORE INTO `merchant_buylists` VALUES ('10049', '0', '71042', '25', '-1', '-1', '0', '0');
INSERT IGNORE INTO `merchant_buylists` VALUES ('10050', '0', '71042', '26', '-1', '-1', '0', '0');
INSERT IGNORE INTO `merchant_buylists` VALUES ('10051', '0', '71042', '27', '-1', '-1', '0', '0');
INSERT IGNORE INTO `merchant_buylists` VALUES ('10052', '0', '71042', '28', '-1', '-1', '0', '0');
INSERT IGNORE INTO `merchant_buylists` VALUES ('10053', '0', '71042', '29', '-1', '-1', '0', '0');
INSERT IGNORE INTO `merchant_buylists` VALUES ('10054', '0', '71042', '31', '-1', '-1', '0', '0');
INSERT IGNORE INTO `merchant_buylists` VALUES ('10055', '0', '71042', '32', '-1', '-1', '0', '0');
INSERT IGNORE INTO `merchant_buylists` VALUES ('10056', '0', '71042', '33', '-1', '-1', '0', '0');
INSERT IGNORE INTO `merchant_buylists` VALUES ('10057', '0', '71042', '34', '-1', '-1', '0', '0');
INSERT IGNORE INTO `merchant_buylists` VALUES ('10058', '0', '71042', '35', '-1', '-1', '0', '0');
INSERT IGNORE INTO `merchant_buylists` VALUES ('10059', '0', '71042', '36', '-1', '-1', '0', '0');
INSERT IGNORE INTO `merchant_buylists` VALUES ('10060', '0', '71042', '37', '-1', '-1', '0', '0');
INSERT IGNORE INTO `merchant_buylists` VALUES ('10061', '0', '71042', '38', '-1', '-1', '0', '0');
INSERT IGNORE INTO `merchant_buylists` VALUES ('10062', '0', '71042', '39', '-1', '-1', '0', '0');
INSERT IGNORE INTO `merchant_buylists` VALUES ('10063', '0', '71042', '40', '-1', '-1', '0', '0');
INSERT IGNORE INTO `merchant_buylists` VALUES ('10064', '0', '71042', '41', '-1', '-1', '0', '0');
INSERT IGNORE INTO `merchant_buylists` VALUES ('10065', '0', '71042', '42', '-1', '-1', '0', '0');
INSERT IGNORE INTO `merchant_buylists` VALUES ('10066', '0', '71042', '43', '-1', '-1', '0', '0');
INSERT IGNORE INTO `merchant_buylists` VALUES ('10067', '0', '71042', '44', '-1', '-1', '0', '0');
INSERT IGNORE INTO `merchant_buylists` VALUES ('10068', '0', '71042', '45', '-1', '-1', '0', '0');
INSERT IGNORE INTO `merchant_buylists` VALUES ('10069', '0', '71042', '46', '-1', '-1', '0', '0');
INSERT IGNORE INTO `merchant_buylists` VALUES ('10070', '0', '71042', '47', '-1', '-1', '0', '0');
INSERT IGNORE INTO `merchant_buylists` VALUES ('10071', '0', '71042', '48', '-1', '-1', '0', '0');
INSERT IGNORE INTO `merchant_buylists` VALUES ('10072', '0', '71042', '49', '-1', '-1', '0', '0');
INSERT IGNORE INTO `merchant_buylists` VALUES ('10073', '0', '71042', '50', '-1', '-1', '0', '0');
INSERT IGNORE INTO `merchant_buylists` VALUES ('10074', '0', '71042', '51', '-1', '-1', '0', '0');
INSERT IGNORE INTO `merchant_buylists` VALUES ('10075', '0', '71042', '52', '-1', '-1', '0', '0');
INSERT IGNORE INTO `merchant_buylists` VALUES ('10076', '0', '71042', '53', '-1', '-1', '0', '0');
INSERT IGNORE INTO `merchant_buylists` VALUES ('10077', '0', '71042', '54', '-1', '-1', '0', '0');
INSERT IGNORE INTO `merchant_buylists` VALUES ('10078', '0', '71042', '55', '-1', '-1', '0', '0');
INSERT IGNORE INTO `merchant_buylists` VALUES ('10079', '0', '71042', '56', '-1', '-1', '0', '0');
INSERT IGNORE INTO `merchant_buylists` VALUES ('10080', '0', '71042', '57', '-1', '-1', '0', '0');
INSERT IGNORE INTO `merchant_buylists` VALUES ('10081', '0', '71042', '58', '-1', '-1', '0', '0');
INSERT IGNORE INTO `merchant_buylists` VALUES ('10082', '0', '71042', '59', '-1', '-1', '0', '0');
INSERT IGNORE INTO `merchant_buylists` VALUES ('10083', '0', '71042', '60', '-1', '-1', '0', '0');
INSERT IGNORE INTO `merchant_buylists` VALUES ('10084', '0', '71042', '61', '-1', '-1', '0', '0');
INSERT IGNORE INTO `merchant_buylists` VALUES ('10085', '0', '71042', '62', '-1', '-1', '0', '0');
INSERT IGNORE INTO `merchant_buylists` VALUES ('10086', '0', '71042', '63', '-1', '-1', '0', '0');
INSERT IGNORE INTO `merchant_buylists` VALUES ('10087', '0', '71042', '64', '-1', '-1', '0', '0');
INSERT IGNORE INTO `merchant_buylists` VALUES ('10088', '0', '71042', '65', '-1', '-1', '0', '0');
INSERT IGNORE INTO `merchant_buylists` VALUES ('10089', '0', '71042', '66', '-1', '-1', '0', '0');
INSERT IGNORE INTO `merchant_buylists` VALUES ('10090', '0', '71042', '67', '-1', '-1', '0', '0');
INSERT IGNORE INTO `merchant_buylists` VALUES ('10091', '0', '71042', '68', '-1', '-1', '0', '0');
INSERT IGNORE INTO `merchant_buylists` VALUES ('10092', '0', '71042', '69', '-1', '-1', '0', '0');
INSERT IGNORE INTO `merchant_buylists` VALUES ('10093', '0', '71042', '70', '-1', '-1', '0', '0');
INSERT IGNORE INTO `merchant_buylists` VALUES ('10094', '0', '71042', '71', '-1', '-1', '0', '0');
INSERT IGNORE INTO `merchant_buylists` VALUES ('10095', '0', '71042', '72', '-1', '-1', '0', '0');
INSERT IGNORE INTO `merchant_buylists` VALUES ('10096', '0', '71042', '73', '-1', '-1', '0', '0');
INSERT IGNORE INTO `merchant_buylists` VALUES ('10097', '0', '71042', '74', '-1', '-1', '0', '0');
INSERT IGNORE INTO `merchant_buylists` VALUES ('10098', '0', '71042', '75', '-1', '-1', '0', '0');
INSERT IGNORE INTO `merchant_buylists` VALUES ('10180', '0', '71042', '76', '-1', '-1', '0', '0');
INSERT IGNORE INTO `merchant_buylists` VALUES ('10181', '0', '71042', '77', '-1', '-1', '0', '0');
INSERT IGNORE INTO `merchant_buylists` VALUES ('10182', '0', '71042', '78', '-1', '-1', '0', '0');
INSERT IGNORE INTO `merchant_buylists` VALUES ('10183', '0', '71042', '79', '-1', '-1', '0', '0');
INSERT IGNORE INTO `merchant_buylists` VALUES ('10184', '0', '71042', '80', '-1', '-1', '0', '0');
INSERT IGNORE INTO `merchant_buylists` VALUES ('10185', '0', '71042', '81', '-1', '-1', '0', '0');
INSERT IGNORE INTO `merchant_buylists` VALUES ('10186', '0', '71042', '82', '-1', '-1', '0', '0');
INSERT IGNORE INTO `merchant_buylists` VALUES ('10187', '0', '71042', '83', '-1', '-1', '0', '0');
INSERT IGNORE INTO `merchant_buylists` VALUES ('10188', '0', '71042', '84', '-1', '-1', '0', '0');
INSERT IGNORE INTO `merchant_buylists` VALUES ('10189', '0', '71042', '85', '-1', '-1', '0', '0');
INSERT IGNORE INTO `merchant_buylists` VALUES ('10190', '0', '71042', '86', '-1', '-1', '0', '0');
INSERT IGNORE INTO `merchant_buylists` VALUES ('10191', '0', '71042', '87', '-1', '-1', '0', '0');
INSERT IGNORE INTO `merchant_buylists` VALUES ('10192', '0', '71042', '88', '-1', '-1', '0', '0');
INSERT IGNORE INTO `merchant_buylists` VALUES ('10193', '0', '71042', '89', '-1', '-1', '0', '0');
INSERT IGNORE INTO `merchant_buylists` VALUES ('10194', '0', '71042', '90', '-1', '-1', '0', '0');
INSERT IGNORE INTO `merchant_buylists` VALUES ('10195', '0', '71042', '91', '-1', '-1', '0', '0');
INSERT IGNORE INTO `merchant_buylists` VALUES ('10196', '0', '71042', '92', '-1', '-1', '0', '0');
INSERT IGNORE INTO `merchant_buylists` VALUES ('10596', '0', '71042', '93', '-1', '-1', '0', '0');
INSERT IGNORE INTO `merchant_buylists` VALUES ('10597', '0', '71042', '94', '-1', '-1', '0', '0');
INSERT IGNORE INTO `merchant_buylists` VALUES ('10598', '0', '71042', '95', '-1', '-1', '0', '0');
INSERT IGNORE INTO `merchant_buylists` VALUES ('10599', '0', '71042', '96', '-1', '-1', '0', '0');
INSERT IGNORE INTO `merchant_buylists` VALUES ('10600', '0', '71042', '97', '-1', '-1', '0', '0');
INSERT IGNORE INTO `merchant_buylists` VALUES ('10601', '0', '71042', '98', '-1', '-1', '0', '0');
INSERT IGNORE INTO `merchant_buylists` VALUES ('10602', '0', '71042', '99', '-1', '-1', '0', '0');
INSERT IGNORE INTO `merchant_buylists` VALUES ('10603', '0', '71042', '100', '-1', '-1', '0', '0');
INSERT IGNORE INTO `merchant_buylists` VALUES ('10604', '0', '71042', '101', '-1', '-1', '0', '0');
INSERT IGNORE INTO `merchant_buylists` VALUES ('10605', '0', '71042', '102', '-1', '-1', '0', '0');
INSERT IGNORE INTO `merchant_buylists` VALUES ('10099', '0', '71043', '1', '-1', '-1', '0', '0');
INSERT IGNORE INTO `merchant_buylists` VALUES ('10100', '0', '71043', '2', '-1', '-1', '0', '0');
INSERT IGNORE INTO `merchant_buylists` VALUES ('10101', '0', '71043', '3', '-1', '-1', '0', '0');
INSERT IGNORE INTO `merchant_buylists` VALUES ('10102', '0', '71043', '4', '-1', '-1', '0', '0');
INSERT IGNORE INTO `merchant_buylists` VALUES ('10103', '0', '71043', '5', '-1', '-1', '0', '0');
INSERT IGNORE INTO `merchant_buylists` VALUES ('10104', '0', '71043', '6', '-1', '-1', '0', '0');
INSERT IGNORE INTO `merchant_buylists` VALUES ('10107', '0', '71043', '7', '-1', '-1', '0', '0');
INSERT IGNORE INTO `merchant_buylists` VALUES ('10108', '0', '71043', '8', '-1', '-1', '0', '0');
INSERT IGNORE INTO `merchant_buylists` VALUES ('10109', '0', '71043', '9', '-1', '-1', '0', '0');
INSERT IGNORE INTO `merchant_buylists` VALUES ('10110', '0', '71043', '10', '-1', '-1', '0', '0');
INSERT IGNORE INTO `merchant_buylists` VALUES ('10111', '0', '71043', '11', '-1', '-1', '0', '0');
INSERT IGNORE INTO `merchant_buylists` VALUES ('10105', '0', '71043', '12', '-1', '-1', '0', '0');
INSERT IGNORE INTO `merchant_buylists` VALUES ('10106', '0', '71043', '13', '-1', '-1', '0', '0');
INSERT IGNORE INTO `merchant_buylists` VALUES ('9482', '0', '71044', '1', '-1', '-1', '0', '0');
INSERT IGNORE INTO `merchant_buylists` VALUES ('9483', '0', '71044', '2', '-1', '-1', '0', '0');
INSERT IGNORE INTO `merchant_buylists` VALUES ('9484', '0', '71044', '3', '-1', '-1', '0', '0');
INSERT IGNORE INTO `merchant_buylists` VALUES ('9485', '0', '71044', '4', '-1', '-1', '0', '0');
INSERT IGNORE INTO `merchant_buylists` VALUES ('9486', '0', '71044', '5', '-1', '-1', '0', '0');
INSERT IGNORE INTO `merchant_buylists` VALUES ('9487', '0', '71044', '6', '-1', '-1', '0', '0');
INSERT IGNORE INTO `merchant_buylists` VALUES ('9488', '0', '71044', '7', '-1', '-1', '0', '0');
INSERT IGNORE INTO `merchant_buylists` VALUES ('9489', '0', '71044', '8', '-1', '-1', '0', '0');
INSERT IGNORE INTO `merchant_buylists` VALUES ('9490', '0', '71044', '9', '-1', '-1', '0', '0');
INSERT IGNORE INTO `merchant_buylists` VALUES ('9491', '0', '71044', '10', '-1', '-1', '0', '0');
INSERT IGNORE INTO `merchant_buylists` VALUES ('9492', '0', '71044', '11', '-1', '-1', '0', '0');
INSERT IGNORE INTO `merchant_buylists` VALUES ('9493', '0', '71044', '12', '-1', '-1', '0', '0');
INSERT IGNORE INTO `merchant_buylists` VALUES ('9494', '0', '71044', '13', '-1', '-1', '0', '0');
INSERT IGNORE INTO `merchant_buylists` VALUES ('9495', '0', '71044', '14', '-1', '-1', '0', '0');
INSERT IGNORE INTO `merchant_buylists` VALUES ('9496', '0', '71044', '15', '-1', '-1', '0', '0');
INSERT IGNORE INTO `merchant_buylists` VALUES ('9497', '0', '71044', '16', '-1', '-1', '0', '0');
INSERT IGNORE INTO `merchant_buylists` VALUES ('9498', '0', '71044', '17', '-1', '-1', '0', '0');
INSERT IGNORE INTO `merchant_buylists` VALUES ('9499', '0', '71044', '18', '-1', '-1', '0', '0');
INSERT IGNORE INTO `merchant_buylists` VALUES ('9500', '0', '71044', '19', '-1', '-1', '0', '0');
INSERT IGNORE INTO `merchant_buylists` VALUES ('9501', '0', '71044', '20', '-1', '-1', '0', '0');
INSERT IGNORE INTO `merchant_buylists` VALUES ('9502', '0', '71044', '21', '-1', '-1', '0', '0');
INSERT IGNORE INTO `merchant_buylists` VALUES ('9503', '0', '71044', '22', '-1', '-1', '0', '0');
INSERT IGNORE INTO `merchant_buylists` VALUES ('9504', '0', '71044', '23', '-1', '-1', '0', '0');
INSERT IGNORE INTO `merchant_buylists` VALUES ('9505', '0', '71044', '24', '-1', '-1', '0', '0');
INSERT IGNORE INTO `merchant_buylists` VALUES ('9506', '0', '71044', '25', '-1', '-1', '0', '0');
INSERT IGNORE INTO `merchant_buylists` VALUES ('9507', '0', '71044', '26', '-1', '-1', '0', '0');
INSERT IGNORE INTO `merchant_buylists` VALUES ('9508', '0', '71044', '27', '-1', '-1', '0', '0');
INSERT IGNORE INTO `merchant_buylists` VALUES ('9509', '0', '71044', '28', '-1', '-1', '0', '0');
INSERT IGNORE INTO `merchant_buylists` VALUES ('9510', '0', '71044', '29', '-1', '-1', '0', '0');
INSERT IGNORE INTO `merchant_buylists` VALUES ('9511', '0', '71044', '30', '-1', '-1', '0', '0');
INSERT IGNORE INTO `merchant_buylists` VALUES ('9512', '0', '71044', '31', '-1', '-1', '0', '0');
INSERT IGNORE INTO `merchant_buylists` VALUES ('9513', '0', '71044', '32', '-1', '-1', '0', '0');
INSERT IGNORE INTO `merchant_buylists` VALUES ('10373', '0', '71044', '33', '-1', '-1', '0', '0');
INSERT IGNORE INTO `merchant_buylists` VALUES ('10374', '0', '71044', '34', '-1', '-1', '0', '0');
INSERT IGNORE INTO `merchant_buylists` VALUES ('10375', '0', '71044', '35', '-1', '-1', '0', '0');
INSERT IGNORE INTO `merchant_buylists` VALUES ('10376', '0', '71044', '36', '-1', '-1', '0', '0');
INSERT IGNORE INTO `merchant_buylists` VALUES ('10377', '0', '71044', '37', '-1', '-1', '0', '0');
INSERT IGNORE INTO `merchant_buylists` VALUES ('10378', '0', '71044', '38', '-1', '-1', '0', '0');
INSERT IGNORE INTO `merchant_buylists` VALUES ('10379', '0', '71044', '39', '-1', '-1', '0', '0');
INSERT IGNORE INTO `merchant_buylists` VALUES ('10380', '0', '71044', '40', '-1', '-1', '0', '0');
INSERT IGNORE INTO `merchant_buylists` VALUES ('10381', '0', '71044', '41', '-1', '-1', '0', '0');
INSERT IGNORE INTO `merchant_buylists` VALUES ('10544', '0', '71044', '42', '-1', '-1', '0', '0');
INSERT IGNORE INTO `merchant_buylists` VALUES ('10545', '0', '71044', '43', '-1', '-1', '0', '0');
INSERT IGNORE INTO `merchant_buylists` VALUES ('10397', '0', '71044', '44', '-1', '-1', '0', '0');
INSERT IGNORE INTO `merchant_buylists` VALUES ('10398', '0', '71044', '45', '-1', '-1', '0', '0');
INSERT IGNORE INTO `merchant_buylists` VALUES ('10399', '0', '71044', '46', '-1', '-1', '0', '0');
INSERT IGNORE INTO `merchant_buylists` VALUES ('10400', '0', '71044', '47', '-1', '-1', '0', '0');
INSERT IGNORE INTO `merchant_buylists` VALUES ('10401', '0', '71044', '48', '-1', '-1', '0', '0');
INSERT IGNORE INTO `merchant_buylists` VALUES ('10402', '0', '71044', '49', '-1', '-1', '0', '0');
INSERT IGNORE INTO `merchant_buylists` VALUES ('10403', '0', '71044', '50', '-1', '-1', '0', '0');
INSERT IGNORE INTO `merchant_buylists` VALUES ('10404', '0', '71044', '51', '-1', '-1', '0', '0');
INSERT IGNORE INTO `merchant_buylists` VALUES ('10405', '0', '71044', '52', '-1', '-1', '0', '0');
INSERT IGNORE INTO `merchant_buylists` VALUES ('10546', '0', '71044', '53', '-1', '-1', '0', '0');
INSERT IGNORE INTO `merchant_buylists` VALUES ('10547', '0', '71044', '54', '-1', '-1', '0', '0');
INSERT IGNORE INTO `merchant_buylists` VALUES ('10131', '0', '71045', '1', '-1', '-1', '0', '0');
INSERT IGNORE INTO `merchant_buylists` VALUES ('10132', '0', '71045', '2', '-1', '-1', '0', '0');
INSERT IGNORE INTO `merchant_buylists` VALUES ('10133', '0', '71045', '3', '-1', '-1', '0', '0');
INSERT IGNORE INTO `merchant_buylists` VALUES ('10134', '0', '71045', '4', '-1', '-1', '0', '0');
INSERT IGNORE INTO `merchant_buylists` VALUES ('10135', '0', '71045', '5', '-1', '-1', '0', '0');
INSERT IGNORE INTO `merchant_buylists` VALUES ('10136', '0', '71045', '6', '-1', '-1', '0', '0');
INSERT IGNORE INTO `merchant_buylists` VALUES ('10137', '0', '71045', '7', '-1', '-1', '0', '0');
INSERT IGNORE INTO `merchant_buylists` VALUES ('10138', '0', '71045', '8', '-1', '-1', '0', '0');
INSERT IGNORE INTO `merchant_buylists` VALUES ('10141', '0', '71045', '9', '-1', '-1', '0', '0');
INSERT IGNORE INTO `merchant_buylists` VALUES ('10142', '0', '71045', '10', '-1', '-1', '0', '0');
INSERT IGNORE INTO `merchant_buylists` VALUES ('10274', '0', '71045', '11', '-1', '-1', '0', '0');
INSERT IGNORE INTO `merchant_buylists` VALUES ('9897', '0', '71045', '12', '-1', '-1', '0', '0');
INSERT IGNORE INTO `merchant_buylists` VALUES ('10279', '0', '71045', '13', '-1', '-1', '0', '0');
INSERT IGNORE INTO `merchant_buylists` VALUES ('10288', '0', '71045', '14', '-1', '-1', '0', '0');
INSERT IGNORE INTO `merchant_buylists` VALUES ('10289', '0', '71045', '15', '-1', '-1', '0', '0');
INSERT IGNORE INTO `merchant_buylists` VALUES ('10290', '0', '71045', '16', '-1', '-1', '0', '0');
INSERT IGNORE INTO `merchant_buylists` VALUES ('10291', '0', '71045', '17', '-1', '-1', '0', '0');
INSERT IGNORE INTO `merchant_buylists` VALUES ('10292', '0', '71045', '18', '-1', '-1', '0', '0');
INSERT IGNORE INTO `merchant_buylists` VALUES ('10293', '0', '71045', '19', '-1', '-1', '0', '0');
INSERT IGNORE INTO `merchant_buylists` VALUES ('10294', '0', '71045', '20', '-1', '-1', '0', '0');
INSERT IGNORE INTO `merchant_buylists` VALUES ('10295', '0', '71045', '21', '-1', '-1', '0', '0');
INSERT IGNORE INTO `merchant_buylists` VALUES ('10296', '0', '71045', '22', '-1', '-1', '0', '0');
INSERT IGNORE INTO `merchant_buylists` VALUES ('10297', '0', '71045', '23', '-1', '-1', '0', '0');
INSERT IGNORE INTO `merchant_buylists` VALUES ('10298', '0', '71045', '24', '-1', '-1', '0', '0');
INSERT IGNORE INTO `merchant_buylists` VALUES ('10299', '0', '71045', '25', '-1', '-1', '0', '0');
INSERT IGNORE INTO `merchant_buylists` VALUES ('10300', '0', '71045', '26', '-1', '-1', '0', '0');
INSERT IGNORE INTO `merchant_buylists` VALUES ('10301', '0', '71045', '27', '-1', '-1', '0', '0');
INSERT IGNORE INTO `merchant_buylists` VALUES ('10302', '0', '71045', '28', '-1', '-1', '0', '0');
INSERT IGNORE INTO `merchant_buylists` VALUES ('10303', '0', '71045', '29', '-1', '-1', '0', '0');
INSERT IGNORE INTO `merchant_buylists` VALUES ('10304', '0', '71045', '30', '-1', '-1', '0', '0');
INSERT IGNORE INTO `merchant_buylists` VALUES ('10305', '0', '71045', '31', '-1', '-1', '0', '0');
INSERT IGNORE INTO `merchant_buylists` VALUES ('10306', '0', '71045', '32', '-1', '-1', '0', '0');
INSERT IGNORE INTO `merchant_buylists` VALUES ('9840', '0', '71046', '0', '-1', '-1', '0', '0');
INSERT IGNORE INTO `merchant_buylists` VALUES ('9841', '0', '71046', '1', '-1', '-1', '0', '0');
INSERT IGNORE INTO `merchant_buylists` VALUES ('9842', '0', '71046', '2', '-1', '-1', '0', '0');
INSERT IGNORE INTO `merchant_buylists` VALUES ('9843', '0', '71046', '3', '-1', '-1', '0', '0');
INSERT IGNORE INTO `merchant_buylists` VALUES ('9844', '0', '71046', '4', '-1', '-1', '0', '0');
INSERT IGNORE INTO `merchant_buylists` VALUES ('9845', '0', '71046', '5', '-1', '-1', '0', '0');
INSERT IGNORE INTO `merchant_buylists` VALUES ('9846', '0', '71046', '6', '-1', '-1', '0', '0');
INSERT IGNORE INTO `merchant_buylists` VALUES ('9847', '0', '71046', '7', '-1', '-1', '0', '0');
INSERT IGNORE INTO `merchant_buylists` VALUES ('9848', '0', '71046', '8', '-1', '-1', '0', '0');
INSERT IGNORE INTO `merchant_buylists` VALUES ('10005', '0', '71046', '9', '-1', '-1', '0', '0');
INSERT IGNORE INTO `merchant_buylists` VALUES ('10006', '0', '71046', '10', '-1', '-1', '0', '0');
INSERT IGNORE INTO `merchant_buylists` VALUES ('10007', '0', '71046', '11', '-1', '-1', '0', '0');
INSERT IGNORE INTO `merchant_buylists` VALUES ('10008', '0', '71046', '12', '-1', '-1', '0', '0');
INSERT IGNORE INTO `merchant_buylists` VALUES ('10009', '0', '71046', '13', '-1', '-1', '0', '0');
INSERT IGNORE INTO `merchant_buylists` VALUES ('10010', '0', '71046', '14', '-1', '-1', '0', '0');
INSERT IGNORE INTO `merchant_buylists` VALUES ('10011', '0', '71046', '15', '-1', '-1', '0', '0');
INSERT IGNORE INTO `merchant_buylists` VALUES ('10125', '0', '71046', '16', '-1', '-1', '0', '0');
INSERT IGNORE INTO `merchant_buylists` VALUES ('10315', '0', '71046', '17', '-1', '-1', '0', '0');
INSERT IGNORE INTO `merchant_buylists` VALUES ('10321', '0', '71046', '18', '-1', '-1', '0', '0');
INSERT IGNORE INTO `merchant_buylists` VALUES ('10470', '0', '71046', '19', '-1', '-1', '0', '0');
INSERT IGNORE INTO `merchant_buylists` VALUES ('10471', '0', '71046', '20', '-1', '-1', '0', '0');
INSERT IGNORE INTO `merchant_buylists` VALUES ('10472', '0', '71046', '21', '-1', '-1', '0', '0');
INSERT IGNORE INTO `merchant_buylists` VALUES ('10620', '0', '71046', '22', '-1', '-1', '0', '0');
INSERT IGNORE INTO `merchant_buylists` VALUES ('10621', '0', '71046', '23', '-1', '-1', '0', '0');
INSERT IGNORE INTO `merchant_buylists` VALUES ('10622', '0', '71046', '24', '-1', '-1', '0', '0');
INSERT IGNORE INTO `merchant_buylists` VALUES ('10623', '0', '71046', '25', '-1', '-1', '0', '0');
INSERT IGNORE INTO `merchant_buylists` VALUES ('10624', '0', '71046', '26', '-1', '-1', '0', '0');
INSERT IGNORE INTO `merchant_buylists` VALUES ('10625', '0', '71046', '27', '-1', '-1', '0', '0');
INSERT IGNORE INTO `merchant_buylists` VALUES ('10626', '0', '71046', '28', '-1', '-1', '0', '0');
INSERT IGNORE INTO `merchant_buylists` VALUES ('10627', '0', '71046', '29', '-1', '-1', '0', '0');
INSERT IGNORE INTO `merchant_buylists` VALUES ('10628', '0', '71046', '30', '-1', '-1', '0', '0');
INSERT IGNORE INTO `merchant_buylists` VALUES ('10629', '0', '71046', '31', '-1', '-1', '0', '0');
INSERT IGNORE INTO `merchant_buylists` VALUES ('10630', '0', '71046', '32', '-1', '-1', '0', '0');
INSERT IGNORE INTO `merchant_buylists` VALUES ('10631', '0', '71046', '33', '-1', '-1', '0', '0');
INSERT IGNORE INTO `merchant_buylists` VALUES ('10474', '0', '71046', '34', '-1', '-1', '0', '0');
INSERT IGNORE INTO `merchant_buylists` VALUES ('10475', '0', '71046', '35', '-1', '-1', '0', '0');
INSERT IGNORE INTO `merchant_buylists` VALUES ('10476', '0', '71046', '36', '-1', '-1', '0', '0');
INSERT IGNORE INTO `merchant_buylists` VALUES ('10477', '0', '71046', '37', '-1', '-1', '0', '0');
INSERT IGNORE INTO `merchant_buylists` VALUES ('10478', '0', '71046', '38', '-1', '-1', '0', '0');
INSERT IGNORE INTO `merchant_buylists` VALUES ('10479', '0', '71046', '39', '-1', '-1', '0', '0');
INSERT IGNORE INTO `merchant_buylists` VALUES ('10473', '0', '71046', '40', '-1', '-1', '0', '0');
INSERT IGNORE INTO `merchant_buylists` VALUES ('9589', '0', '71047', '0', '-1', '-1', '0', '0');
INSERT IGNORE INTO `merchant_buylists` VALUES ('9590', '0', '71047', '1', '-1', '-1', '0', '0');
INSERT IGNORE INTO `merchant_buylists` VALUES ('9591', '0', '71047', '2', '-1', '-1', '0', '0');
INSERT IGNORE INTO `merchant_buylists` VALUES ('9592', '0', '71047', '3', '-1', '-1', '0', '0');
INSERT IGNORE INTO `merchant_buylists` VALUES ('9605', '0', '71047', '4', '-1', '-1', '0', '0');
INSERT IGNORE INTO `merchant_buylists` VALUES ('9606', '0', '71047', '5', '-1', '-1', '0', '0');
INSERT IGNORE INTO `merchant_buylists` VALUES ('9607', '0', '71047', '6', '-1', '-1', '0', '0');
INSERT IGNORE INTO `merchant_buylists` VALUES ('9608', '0', '71047', '7', '-1', '-1', '0', '0');
INSERT IGNORE INTO `merchant_buylists` VALUES ('9609', '0', '71047', '8', '-1', '-1', '0', '0');
INSERT IGNORE INTO `merchant_buylists` VALUES ('9610', '0', '71047', '9', '-1', '-1', '0', '0');
INSERT IGNORE INTO `merchant_buylists` VALUES ('9611', '0', '71047', '10', '-1', '-1', '0', '0');
INSERT IGNORE INTO `merchant_buylists` VALUES ('9612', '0', '71047', '11', '-1', '-1', '0', '0');
INSERT IGNORE INTO `merchant_buylists` VALUES ('9613', '0', '71047', '12', '-1', '-1', '0', '0');
INSERT IGNORE INTO `merchant_buylists` VALUES ('9614', '0', '71047', '13', '-1', '-1', '0', '0');
INSERT IGNORE INTO `merchant_buylists` VALUES ('9615', '0', '71047', '14', '-1', '-1', '0', '0');
INSERT IGNORE INTO `merchant_buylists` VALUES ('10139', '0', '71047', '15', '-1', '-1', '0', '0');
INSERT IGNORE INTO `merchant_buylists` VALUES ('10018', '0', '71047', '16', '-1', '-1', '0', '0');
INSERT IGNORE INTO `merchant_buylists` VALUES ('9909', '0', '71047', '17', '-1', '-1', '0', '0');
INSERT IGNORE INTO `merchant_buylists` VALUES ('10209', '0', '71047', '18', '-1', '-1', '0', '0');
INSERT IGNORE INTO `merchant_buylists` VALUES ('10210', '0', '71047', '19', '-1', '-1', '0', '0');
INSERT IGNORE INTO `merchant_buylists` VALUES ('10273', '0', '71047', '20', '-1', '-1', '0', '0');
INSERT IGNORE INTO `merchant_buylists` VALUES ('10607', '0', '71047', '21', '-1', '-1', '0', '0');
INSERT IGNORE INTO `merchant_buylists` VALUES ('10316', '0', '71047', '22', '-1', '-1', '0', '0');
INSERT IGNORE INTO `merchant_buylists` VALUES ('10317', '0', '71047', '23', '-1', '-1', '0', '0');
INSERT IGNORE INTO `merchant_buylists` VALUES ('10318', '0', '71047', '24', '-1', '-1', '0', '0');
INSERT IGNORE INTO `merchant_buylists` VALUES ('10319', '0', '71047', '25', '-1', '-1', '0', '0');
INSERT IGNORE INTO `merchant_buylists` VALUES ('10320', '0', '71047', '26', '-1', '-1', '0', '0');
INSERT IGNORE INTO `merchant_buylists` VALUES ('10322', '0', '71047', '27', '-1', '-1', '0', '0');
INSERT IGNORE INTO `merchant_buylists` VALUES ('10323', '0', '71047', '28', '-1', '-1', '0', '0');
INSERT IGNORE INTO `merchant_buylists` VALUES ('10324', '0', '71047', '29', '-1', '-1', '0', '0');
INSERT IGNORE INTO `merchant_buylists` VALUES ('10325', '0', '71047', '30', '-1', '-1', '0', '0');
INSERT IGNORE INTO `merchant_buylists` VALUES ('10326', '0', '71047', '31', '-1', '-1', '0', '0');
INSERT IGNORE INTO `merchant_buylists` VALUES ('10606', '0', '71047', '32', '-1', '-1', '0', '0');
INSERT IGNORE INTO `merchant_buylists` VALUES ('9899', '0', '71048', '0', '-1', '-1', '0', '0');
INSERT IGNORE INTO `merchant_buylists` VALUES ('9900', '0', '71048', '1', '-1', '-1', '0', '0');
INSERT IGNORE INTO `merchant_buylists` VALUES ('9677', '0', '71048', '2', '-1', '-1', '0', '0');
INSERT IGNORE INTO `merchant_buylists` VALUES ('10140', '0', '71048', '3', '-1', '-1', '0', '0');
INSERT IGNORE INTO `merchant_buylists` VALUES ('10211', '0', '71048', '4', '-1', '-1', '0', '0');
INSERT IGNORE INTO `merchant_buylists` VALUES ('10611', '0', '71048', '5', '-1', '-1', '0', '0');
INSERT IGNORE INTO `merchant_buylists` VALUES ('9914', '0', '71049', '1', '-1', '-1', '0', '0');
INSERT IGNORE INTO `merchant_buylists` VALUES ('9915', '0', '71049', '2', '-1', '-1', '0', '0');
INSERT IGNORE INTO `merchant_buylists` VALUES ('9916', '0', '71049', '3', '-1', '-1', '0', '0');
INSERT IGNORE INTO `merchant_buylists` VALUES ('9917', '0', '71049', '4', '-1', '-1', '0', '0');
INSERT IGNORE INTO `merchant_buylists` VALUES ('9918', '0', '71049', '5', '-1', '-1', '0', '0');
INSERT IGNORE INTO `merchant_buylists` VALUES ('9919', '0', '71049', '6', '-1', '-1', '0', '0');
INSERT IGNORE INTO `merchant_buylists` VALUES ('9920', '0', '71049', '7', '-1', '-1', '0', '0');
INSERT IGNORE INTO `merchant_buylists` VALUES ('9921', '0', '71049', '8', '-1', '-1', '0', '0');
INSERT IGNORE INTO `merchant_buylists` VALUES ('9922', '0', '71049', '9', '-1', '-1', '0', '0');
INSERT IGNORE INTO `merchant_buylists` VALUES ('9923', '0', '71049', '10', '-1', '-1', '0', '0');
INSERT IGNORE INTO `merchant_buylists` VALUES ('9924', '0', '71049', '11', '-1', '-1', '0', '0');
INSERT IGNORE INTO `merchant_buylists` VALUES ('9925', '0', '71049', '12', '-1', '-1', '0', '0');
INSERT IGNORE INTO `merchant_buylists` VALUES ('9926', '0', '71049', '13', '-1', '-1', '0', '0');
INSERT IGNORE INTO `merchant_buylists` VALUES ('9927', '0', '71049', '14', '-1', '-1', '0', '0');
INSERT IGNORE INTO `merchant_buylists` VALUES ('9928', '0', '71049', '15', '-1', '-1', '0', '0');
INSERT IGNORE INTO `merchant_buylists` VALUES ('9929', '0', '71049', '16', '-1', '-1', '0', '0');
INSERT IGNORE INTO `merchant_buylists` VALUES ('9930', '0', '71049', '17', '-1', '-1', '0', '0');
INSERT IGNORE INTO `merchant_buylists` VALUES ('9931', '0', '71049', '18', '-1', '-1', '0', '0');
INSERT IGNORE INTO `merchant_buylists` VALUES ('9932', '0', '71049', '19', '-1', '-1', '0', '0');
INSERT IGNORE INTO `merchant_buylists` VALUES ('9933', '0', '71049', '20', '-1', '-1', '0', '0');
INSERT IGNORE INTO `merchant_buylists` VALUES ('9934', '0', '71049', '21', '-1', '-1', '0', '0');
INSERT IGNORE INTO `merchant_buylists` VALUES ('9935', '0', '71049', '22', '-1', '-1', '0', '0');
INSERT IGNORE INTO `merchant_buylists` VALUES ('9936', '0', '71049', '23', '-1', '-1', '0', '0');
INSERT IGNORE INTO `merchant_buylists` VALUES ('9937', '0', '71049', '24', '-1', '-1', '0', '0');
INSERT IGNORE INTO `merchant_buylists` VALUES ('9938', '0', '71049', '25', '-1', '-1', '0', '0');
INSERT IGNORE INTO `merchant_buylists` VALUES ('9939', '0', '71049', '26', '-1', '-1', '0', '0');
INSERT IGNORE INTO `merchant_buylists` VALUES ('9940', '0', '71049', '27', '-1', '-1', '0', '0');
INSERT IGNORE INTO `merchant_buylists` VALUES ('9941', '0', '71049', '28', '-1', '-1', '0', '0');
INSERT IGNORE INTO `merchant_buylists` VALUES ('9942', '0', '71049', '29', '-1', '-1', '0', '0');
INSERT IGNORE INTO `merchant_buylists` VALUES ('9943', '0', '71049', '30', '-1', '-1', '0', '0');
INSERT IGNORE INTO `merchant_buylists` VALUES ('9944', '0', '71049', '31', '-1', '-1', '0', '0');
INSERT IGNORE INTO `merchant_buylists` VALUES ('9945', '0', '71049', '32', '-1', '-1', '0', '0');
INSERT IGNORE INTO `merchant_buylists` VALUES ('9946', '0', '71049', '33', '-1', '-1', '0', '0');
INSERT IGNORE INTO `merchant_buylists` VALUES ('9947', '0', '71049', '34', '-1', '-1', '0', '0');
INSERT IGNORE INTO `merchant_buylists` VALUES ('9948', '0', '71049', '35', '-1', '-1', '0', '0');
INSERT IGNORE INTO `merchant_buylists` VALUES ('9949', '0', '71049', '36', '-1', '-1', '0', '0');
INSERT IGNORE INTO `merchant_buylists` VALUES ('9950', '0', '71049', '37', '-1', '-1', '0', '0');
INSERT IGNORE INTO `merchant_buylists` VALUES ('9951', '0', '71049', '38', '-1', '-1', '0', '0');
INSERT IGNORE INTO `merchant_buylists` VALUES ('9952', '0', '71049', '39', '-1', '-1', '0', '0');
INSERT IGNORE INTO `merchant_buylists` VALUES ('9953', '0', '71049', '40', '-1', '-1', '0', '0');
INSERT IGNORE INTO `merchant_buylists` VALUES ('9954', '0', '71049', '41', '-1', '-1', '0', '0');
INSERT IGNORE INTO `merchant_buylists` VALUES ('9955', '0', '71049', '42', '-1', '-1', '0', '0');
INSERT IGNORE INTO `merchant_buylists` VALUES ('9956', '0', '71049', '43', '-1', '-1', '0', '0');
INSERT IGNORE INTO `merchant_buylists` VALUES ('9957', '0', '71049', '44', '-1', '-1', '0', '0');
INSERT IGNORE INTO `merchant_buylists` VALUES ('9958', '0', '71049', '45', '-1', '-1', '0', '0');
INSERT IGNORE INTO `merchant_buylists` VALUES ('9959', '0', '71049', '46', '-1', '-1', '0', '0');
INSERT IGNORE INTO `merchant_buylists` VALUES ('9960', '0', '71049', '47', '-1', '-1', '0', '0');
INSERT IGNORE INTO `merchant_buylists` VALUES ('9961', '0', '71049', '48', '-1', '-1', '0', '0');
INSERT IGNORE INTO `merchant_buylists` VALUES ('9962', '0', '71049', '49', '-1', '-1', '0', '0');
INSERT IGNORE INTO `merchant_buylists` VALUES ('9963', '0', '71049', '50', '-1', '-1', '0', '0');
INSERT IGNORE INTO `merchant_buylists` VALUES ('9964', '0', '71049', '51', '-1', '-1', '0', '0');
INSERT IGNORE INTO `merchant_buylists` VALUES ('9965', '0', '71049', '52', '-1', '-1', '0', '0');
INSERT IGNORE INTO `merchant_buylists` VALUES ('9966', '0', '71049', '53', '-1', '-1', '0', '0');
INSERT IGNORE INTO `merchant_buylists` VALUES ('10416', '0', '71049', '54', '-1', '-1', '0', '0');
INSERT IGNORE INTO `merchant_buylists` VALUES ('10417', '0', '71049', '55', '-1', '-1', '0', '0');
INSERT IGNORE INTO `merchant_buylists` VALUES ('10418', '0', '71049', '56', '-1', '-1', '0', '0');
INSERT IGNORE INTO `merchant_buylists` VALUES ('10419', '0', '71049', '57', '-1', '-1', '0', '0');
INSERT IGNORE INTO `merchant_buylists` VALUES ('10420', '0', '71049', '58', '-1', '-1', '0', '0');
INSERT IGNORE INTO `merchant_buylists` VALUES ('10421', '0', '71049', '59', '-1', '-1', '0', '0');
INSERT IGNORE INTO `merchant_buylists` VALUES ('10422', '0', '71049', '60', '-1', '-1', '0', '0');
INSERT IGNORE INTO `merchant_buylists` VALUES ('10423', '0', '71049', '61', '-1', '-1', '0', '0');
INSERT IGNORE INTO `merchant_buylists` VALUES ('10424', '0', '71049', '62', '-1', '-1', '0', '0');
INSERT IGNORE INTO `merchant_buylists` VALUES ('10518', '0', '71049', '63', '-1', '-1', '0', '0');
INSERT IGNORE INTO `merchant_buylists` VALUES ('10519', '0', '71049', '64', '-1', '-1', '0', '0');
INSERT IGNORE INTO `merchant_buylists` VALUES ('10533', '0', '71049', '65', '-1', '-1', '0', '0');
INSERT IGNORE INTO `merchant_buylists` VALUES ('10534', '0', '71049', '66', '-1', '-1', '0', '0');
INSERT IGNORE INTO `merchant_buylists` VALUES ('10535', '0', '71049', '67', '-1', '-1', '0', '0');
INSERT IGNORE INTO `merchant_buylists` VALUES ('10536', '0', '71049', '68', '-1', '-1', '0', '0');
INSERT IGNORE INTO `merchant_buylists` VALUES ('10537', '0', '71049', '69', '-1', '-1', '0', '0');
INSERT IGNORE INTO `merchant_buylists` VALUES ('10538', '0', '71049', '70', '-1', '-1', '0', '0');
INSERT IGNORE INTO `merchant_buylists` VALUES ('10539', '0', '71049', '71', '-1', '-1', '0', '0');
INSERT IGNORE INTO `merchant_buylists` VALUES ('10540', '0', '71049', '72', '-1', '-1', '0', '0');
INSERT IGNORE INTO `merchant_buylists` VALUES ('10541', '0', '71049', '73', '-1', '-1', '0', '0');
INSERT IGNORE INTO `merchant_buylists` VALUES ('10542', '0', '71049', '74', '-1', '-1', '0', '0');
INSERT IGNORE INTO `merchant_buylists` VALUES ('10543', '0', '71049', '75', '-1', '-1', '0', '0');
INSERT IGNORE INTO `merchant_buylists` VALUES ('9391', '0', '71050', '1', '-1', '-1', '0', '0');
INSERT IGNORE INTO `merchant_buylists` VALUES ('9392', '0', '71050', '2', '-1', '-1', '0', '0');
INSERT IGNORE INTO `merchant_buylists` VALUES ('9393', '0', '71050', '3', '-1', '-1', '0', '0');
INSERT IGNORE INTO `merchant_buylists` VALUES ('9394', '0', '71050', '4', '-1', '-1', '0', '0');
INSERT IGNORE INTO `merchant_buylists` VALUES ('9395', '0', '71050', '5', '-1', '-1', '0', '0');
INSERT IGNORE INTO `merchant_buylists` VALUES ('9396', '0', '71050', '6', '-1', '-1', '0', '0');
INSERT IGNORE INTO `merchant_buylists` VALUES ('9397', '0', '71050', '7', '-1', '-1', '0', '0');
INSERT IGNORE INTO `merchant_buylists` VALUES ('9398', '0', '71050', '8', '-1', '-1', '0', '0');
INSERT IGNORE INTO `merchant_buylists` VALUES ('9399', '0', '71050', '9', '-1', '-1', '0', '0');
INSERT IGNORE INTO `merchant_buylists` VALUES ('9400', '0', '71050', '10', '-1', '-1', '0', '0');
INSERT IGNORE INTO `merchant_buylists` VALUES ('9401', '0', '71050', '11', '-1', '-1', '0', '0');
INSERT IGNORE INTO `merchant_buylists` VALUES ('9402', '0', '71050', '12', '-1', '-1', '0', '0');
INSERT IGNORE INTO `merchant_buylists` VALUES ('9403', '0', '71050', '13', '-1', '-1', '0', '0');
INSERT IGNORE INTO `merchant_buylists` VALUES ('9404', '0', '71050', '14', '-1', '-1', '0', '0');
INSERT IGNORE INTO `merchant_buylists` VALUES ('9405', '0', '71050', '15', '-1', '-1', '0', '0');
INSERT IGNORE INTO `merchant_buylists` VALUES ('9406', '0', '71050', '16', '-1', '-1', '0', '0');
INSERT IGNORE INTO `merchant_buylists` VALUES ('9407', '0', '71050', '17', '-1', '-1', '0', '0');
INSERT IGNORE INTO `merchant_buylists` VALUES ('9408', '0', '71050', '18', '-1', '-1', '0', '0');
INSERT IGNORE INTO `merchant_buylists` VALUES ('9409', '0', '71050', '19', '-1', '-1', '0', '0');
INSERT IGNORE INTO `merchant_buylists` VALUES ('9410', '0', '71050', '20', '-1', '-1', '0', '0');
INSERT IGNORE INTO `merchant_buylists` VALUES ('9411', '0', '71050', '21', '-1', '-1', '0', '0');
INSERT IGNORE INTO `merchant_buylists` VALUES ('9412', '0', '71050', '22', '-1', '-1', '0', '0');
INSERT IGNORE INTO `merchant_buylists` VALUES ('9413', '0', '71050', '23', '-1', '-1', '0', '0');
INSERT IGNORE INTO `merchant_buylists` VALUES ('9414', '0', '71050', '24', '-1', '-1', '0', '0');
INSERT IGNORE INTO `merchant_buylists` VALUES ('9415', '0', '71050', '25', '-1', '-1', '0', '0');
INSERT IGNORE INTO `merchant_buylists` VALUES ('10169', '0', '71050', '26', '-1', '-1', '0', '0');
INSERT IGNORE INTO `merchant_buylists` VALUES ('10175', '0', '71050', '27', '-1', '-1', '0', '0');
INSERT IGNORE INTO `merchant_buylists` VALUES ('10176', '0', '71050', '28', '-1', '-1', '0', '0');
INSERT IGNORE INTO `merchant_buylists` VALUES ('10177', '0', '71050', '29', '-1', '-1', '0', '0');
INSERT IGNORE INTO `merchant_buylists` VALUES ('10240', '0', '71050', '30', '-1', '-1', '0', '0');
INSERT IGNORE INTO `merchant_buylists` VALUES ('10241', '0', '71050', '31', '-1', '-1', '0', '0');
INSERT IGNORE INTO `merchant_buylists` VALUES ('10242', '0', '71050', '32', '-1', '-1', '0', '0');
INSERT IGNORE INTO `merchant_buylists` VALUES ('10243', '0', '71050', '33', '-1', '-1', '0', '0');
INSERT IGNORE INTO `merchant_buylists` VALUES ('10244', '0', '71050', '34', '-1', '-1', '0', '0');
INSERT IGNORE INTO `merchant_buylists` VALUES ('10245', '0', '71050', '35', '-1', '-1', '0', '0');
INSERT IGNORE INTO `merchant_buylists` VALUES ('10246', '0', '71050', '36', '-1', '-1', '0', '0');
INSERT IGNORE INTO `merchant_buylists` VALUES ('10247', '0', '71050', '37', '-1', '-1', '0', '0');
INSERT IGNORE INTO `merchant_buylists` VALUES ('10248', '0', '71050', '38', '-1', '-1', '0', '0');
INSERT IGNORE INTO `merchant_buylists` VALUES ('10249', '0', '71050', '39', '-1', '-1', '0', '0');
INSERT IGNORE INTO `merchant_buylists` VALUES ('10250', '0', '71050', '40', '-1', '-1', '0', '0');
INSERT IGNORE INTO `merchant_buylists` VALUES ('10251', '0', '71050', '41', '-1', '-1', '0', '0');
INSERT IGNORE INTO `merchant_buylists` VALUES ('10613', '0', '71050', '42', '-1', '-1', '0', '0');
INSERT IGNORE INTO `merchant_buylists` VALUES ('10614', '0', '71050', '43', '-1', '-1', '0', '0');
INSERT IGNORE INTO `merchant_buylists` VALUES ('10615', '0', '71050', '44', '-1', '-1', '0', '0');
INSERT IGNORE INTO `merchant_buylists` VALUES ('10616', '0', '71050', '45', '-1', '-1', '0', '0');
INSERT IGNORE INTO `merchant_buylists` VALUES ('10617', '0', '71050', '46', '-1', '-1', '0', '0');
INSERT IGNORE INTO `merchant_buylists` VALUES ('10618', '0', '71050', '47', '-1', '-1', '0', '0');
INSERT IGNORE INTO `merchant_buylists` VALUES ('10619', '0', '71050', '48', '-1', '-1', '0', '0');
INSERT IGNORE INTO `merchant_buylists` VALUES ('10277', '0', '71051', '0', '-1', '-1', '0', '0');
INSERT IGNORE INTO `merchant_buylists` VALUES ('10278', '0', '71051', '1', '-1', '-1', '0', '0');
INSERT IGNORE INTO `merchant_buylists` VALUES ('10491', '0', '71052', '0', '-1', '-1', '0', '0');
INSERT IGNORE INTO `merchant_buylists` VALUES ('10492', '0', '71052', '1', '-1', '-1', '0', '0');
INSERT IGNORE INTO `merchant_buylists` VALUES ('10493', '0', '71052', '2', '-1', '-1', '0', '0');
INSERT IGNORE INTO `merchant_buylists` VALUES ('10494', '0', '71052', '3', '-1', '-1', '0', '0');
INSERT IGNORE INTO `merchant_buylists` VALUES ('10495', '0', '71052', '4', '-1', '-1', '0', '0');
INSERT IGNORE INTO `merchant_buylists` VALUES ('10496', '0', '71052', '5', '-1', '-1', '0', '0');
INSERT IGNORE INTO `merchant_buylists` VALUES ('10497', '0', '71052', '6', '-1', '-1', '0', '0');
INSERT IGNORE INTO `merchant_buylists` VALUES ('10498', '0', '71052', '7', '-1', '-1', '0', '0');
INSERT IGNORE INTO `merchant_buylists` VALUES ('10499', '0', '71052', '8', '-1', '-1', '0', '0');
INSERT IGNORE INTO `merchant_buylists` VALUES ('10500', '0', '71052', '9', '-1', '-1', '0', '0');
INSERT IGNORE INTO `merchant_buylists` VALUES ('10501', '0', '71052', '10', '-1', '-1', '0', '0');
INSERT IGNORE INTO `merchant_buylists` VALUES ('10502', '0', '71052', '11', '-1', '-1', '0', '0');
INSERT IGNORE INTO `merchant_buylists` VALUES ('10503', '0', '71052', '12', '-1', '-1', '0', '0');
INSERT IGNORE INTO `merchant_buylists` VALUES ('10504', '0', '71052', '13', '-1', '-1', '0', '0');
INSERT IGNORE INTO `merchant_buylists` VALUES ('10505', '0', '71052', '14', '-1', '-1', '0', '0');
INSERT IGNORE INTO `merchant_buylists` VALUES ('10506', '0', '71052', '15', '-1', '-1', '0', '0');
INSERT IGNORE INTO `merchant_buylists` VALUES ('10507', '0', '71052', '16', '-1', '-1', '0', '0');
INSERT IGNORE INTO `merchant_buylists` VALUES ('10508', '0', '71052', '17', '-1', '-1', '0', '0');
INSERT IGNORE INTO `merchant_buylists` VALUES ('10509', '0', '71052', '18', '-1', '-1', '0', '0');
INSERT IGNORE INTO `merchant_buylists` VALUES ('10510', '0', '71052', '19', '-1', '-1', '0', '0');
INSERT IGNORE INTO `merchant_buylists` VALUES ('10511', '0', '71052', '20', '-1', '-1', '0', '0');
INSERT IGNORE INTO `merchant_buylists` VALUES ('10512', '0', '71052', '21', '-1', '-1', '0', '0');
INSERT IGNORE INTO `merchant_buylists` VALUES ('10513', '0', '71052', '22', '-1', '-1', '0', '0');
INSERT IGNORE INTO `merchant_buylists` VALUES ('10514', '0', '71052', '23', '-1', '-1', '0', '0');
INSERT IGNORE INTO `merchant_buylists` VALUES ('10549', '0', '71053', '0', '-1', '-1', '0', '0');
INSERT IGNORE INTO `merchant_buylists` VALUES ('10550', '0', '71053', '1', '-1', '-1', '0', '0');
INSERT IGNORE INTO `merchant_buylists` VALUES ('10551', '0', '71053', '2', '-1', '-1', '0', '0');
INSERT IGNORE INTO `merchant_buylists` VALUES ('10552', '0', '71053', '3', '-1', '-1', '0', '0');
INSERT IGNORE INTO `merchant_buylists` VALUES ('10553', '0', '71053', '4', '-1', '-1', '0', '0');
INSERT IGNORE INTO `merchant_buylists` VALUES ('10554', '0', '71053', '5', '-1', '-1', '0', '0');
INSERT IGNORE INTO `merchant_buylists` VALUES ('10555', '0', '71053', '6', '-1', '-1', '0', '0');
INSERT IGNORE INTO `merchant_buylists` VALUES ('10556', '0', '71053', '7', '-1', '-1', '0', '0');
INSERT IGNORE INTO `merchant_buylists` VALUES ('10557', '0', '71053', '8', '-1', '-1', '0', '0');
INSERT IGNORE INTO `merchant_buylists` VALUES ('10558', '0', '71053', '9', '-1', '-1', '0', '0');
INSERT IGNORE INTO `merchant_buylists` VALUES ('10559', '0', '71053', '10', '-1', '-1', '0', '0');
INSERT IGNORE INTO `merchant_buylists` VALUES ('10560', '0', '71053', '11', '-1', '-1', '0', '0');
INSERT IGNORE INTO `merchant_buylists` VALUES ('10561', '0', '71053', '12', '-1', '-1', '0', '0');
INSERT IGNORE INTO `merchant_buylists` VALUES ('10562', '0', '71053', '13', '-1', '-1', '0', '0');
INSERT IGNORE INTO `merchant_buylists` VALUES ('10563', '0', '71053', '14', '-1', '-1', '0', '0');
INSERT IGNORE INTO `merchant_buylists` VALUES ('10564', '0', '71053', '15', '-1', '-1', '0', '0');
INSERT IGNORE INTO `merchant_buylists` VALUES ('10565', '0', '71053', '16', '-1', '-1', '0', '0');
INSERT IGNORE INTO `merchant_buylists` VALUES ('10566', '0', '71053', '17', '-1', '-1', '0', '0');
INSERT IGNORE INTO `merchant_buylists` VALUES ('10567', '0', '71053', '18', '-1', '-1', '0', '0');
INSERT IGNORE INTO `merchant_buylists` VALUES ('10568', '0', '71053', '19', '-1', '-1', '0', '0');
INSERT IGNORE INTO `merchant_buylists` VALUES ('10569', '0', '71053', '20', '-1', '-1', '0', '0');
INSERT IGNORE INTO `merchant_buylists` VALUES ('10570', '0', '71053', '21', '-1', '-1', '0', '0');
INSERT IGNORE INTO `merchant_buylists` VALUES ('10571', '0', '71053', '22', '-1', '-1', '0', '0');
INSERT IGNORE INTO `merchant_buylists` VALUES ('10572', '0', '71053', '23', '-1', '-1', '0', '0');
INSERT IGNORE INTO `merchant_buylists` VALUES ('10573', '0', '71053', '24', '-1', '-1', '0', '0');
INSERT IGNORE INTO `merchant_buylists` VALUES ('10574', '0', '71053', '25', '-1', '-1', '0', '0');
INSERT IGNORE INTO `merchant_buylists` VALUES ('10575', '0', '71053', '26', '-1', '-1', '0', '0');
INSERT IGNORE INTO `merchant_buylists` VALUES ('10576', '0', '71053', '27', '-1', '-1', '0', '0');
INSERT IGNORE INTO `merchant_buylists` VALUES ('10577', '0', '71053', '28', '-1', '-1', '0', '0');
INSERT IGNORE INTO `merchant_buylists` VALUES ('10578', '0', '71053', '29', '-1', '-1', '0', '0');
INSERT IGNORE INTO `merchant_buylists` VALUES ('10579', '0', '71053', '30', '-1', '-1', '0', '0');
INSERT IGNORE INTO `merchant_buylists` VALUES ('10580', '0', '71053', '31', '-1', '-1', '0', '0');
INSERT IGNORE INTO `merchant_buylists` VALUES ('10581', '0', '71053', '32', '-1', '-1', '0', '0');
INSERT IGNORE INTO `merchant_buylists` VALUES ('10582', '0', '71053', '33', '-1', '-1', '0', '0');
INSERT IGNORE INTO `merchant_buylists` VALUES ('10583', '0', '71053', '34', '-1', '-1', '0', '0');
INSERT IGNORE INTO `merchant_buylists` VALUES ('10584', '0', '71053', '35', '-1', '-1', '0', '0');
INSERT IGNORE INTO `merchant_buylists` VALUES ('10585', '0', '71053', '36', '-1', '-1', '0', '0');
INSERT IGNORE INTO `merchant_buylists` VALUES ('10586', '0', '71053', '37', '-1', '-1', '0', '0');
INSERT IGNORE INTO `merchant_buylists` VALUES ('10587', '0', '71053', '38', '-1', '-1', '0', '0');
INSERT IGNORE INTO `merchant_buylists` VALUES ('10588', '0', '71053', '39', '-1', '-1', '0', '0');
INSERT IGNORE INTO `merchant_buylists` VALUES ('10589', '0', '71053', '40', '-1', '-1', '0', '0');
INSERT IGNORE INTO `merchant_buylists` VALUES ('10590', '0', '71053', '41', '-1', '-1', '0', '0');
INSERT IGNORE INTO `merchant_buylists` VALUES ('10591', '0', '71053', '42', '-1', '-1', '0', '0');
INSERT IGNORE INTO `merchant_buylists` VALUES ('10592', '0', '71053', '43', '-1', '-1', '0', '0');
INSERT IGNORE INTO `merchant_buylists` VALUES ('10593', '0', '71053', '44', '-1', '-1', '0', '0');
INSERT IGNORE INTO `merchant_buylists` VALUES ('10594', '0', '71053', '45', '-1', '-1', '0', '0');
INSERT IGNORE INTO `merchant_buylists` VALUES ('10595', '0', '71053', '46', '-1', '-1', '0', '0');
INSERT IGNORE INTO `merchant_buylists` VALUES ('10409', '0', '71054', '0', '-1', '-1', '0', '0');
INSERT IGNORE INTO `merchant_buylists` VALUES ('10410', '0', '71054', '1', '-1', '-1', '0', '0');
INSERT IGNORE INTO `merchant_buylists` VALUES ('10411', '0', '71054', '2', '-1', '-1', '0', '0');
INSERT IGNORE INTO `merchant_buylists` VALUES ('10412', '0', '71054', '3', '-1', '-1', '0', '0');
INSERT IGNORE INTO `merchant_buylists` VALUES ('10413', '0', '71054', '4', '-1', '-1', '0', '0');
INSERT IGNORE INTO `merchant_buylists` VALUES ('10427', '0', '71054', '5', '-1', '-1', '0', '0');
INSERT IGNORE INTO `merchant_buylists` VALUES ('10428', '0', '71054', '6', '-1', '-1', '0', '0');
INSERT IGNORE INTO `merchant_buylists` VALUES ('10429', '0', '71054', '7', '-1', '-1', '0', '0');
INSERT IGNORE INTO `merchant_buylists` VALUES ('10430', '0', '71054', '8', '-1', '-1', '0', '0');
INSERT IGNORE INTO `merchant_buylists` VALUES ('10431', '0', '71054', '9', '-1', '-1', '0', '0');
INSERT IGNORE INTO `merchant_buylists` VALUES ('10480', '0', '71054', '12', '-1', '-1', '0', '0');
INSERT IGNORE INTO `merchant_buylists` VALUES ('10481', '0', '71054', '13', '-1', '-1', '0', '0');
INSERT IGNORE INTO `merchant_buylists` VALUES ('10482', '0', '71054', '14', '-1', '-1', '0', '0');
INSERT IGNORE INTO `merchant_buylists` VALUES ('10483', '0', '71054', '15', '-1', '-1', '0', '0');
INSERT IGNORE INTO `merchant_buylists` VALUES ('10484', '0', '71054', '16', '-1', '-1', '0', '0');
INSERT IGNORE INTO `merchant_buylists` VALUES ('10485', '0', '71054', '17', '-1', '-1', '0', '0');
INSERT IGNORE INTO `merchant_buylists` VALUES ('10486', '0', '71054', '18', '-1', '-1', '0', '0');
INSERT IGNORE INTO `merchant_buylists` VALUES ('10612', '0', '71054', '19', '-1', '-1', '0', '0');
INSERT IGNORE INTO `merchant_buylists` VALUES ('10280', '0', '71054', '20', '-1', '-1', '0', '0');
INSERT IGNORE INTO `merchant_buylists` VALUES ('10281', '0', '71054', '21', '-1', '-1', '0', '0');
INSERT IGNORE INTO `merchant_buylists` VALUES ('10282', '0', '71054', '22', '-1', '-1', '0', '0');
INSERT IGNORE INTO `merchant_buylists` VALUES ('10283', '0', '71054', '23', '-1', '-1', '0', '0');
INSERT IGNORE INTO `merchant_buylists` VALUES ('10284', '0', '71054', '24', '-1', '-1', '0', '0');
INSERT IGNORE INTO `merchant_buylists` VALUES ('10285', '0', '71054', '25', '-1', '-1', '0', '0');
INSERT IGNORE INTO `merchant_buylists` VALUES ('10286', '0', '71054', '26', '-1', '-1', '0', '0');
INSERT IGNORE INTO `merchant_buylists` VALUES ('10287', '0', '71054', '27', '-1', '-1', '0', '0');
INSERT IGNORE INTO `merchant_buylists` VALUES ('10632', '0', '71054', '28', '-1', '-1', '0', '0');
INSERT IGNORE INTO `merchant_buylists` VALUES ('10608', '0', '71054', '29', '-1', '-1', '0', '0');
INSERT IGNORE INTO `merchant_buylists` VALUES ('10609', '0', '71054', '30', '-1', '-1', '0', '0');
INSERT IGNORE INTO `merchant_buylists` VALUES ('10610', '0', '71054', '31', '-1', '-1', '0', '0');
INSERT IGNORE INTO `merchant_buylists` VALUES ('10640', '0', '71054', '32', '-1', '-1', '0', '0');
INSERT IGNORE INTO `merchant_buylists` VALUES ('10641', '0', '71054', '33', '-1', '-1', '0', '0');
INSERT IGNORE INTO `merchant_buylists` VALUES ('10521', '0', '71054', '34', '-1', '-1', '0', '0');
INSERT IGNORE INTO `merchant_buylists` VALUES ('10522', '0', '71054', '35', '-1', '-1', '0', '0');
INSERT IGNORE INTO `merchant_buylists` VALUES ('10523', '0', '71054', '36', '-1', '-1', '0', '0');
INSERT IGNORE INTO `merchant_buylists` VALUES ('10524', '0', '71054', '37', '-1', '-1', '0', '0');
INSERT IGNORE INTO `merchant_buylists` VALUES ('10525', '0', '71054', '38', '-1', '-1', '0', '0');
INSERT IGNORE INTO `merchant_buylists` VALUES ('10526', '0', '71054', '39', '-1', '-1', '0', '0');


/************ 增加GM商店 ************/
INSERT IGNORE INTO `merchant_shopids` VALUES ('71040', 'gm');
INSERT IGNORE INTO `merchant_shopids` VALUES ('71041', 'gm');
INSERT IGNORE INTO `merchant_shopids` VALUES ('71042', 'gm');
INSERT IGNORE INTO `merchant_shopids` VALUES ('71043', 'gm');
INSERT IGNORE INTO `merchant_shopids` VALUES ('71044', 'gm');
INSERT IGNORE INTO `merchant_shopids` VALUES ('71045', 'gm');
INSERT IGNORE INTO `merchant_shopids` VALUES ('71046', 'gm');
INSERT IGNORE INTO `merchant_shopids` VALUES ('71047', 'gm');
INSERT IGNORE INTO `merchant_shopids` VALUES ('71048', 'gm');
INSERT IGNORE INTO `merchant_shopids` VALUES ('71049', 'gm');
INSERT IGNORE INTO `merchant_shopids` VALUES ('71050', 'gm');
INSERT IGNORE INTO `merchant_shopids` VALUES ('71051', 'gm');
INSERT IGNORE INTO `merchant_shopids` VALUES ('71052', 'gm');
INSERT IGNORE INTO `merchant_shopids` VALUES ('71053', 'gm');
INSERT IGNORE INTO `merchant_shopids` VALUES ('71054', 'gm');


/************ 修正商店地區 ************/
INSERT IGNORE INTO `merchants` VALUES ('1032164', '1');
INSERT IGNORE INTO `merchants` VALUES ('1032165', '1');
INSERT IGNORE INTO `merchants` VALUES ('1032166', '1');
INSERT IGNORE INTO `merchants` VALUES ('1032167', '1');
INSERT IGNORE INTO `merchants` VALUES ('1032168', '1');
INSERT IGNORE INTO `merchants` VALUES ('1032169', '1');


/************ 增加狩獵首領 ************/
INSERT IGNORE INTO `raidboss_spawnlist` VALUES ('25296', '1', '158322', '-121064', '-2231', '0', '43200', '129600', '0', '248996', '3718');
INSERT IGNORE INTO `raidboss_spawnlist` VALUES ('25523', '1', '168641', '-60417', '-3888', '0', '43200', '129600', '0', '750000', '9999');


/************ 增加職業技能 ************/
INSERT IGNORE INTO `skill_trees` VALUES ('57', '828', '1', 'Case Harden', '46000', '46');
INSERT IGNORE INTO `skill_trees` VALUES ('57', '829', '1', 'Hard Tanning', '46000', '46');
INSERT IGNORE INTO `skill_trees` VALUES ('57', '830', '1', 'Embroider', '46000', '46');
INSERT IGNORE INTO `skill_trees` VALUES ('57', '825', '1', 'Sharp Edge', '61000', '49');
INSERT IGNORE INTO `skill_trees` VALUES ('57', '826', '1', 'Spike', '61000', '49');
INSERT IGNORE INTO `skill_trees` VALUES ('57', '827', '1', 'Restring', '61000', '49');
INSERT IGNORE INTO `skill_trees` VALUES ('128', '1446', '2', 'Shadow Bind', '141000', '55');
INSERT IGNORE INTO `skill_trees` VALUES ('128', '1446', '3', 'Shadow Bind', '169000', '58');
INSERT IGNORE INTO `skill_trees` VALUES ('128', '1446', '4', 'Shadow Bind', '181000', '60');
INSERT IGNORE INTO `skill_trees` VALUES ('128', '1446', '5', 'Shadow Bind', '250000', '62');
INSERT IGNORE INTO `skill_trees` VALUES ('128', '1446', '6', 'Shadow Bind', '300000', '64');
INSERT IGNORE INTO `skill_trees` VALUES ('128', '1446', '7', 'Shadow Bind', '310000', '66');
INSERT IGNORE INTO `skill_trees` VALUES ('128', '1446', '8', 'Shadow Bind', '460000', '68');
INSERT IGNORE INTO `skill_trees` VALUES ('128', '1446', '9', 'Shadow Bind', '550000', '70');
INSERT IGNORE INTO `skill_trees` VALUES ('128', '1446', '10', 'Shadow Bind', '630000', '72');
INSERT IGNORE INTO `skill_trees` VALUES ('128', '1446', '11', 'Shadow Bind', '1440000', '74');
INSERT IGNORE INTO `skill_trees` VALUES ('129', '1446', '2', 'Shadow Bind', '141000', '55');
INSERT IGNORE INTO `skill_trees` VALUES ('129', '1446', '3', 'Shadow Bind', '169000', '58');
INSERT IGNORE INTO `skill_trees` VALUES ('129', '1446', '4', 'Shadow Bind', '181000', '60');
INSERT IGNORE INTO `skill_trees` VALUES ('129', '1446', '5', 'Shadow Bind', '250000', '62');
INSERT IGNORE INTO `skill_trees` VALUES ('129', '1446', '6', 'Shadow Bind', '300000', '64');
INSERT IGNORE INTO `skill_trees` VALUES ('129', '1446', '7', 'Shadow Bind', '310000', '66');
INSERT IGNORE INTO `skill_trees` VALUES ('129', '1446', '8', 'Shadow Bind', '460000', '68');
INSERT IGNORE INTO `skill_trees` VALUES ('129', '1446', '9', 'Shadow Bind', '550000', '70');
INSERT IGNORE INTO `skill_trees` VALUES ('129', '1446', '10', 'Shadow Bind', '630000', '72');
INSERT IGNORE INTO `skill_trees` VALUES ('129', '1446', '11', 'Shadow Bind', '1440000', '74');
INSERT IGNORE INTO `skill_trees` VALUES ('128', '1447', '2', 'Voice Bind', '181000', '60');
INSERT IGNORE INTO `skill_trees` VALUES ('128', '1447', '3', 'Voice Bind', '250000', '62');
INSERT IGNORE INTO `skill_trees` VALUES ('128', '1447', '4', 'Voice Bind', '300000', '64');
INSERT IGNORE INTO `skill_trees` VALUES ('128', '1447', '5', 'Voice Bind', '310000', '66');
INSERT IGNORE INTO `skill_trees` VALUES ('128', '1447', '6', 'Voice Bind', '460000', '68');
INSERT IGNORE INTO `skill_trees` VALUES ('128', '1447', '7', 'Voice Bind', '550000', '70');
INSERT IGNORE INTO `skill_trees` VALUES ('128', '1447', '8', 'Voice Bind', '630000', '72');
INSERT IGNORE INTO `skill_trees` VALUES ('128', '1447', '9', 'Voice Bind', '1440000', '74');
INSERT IGNORE INTO `skill_trees` VALUES ('129', '1447', '2', 'Voice Bind', '181000', '60');
INSERT IGNORE INTO `skill_trees` VALUES ('129', '1447', '3', 'Voice Bind', '250000', '62');
INSERT IGNORE INTO `skill_trees` VALUES ('129', '1447', '4', 'Voice Bind', '300000', '64');
INSERT IGNORE INTO `skill_trees` VALUES ('129', '1447', '5', 'Voice Bind', '310000', '66');
INSERT IGNORE INTO `skill_trees` VALUES ('129', '1447', '6', 'Voice Bind', '460000', '68');
INSERT IGNORE INTO `skill_trees` VALUES ('129', '1447', '7', 'Voice Bind', '550000', '70');
INSERT IGNORE INTO `skill_trees` VALUES ('129', '1447', '8', 'Voice Bind', '630000', '72');
INSERT IGNORE INTO `skill_trees` VALUES ('129', '1447', '9', 'Voice Bind', '1440000', '74');


/************ 增加走動的可疑的商人 ************/
INSERT IGNORE INTO `spawnlist` VALUES ('800001', '', '1', '35659', '-55675', '157012', '-2034', '0', '0', '64664', '10', '0', '0');
INSERT IGNORE INTO `spawnlist` VALUES ('800002', '', '1', '35690', '-28169', '216864', '-3544', '0', '0', '64664', '10', '0', '0');
INSERT IGNORE INTO `spawnlist` VALUES ('800003', '', '1', '35728', '19408', '189422', '-3136', '0', '0', '64664', '10', '0', '0');
INSERT IGNORE INTO `spawnlist` VALUES ('800004', '', '1', '35759', '123383', '121093', '-2864', '0', '0', '64664', '10', '0', '0');
INSERT IGNORE INTO `spawnlist` VALUES ('800005', '', '1', '35797', '74725', '1671', '-3128', '0', '0', '64664', '10', '0', '0');
INSERT IGNORE INTO `spawnlist` VALUES ('800006', '', '1', '35828', '159377', '52403', '-3312', '0', '0', '64664', '10', '0', '0');
INSERT IGNORE INTO `spawnlist` VALUES ('800007', '', '1', '35859', '190423', '43540', '-3656', '0', '0', '64664', '10', '0', '0');
INSERT IGNORE INTO `spawnlist` VALUES ('800008', '', '1', '35897', '114436', '202528', '-3408', '0', '0', '64664', '10', '0', '0');
INSERT IGNORE INTO `spawnlist` VALUES ('800009', '', '1', '35928', '161876', '-73407', '-2984', '0', '0', '64664', '10', '0', '0');
INSERT IGNORE INTO `spawnlist` VALUES ('800010', '', '1', '35966', '71436', '-58182', '-2904', '0', '0', '64664', '10', '0', '0');
INSERT IGNORE INTO `spawnlist` VALUES ('800011', '', '1', '36004', '105447', '-139845', '-3120', '0', '0', '64664', '10', '0', '0');
INSERT IGNORE INTO `spawnlist` VALUES ('800012', '', '1', '36035', '14186', '149947', '-3352', '0', '0', '64664', '10', '0', '0');
INSERT IGNORE INTO `spawnlist` VALUES ('800013', '', '1', '36073', '-56032', '86017', '-3259', '0', '0', '64664', '10', '0', '0');
INSERT IGNORE INTO `spawnlist` VALUES ('800014', '', '1', '36111', '58314', '136319', '-2000', '0', '0', '64664', '10', '0', '0');
INSERT IGNORE INTO `spawnlist` VALUES ('800015', '', '1', '36142', '9318', '92253', '-3536', '0', '0', '64664', '10', '0', '0');
INSERT IGNORE INTO `spawnlist` VALUES ('800016', '', '1', '36173', '-80904', '94098', '-3152', '0', '0', '64664', '10', '0', '0');
INSERT IGNORE INTO `spawnlist` VALUES ('800017', '', '1', '36211', '114221', '-18762', '-1768', '0', '0', '64664', '10', '0', '0');
INSERT IGNORE INTO `spawnlist` VALUES ('800018', '', '1', '36249', '121072', '93215', '-2736', '0', '0', '64664', '10', '0', '0');
INSERT IGNORE INTO `spawnlist` VALUES ('800019', '', '1', '36287', '71692', '188004', '-2616', '0', '0', '64664', '10', '0', '0');
INSERT IGNORE INTO `spawnlist` VALUES ('800020', '', '1', '36318', '104150', '-57163', '-848', '0', '0', '64664', '10', '0', '0');
INSERT IGNORE INTO `spawnlist` VALUES ('800021', '', '1', '36356', '69553', '-91746', '-1488', '0', '0', '64664', '10', '0', '0');
INSERT IGNORE INTO `walker_routes` VALUES ('21', '36035', '1', null, '14186', '149947', '-3352', '2', '0');
INSERT IGNORE INTO `walker_routes` VALUES ('21', '36035', '2', null, '16180', '150387', '-3216', '0', '0');
INSERT IGNORE INTO `walker_routes` VALUES ('21', '36035', '3', null, '18387', '151874', '-3317', '0', '0');
INSERT IGNORE INTO `walker_routes` VALUES ('21', '36035', '4', null, '18405', '154770', '-3616', '3', '0');
INSERT IGNORE INTO `walker_routes` VALUES ('21', '36035', '5', null, '17655', '156863', '-3664', '0', '0');
INSERT IGNORE INTO `walker_routes` VALUES ('21', '36035', '6', null, '12303', '153937', '-2680', '0', '0');
INSERT IGNORE INTO `walker_routes` VALUES ('21', '36035', '7', null, '17655', '156863', '-3664', '0', '0');
INSERT IGNORE INTO `walker_routes` VALUES ('21', '36035', '8', null, '18405', '154770', '-3616', '3', '0');
INSERT IGNORE INTO `walker_routes` VALUES ('21', '36035', '9', null, '18387', '151874', '-3317', '0', '0');
INSERT IGNORE INTO `walker_routes` VALUES ('21', '36035', '10', null, '16180', '150387', '-3216', '0', '0');
INSERT IGNORE INTO `walker_routes` VALUES ('21', '36035', '11', null, '14186', '149947', '-3352', '2', '0');
INSERT IGNORE INTO `walker_routes` VALUES ('22', '35659', '1', null, '-55675', '157012', '-2034', '3', '0');
INSERT IGNORE INTO `walker_routes` VALUES ('22', '35659', '2', null, '-55675', '157012', '-2064', '0', '0');
INSERT IGNORE INTO `walker_routes` VALUES ('22', '35659', '3', null, '-55675', '154797', '-2680', '0', '0');
INSERT IGNORE INTO `walker_routes` VALUES ('22', '35659', '4', null, '-55713', '154341', '-2544', '0', '0');
INSERT IGNORE INTO `walker_routes` VALUES ('22', '35659', '5', null, '-52122', '151759', '-2568', '0', '0');
INSERT IGNORE INTO `walker_routes` VALUES ('22', '35659', '6', null, '-50343', '151559', '-2768', '0', '0');
INSERT IGNORE INTO `walker_routes` VALUES ('22', '35659', '7', null, '-48975', '154986', '-2272', '6', '0');
INSERT IGNORE INTO `walker_routes` VALUES ('22', '35659', '8', null, '-50343', '151559', '-2768', '0', '0');
INSERT IGNORE INTO `walker_routes` VALUES ('22', '35659', '9', null, '-52122', '151759', '-2568', '0', '0');
INSERT IGNORE INTO `walker_routes` VALUES ('22', '35659', '10', null, '-55713', '154341', '-2544', '0', '0');
INSERT IGNORE INTO `walker_routes` VALUES ('22', '35659', '11', null, '-55675', '154797', '-2680', '0', '0');
INSERT IGNORE INTO `walker_routes` VALUES ('22', '35659', '12', null, '-55675', '157012', '-2064', '0', '0');
INSERT IGNORE INTO `walker_routes` VALUES ('22', '35659', '13', null, '-55675', '157012', '-2034', '3', '0');
INSERT IGNORE INTO `walker_routes` VALUES ('23', '35690', '1', null, '-28169', '216864', '-3544', '3', '0');
INSERT IGNORE INTO `walker_routes` VALUES ('23', '35690', '2', null, '-29028', '215089', '-3672', '0', '0');
INSERT IGNORE INTO `walker_routes` VALUES ('23', '35690', '3', null, '-30888', '213455', '-3656', '0', '0');
INSERT IGNORE INTO `walker_routes` VALUES ('23', '35690', '4', null, '-31937', '211656', '-3656', '0', '0');
INSERT IGNORE INTO `walker_routes` VALUES ('23', '35690', '5', null, '-30880', '211006', '-3552', '0', '0');
INSERT IGNORE INTO `walker_routes` VALUES ('23', '35690', '6', null, '-27690', '210004', '-3272', '0', '0');
INSERT IGNORE INTO `walker_routes` VALUES ('23', '35690', '7', null, '-25784', '210108', '-3272', '0', '0');
INSERT IGNORE INTO `walker_routes` VALUES ('23', '35690', '8', null, '-21682', '211459', '-3272', '0', '0');
INSERT IGNORE INTO `walker_routes` VALUES ('23', '35690', '9', null, '-18430', '212927', '-3704', '0', '0');
INSERT IGNORE INTO `walker_routes` VALUES ('23', '35690', '10', null, '-16247', '212795', '-3664', '0', '0');
INSERT IGNORE INTO `walker_routes` VALUES ('23', '35690', '11', null, '-16868', '214267', '-3648', '0', '0');
INSERT IGNORE INTO `walker_routes` VALUES ('23', '35690', '12', null, '-17263', '215887', '-3552', '0', '0');
INSERT IGNORE INTO `walker_routes` VALUES ('23', '35690', '13', null, '-18352', '216841', '-3504', '6', '0');
INSERT IGNORE INTO `walker_routes` VALUES ('23', '35690', '14', null, '-17263', '215887', '-3552', '0', '0');
INSERT IGNORE INTO `walker_routes` VALUES ('23', '35690', '15', null, '-16868', '214267', '-3648', '0', '0');
INSERT IGNORE INTO `walker_routes` VALUES ('23', '35690', '16', null, '-16247', '212795', '-3664', '0', '0');
INSERT IGNORE INTO `walker_routes` VALUES ('23', '35690', '17', null, '-18430', '212927', '-3704', '0', '0');
INSERT IGNORE INTO `walker_routes` VALUES ('23', '35690', '18', null, '-21682', '211459', '-3272', '0', '0');
INSERT IGNORE INTO `walker_routes` VALUES ('23', '35690', '19', null, '-25784', '210108', '-3272', '0', '0');
INSERT IGNORE INTO `walker_routes` VALUES ('23', '35690', '20', null, '-27690', '210004', '-3272', '0', '0');
INSERT IGNORE INTO `walker_routes` VALUES ('23', '35690', '21', null, '-30880', '211006', '-3552', '0', '0');
INSERT IGNORE INTO `walker_routes` VALUES ('23', '35690', '22', null, '-31937', '211656', '-3656', '0', '0');
INSERT IGNORE INTO `walker_routes` VALUES ('23', '35690', '23', null, '-30888', '213455', '-3656', '0', '0');
INSERT IGNORE INTO `walker_routes` VALUES ('23', '35690', '24', null, '-29028', '215089', '-3672', '0', '0');
INSERT IGNORE INTO `walker_routes` VALUES ('23', '35690', '25', null, '-28169', '216864', '-3544', '3', '0');
INSERT IGNORE INTO `walker_routes` VALUES ('24', '36073', '1', null, '-56032', '86017', '-3259', '3', '0');
INSERT IGNORE INTO `walker_routes` VALUES ('24', '36073', '2', null, '-57329', '86006', '-3640', '0', '0');
INSERT IGNORE INTO `walker_routes` VALUES ('24', '36073', '3', null, '-57470', '85306', '-3664', '0', '0');
INSERT IGNORE INTO `walker_routes` VALUES ('24', '36073', '4', null, '-58892', '85159', '-3768', '3', '0');
INSERT IGNORE INTO `walker_routes` VALUES ('24', '36073', '5', null, '-59030', '80150', '-3632', '0', '0');
INSERT IGNORE INTO `walker_routes` VALUES ('24', '36073', '6', null, '-57642', '77591', '-3512', '2', '0');
INSERT IGNORE INTO `walker_routes` VALUES ('24', '36073', '7', null, '-53971', '77664', '-3224', '4', '0');
INSERT IGNORE INTO `walker_routes` VALUES ('24', '36073', '8', null, '-53271', '85126', '-3552', '6', '0');
INSERT IGNORE INTO `walker_routes` VALUES ('24', '36073', '9', null, '-53971', '77664', '-3224', '4', '0');
INSERT IGNORE INTO `walker_routes` VALUES ('24', '36073', '10', null, '-57642', '77591', '-3512', '2', '0');
INSERT IGNORE INTO `walker_routes` VALUES ('24', '36073', '11', null, '-59030', '80150', '-3632', '0', '0');
INSERT IGNORE INTO `walker_routes` VALUES ('24', '36073', '12', null, '-58892', '85159', '-3768', '3', '0');
INSERT IGNORE INTO `walker_routes` VALUES ('24', '36073', '13', null, '-57470', '85306', '-3664', '0', '0');
INSERT IGNORE INTO `walker_routes` VALUES ('24', '36073', '14', null, '-57329', '86006', '-3640', '0', '0');
INSERT IGNORE INTO `walker_routes` VALUES ('24', '36073', '15', null, '-56032', '86017', '-3259', '3', '0');
INSERT IGNORE INTO `walker_routes` VALUES ('25', '36142', '1', null, '9318', '92253', '-3536', '3', '0');
INSERT IGNORE INTO `walker_routes` VALUES ('25', '36142', '2', null, '9117', '91645', '-3656', '0', '0');
INSERT IGNORE INTO `walker_routes` VALUES ('25', '36142', '3', null, '9240', '90149', '-3592', '0', '0');
INSERT IGNORE INTO `walker_routes` VALUES ('25', '36142', '4', null, '11509', '90093', '-3720', '2', '0');
INSERT IGNORE INTO `walker_routes` VALUES ('25', '36142', '5', null, '13269', '90004', '-3840', '2', '0');
INSERT IGNORE INTO `walker_routes` VALUES ('25', '36142', '6', null, '14812', '89578', '-3832', '2', '0');
INSERT IGNORE INTO `walker_routes` VALUES ('25', '36142', '7', null, '14450', '90636', '-3680', '0', '0');
INSERT IGNORE INTO `walker_routes` VALUES ('25', '36142', '8', null, '14236', '91690', '-3656', '0', '0');
INSERT IGNORE INTO `walker_routes` VALUES ('25', '36142', '9', null, '13636', '92359', '-3480', '6', '0');
INSERT IGNORE INTO `walker_routes` VALUES ('25', '36142', '10', null, '14236', '91690', '-3656', '0', '0');
INSERT IGNORE INTO `walker_routes` VALUES ('25', '36142', '11', null, '14450', '90636', '-3680', '0', '0');
INSERT IGNORE INTO `walker_routes` VALUES ('25', '36142', '12', null, '14812', '89578', '-3832', '2', '0');
INSERT IGNORE INTO `walker_routes` VALUES ('25', '36142', '13', null, '13269', '90004', '-3840', '2', '0');
INSERT IGNORE INTO `walker_routes` VALUES ('25', '36142', '14', null, '11509', '90093', '-3720', '2', '0');
INSERT IGNORE INTO `walker_routes` VALUES ('25', '36142', '15', null, '9240', '90149', '-3592', '0', '0');
INSERT IGNORE INTO `walker_routes` VALUES ('25', '36142', '16', null, '9117', '91645', '-3656', '0', '0');
INSERT IGNORE INTO `walker_routes` VALUES ('25', '36142', '17', null, '9318', '92253', '-3536', '3', '0');
INSERT IGNORE INTO `walker_routes` VALUES ('26', '35728', '1', null, '19408', '189422', '-3136', '3', '0');
INSERT IGNORE INTO `walker_routes` VALUES ('26', '35728', '2', null, '20039', '187700', '-3416', '0', '0');
INSERT IGNORE INTO `walker_routes` VALUES ('26', '35728', '3', null, '19016', '185813', '-3552', '3', '0');
INSERT IGNORE INTO `walker_routes` VALUES ('26', '35728', '4', null, '17959', '181955', '-3680', '0', '0');
INSERT IGNORE INTO `walker_routes` VALUES ('26', '35728', '5', null, '16440', '181635', '-3616', '3', '0');
INSERT IGNORE INTO `walker_routes` VALUES ('26', '35728', '6', null, '15679', '182540', '-3608', '0', '0');
INSERT IGNORE INTO `walker_routes` VALUES ('26', '35728', '7', null, '15310', '182791', '-3568', '0', '0');
INSERT IGNORE INTO `walker_routes` VALUES ('26', '35728', '8', null, '15242', '184507', '-3112', '6', '0');
INSERT IGNORE INTO `walker_routes` VALUES ('26', '35728', '9', null, '15310', '182791', '-3568', '0', '0');
INSERT IGNORE INTO `walker_routes` VALUES ('26', '35728', '10', null, '15679', '182540', '-3608', '0', '0');
INSERT IGNORE INTO `walker_routes` VALUES ('26', '35728', '11', null, '16440', '181635', '-3616', '3', '0');
INSERT IGNORE INTO `walker_routes` VALUES ('26', '35728', '12', null, '17959', '181955', '-3680', '0', '0');
INSERT IGNORE INTO `walker_routes` VALUES ('26', '35728', '13', null, '19016', '185813', '-3552', '3', '0');
INSERT IGNORE INTO `walker_routes` VALUES ('26', '35728', '14', null, '20039', '187700', '-3416', '0', '0');
INSERT IGNORE INTO `walker_routes` VALUES ('26', '35728', '15', null, '19408', '189422', '-3136', '3', '0');
INSERT IGNORE INTO `walker_routes` VALUES ('27', '36111', '1', null, '58314', '136319', '-2000', '3', '0');
INSERT IGNORE INTO `walker_routes` VALUES ('27', '36111', '2', null, '57078', '137124', '-2216', '0', '0');
INSERT IGNORE INTO `walker_routes` VALUES ('27', '36111', '3', null, '54644', '137366', '-2600', '0', '0');
INSERT IGNORE INTO `walker_routes` VALUES ('27', '36111', '4', null, '58696', '134202', '-3096', '3', '0');
INSERT IGNORE INTO `walker_routes` VALUES ('27', '36111', '5', null, '60967', '134154', '-3416', '0', '0');
INSERT IGNORE INTO `walker_routes` VALUES ('27', '36111', '6', null, '62813', '134744', '-3592', '0', '0');
INSERT IGNORE INTO `walker_routes` VALUES ('27', '36111', '7', null, '65158', '135007', '-3728', '0', '0');
INSERT IGNORE INTO `walker_routes` VALUES ('27', '36111', '8', null, '64278', '139384', '-3176', '3', '0');
INSERT IGNORE INTO `walker_routes` VALUES ('27', '36111', '9', null, '63711', '140599', '-2720', '0', '0');
INSERT IGNORE INTO `walker_routes` VALUES ('27', '36111', '10', null, '63187', '141192', '-2440', '0', '0');
INSERT IGNORE INTO `walker_routes` VALUES ('27', '36111', '11', null, '62811', '142466', '-2064', '6', '0');
INSERT IGNORE INTO `walker_routes` VALUES ('27', '36111', '12', null, '63187', '141192', '-2440', '0', '0');
INSERT IGNORE INTO `walker_routes` VALUES ('27', '36111', '13', null, '63711', '140599', '-2720', '0', '0');
INSERT IGNORE INTO `walker_routes` VALUES ('27', '36111', '14', null, '64278', '139384', '-3176', '3', '0');
INSERT IGNORE INTO `walker_routes` VALUES ('27', '36111', '15', null, '65158', '135007', '-3728', '0', '0');
INSERT IGNORE INTO `walker_routes` VALUES ('27', '36111', '16', null, '62813', '134744', '-3592', '0', '0');
INSERT IGNORE INTO `walker_routes` VALUES ('27', '36111', '17', null, '60967', '134154', '-3416', '0', '0');
INSERT IGNORE INTO `walker_routes` VALUES ('27', '36111', '18', null, '58696', '134202', '-3096', '3', '0');
INSERT IGNORE INTO `walker_routes` VALUES ('27', '36111', '19', null, '54644', '137366', '-2600', '0', '0');
INSERT IGNORE INTO `walker_routes` VALUES ('27', '36111', '20', null, '57078', '137124', '-2216', '0', '0');
INSERT IGNORE INTO `walker_routes` VALUES ('27', '36111', '21', null, '58314', '136319', '-2000', '3', '0');
INSERT IGNORE INTO `walker_routes` VALUES ('28', '36287', '1', null, '71692', '188004', '-2616', '3', '0');
INSERT IGNORE INTO `walker_routes` VALUES ('28', '36287', '2', null, '69326', '187042', '-3008', '0', '0');
INSERT IGNORE INTO `walker_routes` VALUES ('28', '36287', '3', null, '68627', '185540', '-2984', '0', '0');
INSERT IGNORE INTO `walker_routes` VALUES ('28', '36287', '4', null, '69077', '184566', '-2976', '3', '0');
INSERT IGNORE INTO `walker_routes` VALUES ('28', '36287', '5', null, '70642', '182573', '-2992', '0', '0');
INSERT IGNORE INTO `walker_routes` VALUES ('28', '36287', '6', null, '73647', '181706', '-3160', '0', '0');
INSERT IGNORE INTO `walker_routes` VALUES ('28', '36287', '7', null, '74283', '181756', '-3152', '0', '0');
INSERT IGNORE INTO `walker_routes` VALUES ('28', '36287', '8', null, '73655', '182960', '-2736', '6', '0');
INSERT IGNORE INTO `walker_routes` VALUES ('28', '36287', '9', null, '74283', '181756', '-3152', '0', '0');
INSERT IGNORE INTO `walker_routes` VALUES ('28', '36287', '10', null, '73647', '181706', '-3160', '0', '0');
INSERT IGNORE INTO `walker_routes` VALUES ('28', '36287', '11', null, '70642', '182573', '-2992', '0', '0');
INSERT IGNORE INTO `walker_routes` VALUES ('28', '36287', '12', null, '69077', '184566', '-2976', '3', '0');
INSERT IGNORE INTO `walker_routes` VALUES ('28', '36287', '13', null, '68627', '185540', '-2984', '0', '0');
INSERT IGNORE INTO `walker_routes` VALUES ('28', '36287', '14', null, '69326', '187042', '-3008', '0', '0');
INSERT IGNORE INTO `walker_routes` VALUES ('28', '36287', '15', null, '71692', '188004', '-2616', '3', '0');
INSERT IGNORE INTO `walker_routes` VALUES ('29', '36173', '1', null, '-80904', '94098', '-3152', '3', '0');
INSERT IGNORE INTO `walker_routes` VALUES ('29', '36173', '2', null, '-81330', '93758', '-3224', '0', '0');
INSERT IGNORE INTO `walker_routes` VALUES ('29', '36173', '3', null, '-82482', '92419', '-3456', '0', '0');
INSERT IGNORE INTO `walker_routes` VALUES ('29', '36173', '4', null, '-84654', '91351', '-3520', '0', '0');
INSERT IGNORE INTO `walker_routes` VALUES ('29', '36173', '5', null, '-85612', '89733', '-3288', '0', '0');
INSERT IGNORE INTO `walker_routes` VALUES ('29', '36173', '6', null, '-83621', '88290', '-3368', '3', '0');
INSERT IGNORE INTO `walker_routes` VALUES ('29', '36173', '7', null, '-81490', '86480', '-3408', '0', '0');
INSERT IGNORE INTO `walker_routes` VALUES ('29', '36173', '8', null, '-79182', '86002', '-3584', '3', '0');
INSERT IGNORE INTO `walker_routes` VALUES ('29', '36173', '9', null, '-78251', '85722', '-3624', '0', '0');
INSERT IGNORE INTO `walker_routes` VALUES ('29', '36173', '10', null, '-78090', '86842', '-3480', '6', '0');
INSERT IGNORE INTO `walker_routes` VALUES ('29', '36173', '11', null, '-78251', '85722', '-3624', '0', '0');
INSERT IGNORE INTO `walker_routes` VALUES ('29', '36173', '12', null, '-79182', '86002', '-3584', '3', '0');
INSERT IGNORE INTO `walker_routes` VALUES ('29', '36173', '13', null, '-81490', '86480', '-3408', '0', '0');
INSERT IGNORE INTO `walker_routes` VALUES ('29', '36173', '14', null, '-83621', '88290', '-3368', '3', '0');
INSERT IGNORE INTO `walker_routes` VALUES ('29', '36173', '15', null, '-85612', '89733', '-3288', '0', '0');
INSERT IGNORE INTO `walker_routes` VALUES ('29', '36173', '16', null, '-84654', '91351', '-3520', '0', '0');
INSERT IGNORE INTO `walker_routes` VALUES ('29', '36173', '17', null, '-82482', '92419', '-3456', '0', '0');
INSERT IGNORE INTO `walker_routes` VALUES ('29', '36173', '18', null, '-81330', '93758', '-3224', '0', '0');
INSERT IGNORE INTO `walker_routes` VALUES ('29', '36173', '19', null, '-80904', '94098', '-3152', '3', '0');
INSERT IGNORE INTO `walker_routes` VALUES ('30', '35897', '1', null, '114436', '202528', '-3408', '3', '0');
INSERT IGNORE INTO `walker_routes` VALUES ('30', '35897', '2', null, '113809', '200514', '-3720', '0', '0');
INSERT IGNORE INTO `walker_routes` VALUES ('30', '35897', '3', null, '116035', '199822', '-3664', '0', '0');
INSERT IGNORE INTO `walker_routes` VALUES ('30', '35897', '4', null, '117017', '199876', '-3632', '0', '0');
INSERT IGNORE INTO `walker_routes` VALUES ('30', '35897', '5', null, '119959', '201032', '-3608', '0', '0');
INSERT IGNORE INTO `walker_routes` VALUES ('30', '35897', '6', null, '121849', '200614', '-3384', '0', '0');
INSERT IGNORE INTO `walker_routes` VALUES ('30', '35897', '7', null, '122868', '200874', '-3168', '0', '0');
INSERT IGNORE INTO `walker_routes` VALUES ('30', '35897', '8', null, '123130', '202427', '-3128', '3', '0');
INSERT IGNORE INTO `walker_routes` VALUES ('30', '35897', '9', null, '122427', '204162', '-3488', '0', '0');
INSERT IGNORE INTO `walker_routes` VALUES ('30', '35897', '10', null, '122661', '204842', '-3576', '0', '0');
INSERT IGNORE INTO `walker_routes` VALUES ('30', '35897', '11', null, '124051', '205402', '-3576', '0', '0');
INSERT IGNORE INTO `walker_routes` VALUES ('30', '35897', '12', null, '124211', '206023', '-3504', '0', '0');
INSERT IGNORE INTO `walker_routes` VALUES ('30', '35897', '13', null, '124948', '206778', '-3400', '0', '0');
INSERT IGNORE INTO `walker_routes` VALUES ('30', '35897', '14', null, '124483', '207777', '-3200', '6', '0');
INSERT IGNORE INTO `walker_routes` VALUES ('30', '35897', '15', null, '124948', '206778', '-3400', '0', '0');
INSERT IGNORE INTO `walker_routes` VALUES ('30', '35897', '16', null, '124211', '206023', '-3504', '0', '0');
INSERT IGNORE INTO `walker_routes` VALUES ('30', '35897', '17', null, '124051', '205402', '-3576', '0', '0');
INSERT IGNORE INTO `walker_routes` VALUES ('30', '35897', '18', null, '122661', '204842', '-3576', '0', '0');
INSERT IGNORE INTO `walker_routes` VALUES ('30', '35897', '19', null, '122427', '204162', '-3488', '0', '0');
INSERT IGNORE INTO `walker_routes` VALUES ('30', '35897', '20', null, '123130', '202427', '-3128', '3', '0');
INSERT IGNORE INTO `walker_routes` VALUES ('30', '35897', '21', null, '122868', '200874', '-3168', '0', '0');
INSERT IGNORE INTO `walker_routes` VALUES ('30', '35897', '22', null, '121849', '200614', '-3384', '0', '0');
INSERT IGNORE INTO `walker_routes` VALUES ('30', '35897', '23', null, '119959', '201032', '-3608', '0', '0');
INSERT IGNORE INTO `walker_routes` VALUES ('30', '35897', '24', null, '117017', '199876', '-3632', '0', '0');
INSERT IGNORE INTO `walker_routes` VALUES ('30', '35897', '25', null, '116035', '199822', '-3664', '0', '0');
INSERT IGNORE INTO `walker_routes` VALUES ('30', '35897', '26', null, '113809', '200514', '-3720', '0', '0');
INSERT IGNORE INTO `walker_routes` VALUES ('30', '35897', '27', null, '114436', '202528', '-3408', '3', '0');
INSERT IGNORE INTO `walker_routes` VALUES ('31', '35759', '1', null, '123383', '121093', '-2864', '3', '0');
INSERT IGNORE INTO `walker_routes` VALUES ('31', '35759', '2', null, '122670', '120890', '-3088', '0', '0');
INSERT IGNORE INTO `walker_routes` VALUES ('31', '35759', '3', null, '124617', '119069', '-3088', '0', '0');
INSERT IGNORE INTO `walker_routes` VALUES ('31', '35759', '4', null, '126177', '118273', '-3080', '0', '0');
INSERT IGNORE INTO `walker_routes` VALUES ('31', '35759', '5', null, '125979', '119528', '-2728', '6', '0');
INSERT IGNORE INTO `walker_routes` VALUES ('31', '35759', '6', null, '126177', '118273', '-3080', '0', '0');
INSERT IGNORE INTO `walker_routes` VALUES ('31', '35759', '7', null, '124617', '119069', '-3088', '0', '0');
INSERT IGNORE INTO `walker_routes` VALUES ('31', '35759', '8', null, '122670', '120890', '-3088', '0', '0');
INSERT IGNORE INTO `walker_routes` VALUES ('31', '35759', '9', null, '123383', '121093', '-2864', '3', '0');
INSERT IGNORE INTO `walker_routes` VALUES ('32', '36249', '1', null, '121072', '93215', '-2736', '3', '0');
INSERT IGNORE INTO `walker_routes` VALUES ('32', '36249', '2', null, '122718', '92355', '-2320', '0', '0');
INSERT IGNORE INTO `walker_routes` VALUES ('32', '36249', '3', null, '126171', '91910', '-2216', '0', '0');
INSERT IGNORE INTO `walker_routes` VALUES ('32', '36249', '4', null, '126353', '90422', '-2296', '0', '0');
INSERT IGNORE INTO `walker_routes` VALUES ('32', '36249', '5', null, '125796', '87720', '-2432', '0', '0');
INSERT IGNORE INTO `walker_routes` VALUES ('32', '36249', '6', null, '124803', '85970', '-2464', '0', '0');
INSERT IGNORE INTO `walker_routes` VALUES ('32', '36249', '7', null, '125036', '83836', '-2376', '3', '0');
INSERT IGNORE INTO `walker_routes` VALUES ('32', '36249', '8', null, '128886', '83331', '-1416', '0', '0');
INSERT IGNORE INTO `walker_routes` VALUES ('32', '36249', '9', null, '129697', '84969', '-1256', '0', '0');
INSERT IGNORE INTO `walker_routes` VALUES ('32', '36249', '10', null, '126291', '86712', '-2240', '0', '0');
INSERT IGNORE INTO `walker_routes` VALUES ('32', '36249', '11', null, '126599', '88950', '-2325', '0', '0');
INSERT IGNORE INTO `walker_routes` VALUES ('32', '36249', '12', null, '126847', '90713', '-2264', '0', '0');
INSERT IGNORE INTO `walker_routes` VALUES ('32', '36249', '13', null, '126599', '88950', '-2325', '0', '0');
INSERT IGNORE INTO `walker_routes` VALUES ('32', '36249', '14', null, '126291', '86712', '-2240', '0', '0');
INSERT IGNORE INTO `walker_routes` VALUES ('32', '36249', '15', null, '129697', '84969', '-1256', '0', '0');
INSERT IGNORE INTO `walker_routes` VALUES ('32', '36249', '16', null, '128886', '83331', '-1416', '0', '0');
INSERT IGNORE INTO `walker_routes` VALUES ('32', '36249', '17', null, '125036', '83836', '-2376', '3', '0');
INSERT IGNORE INTO `walker_routes` VALUES ('32', '36249', '18', null, '124803', '85970', '-2464', '0', '0');
INSERT IGNORE INTO `walker_routes` VALUES ('32', '36249', '19', null, '125796', '87720', '-2432', '0', '0');
INSERT IGNORE INTO `walker_routes` VALUES ('32', '36249', '20', null, '126353', '90422', '-2296', '0', '0');
INSERT IGNORE INTO `walker_routes` VALUES ('32', '36249', '21', null, '126171', '91910', '-2216', '0', '0');
INSERT IGNORE INTO `walker_routes` VALUES ('32', '36249', '22', null, '122718', '92355', '-2320', '0', '0');
INSERT IGNORE INTO `walker_routes` VALUES ('32', '36249', '23', null, '121072', '93215', '-2736', '3', '0');
INSERT IGNORE INTO `walker_routes` VALUES ('33', '35859', '1', null, '190423', '43540', '-3656', '3', '0');
INSERT IGNORE INTO `walker_routes` VALUES ('33', '35859', '2', null, '189579', '45949', '-4240', '0', '0');
INSERT IGNORE INTO `walker_routes` VALUES ('33', '35859', '3', null, '187058', '43551', '-4808', '0', '0');
INSERT IGNORE INTO `walker_routes` VALUES ('33', '35859', '4', null, '185916', '41869', '-4512', '3', '0');
INSERT IGNORE INTO `walker_routes` VALUES ('33', '35859', '5', null, '185292', '39403', '-4200', '0', '0');
INSERT IGNORE INTO `walker_routes` VALUES ('33', '35859', '6', null, '185167', '38401', '-4200', '0', '0');
INSERT IGNORE INTO `walker_routes` VALUES ('33', '35859', '7', null, '184984', '36863', '-4152', '0', '0');
INSERT IGNORE INTO `walker_routes` VALUES ('33', '35859', '8', null, '184377', '36425', '-4080', '0', '0');
INSERT IGNORE INTO `walker_routes` VALUES ('33', '35859', '9', null, '185314', '35866', '-3936', '0', '0');
INSERT IGNORE INTO `walker_routes` VALUES ('33', '35859', '10', null, '185781', '35955', '-3832', '0', '0');
INSERT IGNORE INTO `walker_routes` VALUES ('33', '35859', '11', null, '186686', '35667', '-3752', '6', '0');
INSERT IGNORE INTO `walker_routes` VALUES ('33', '35859', '12', null, '185781', '35955', '-3832', '0', '0');
INSERT IGNORE INTO `walker_routes` VALUES ('33', '35859', '13', null, '185314', '35866', '-3936', '0', '0');
INSERT IGNORE INTO `walker_routes` VALUES ('33', '35859', '14', null, '184377', '36425', '-4080', '0', '0');
INSERT IGNORE INTO `walker_routes` VALUES ('33', '35859', '15', null, '184984', '36863', '-4152', '0', '0');
INSERT IGNORE INTO `walker_routes` VALUES ('33', '35859', '16', null, '185167', '38401', '-4200', '0', '0');
INSERT IGNORE INTO `walker_routes` VALUES ('33', '35859', '17', null, '185292', '39403', '-4200', '0', '0');
INSERT IGNORE INTO `walker_routes` VALUES ('33', '35859', '18', null, '185916', '41869', '-4512', '3', '0');
INSERT IGNORE INTO `walker_routes` VALUES ('33', '35859', '19', null, '187058', '43551', '-4808', '0', '0');
INSERT IGNORE INTO `walker_routes` VALUES ('33', '35859', '20', null, '189579', '45949', '-4240', '0', '0');
INSERT IGNORE INTO `walker_routes` VALUES ('33', '35859', '21', null, '190423', '43540', '-3656', '3', '0');
INSERT IGNORE INTO `walker_routes` VALUES ('34', '35797', '1', null, '74725', '1671', '-3128', '3', '0');
INSERT IGNORE INTO `walker_routes` VALUES ('34', '35797', '2', null, '76651', '1505', '-3552', '0', '0');
INSERT IGNORE INTO `walker_routes` VALUES ('34', '35797', '3', null, '79421', '4977', '-3080', '0', '0');
INSERT IGNORE INTO `walker_routes` VALUES ('34', '35797', '4', null, '77357', '7197', '-3208', '0', '0');
INSERT IGNORE INTO `walker_routes` VALUES ('34', '35797', '5', null, '76287', '9164', '-3568', '0', '0');
INSERT IGNORE INTO `walker_routes` VALUES ('34', '35797', '6', null, '72447', '8196', '-3264', '0', '0');
INSERT IGNORE INTO `walker_routes` VALUES ('34', '35797', '7', null, '71780', '7467', '-3160', '0', '0');
INSERT IGNORE INTO `walker_routes` VALUES ('34', '35797', '8', null, '72447', '8196', '-3264', '0', '0');
INSERT IGNORE INTO `walker_routes` VALUES ('34', '35797', '9', null, '76287', '9164', '-3568', '0', '0');
INSERT IGNORE INTO `walker_routes` VALUES ('34', '35797', '10', null, '77357', '7197', '-3208', '0', '0');
INSERT IGNORE INTO `walker_routes` VALUES ('34', '35797', '11', null, '79421', '4977', '-3080', '0', '0');
INSERT IGNORE INTO `walker_routes` VALUES ('34', '35797', '12', null, '76651', '1505', '-3552', '0', '0');
INSERT IGNORE INTO `walker_routes` VALUES ('34', '35797', '13', null, '74725', '1671', '-3128', '3', '0');
INSERT IGNORE INTO `walker_routes` VALUES ('35', '36211', '1', null, '114221', '-18762', '-1768', '3', '0');
INSERT IGNORE INTO `walker_routes` VALUES ('35', '36211', '2', null, '115920', '-19177', '-2120', '0', '0');
INSERT IGNORE INTO `walker_routes` VALUES ('35', '36211', '3', null, '117105', '-19759', '-2400', '0', '0');
INSERT IGNORE INTO `walker_routes` VALUES ('35', '36211', '4', null, '118417', '-20135', '-2632', '3', '0');
INSERT IGNORE INTO `walker_routes` VALUES ('35', '36211', '5', null, '118881', '-20011', '-2712', '0', '0');
INSERT IGNORE INTO `walker_routes` VALUES ('35', '36211', '6', null, '117210', '-18329', '-1816', '6', '0');
INSERT IGNORE INTO `walker_routes` VALUES ('35', '36211', '7', null, '118881', '-20011', '-2712', '0', '0');
INSERT IGNORE INTO `walker_routes` VALUES ('35', '36211', '8', null, '118417', '-20135', '-2632', '3', '0');
INSERT IGNORE INTO `walker_routes` VALUES ('35', '36211', '9', null, '117105', '-19759', '-2400', '0', '0');
INSERT IGNORE INTO `walker_routes` VALUES ('35', '36211', '10', null, '115920', '-19177', '-2120', '0', '0');
INSERT IGNORE INTO `walker_routes` VALUES ('35', '36211', '11', null, '114221', '-18762', '-1768', '3', '0');
INSERT IGNORE INTO `walker_routes` VALUES ('36', '35690', '1', null, '161929', '-73414', '-2960', '3', '0');
INSERT IGNORE INTO `walker_routes` VALUES ('36', '35690', '2', null, '161706', '-75464', '-3112', '0', '0');
INSERT IGNORE INTO `walker_routes` VALUES ('36', '35690', '3', null, '159786', '-77576', '-3544', '0', '0');
INSERT IGNORE INTO `walker_routes` VALUES ('36', '35690', '4', null, '158837', '-78154', '-3776', '0', '0');
INSERT IGNORE INTO `walker_routes` VALUES ('36', '35690', '5', null, '158997', '-77350', '-3736', '3', '0');
INSERT IGNORE INTO `walker_routes` VALUES ('36', '35690', '6', null, '158721', '-75863', '-3720', '0', '0');
INSERT IGNORE INTO `walker_routes` VALUES ('36', '35690', '7', null, '158188', '-74219', '-3608', '0', '0');
INSERT IGNORE INTO `walker_routes` VALUES ('36', '35690', '8', null, '157561', '-73351', '-3408', '3', '0');
INSERT IGNORE INTO `walker_routes` VALUES ('36', '35690', '9', null, '156184', '-72600', '-3328', '0', '0');
INSERT IGNORE INTO `walker_routes` VALUES ('36', '35690', '10', null, '153798', '-71489', '-3392', '0', '0');
INSERT IGNORE INTO `walker_routes` VALUES ('36', '35690', '11', null, '153072', '-70683', '-3488', '0', '0');
INSERT IGNORE INTO `walker_routes` VALUES ('36', '35690', '12', null, '152246', '-70353', '-3568', '0', '0');
INSERT IGNORE INTO `walker_routes` VALUES ('36', '35690', '13', null, '154373', '-69842', '-3120', '0', '0');
INSERT IGNORE INTO `walker_routes` VALUES ('36', '35690', '14', null, '152246', '-70353', '-3568', '0', '0');
INSERT IGNORE INTO `walker_routes` VALUES ('36', '35690', '15', null, '153072', '-70683', '-3488', '0', '0');
INSERT IGNORE INTO `walker_routes` VALUES ('36', '35690', '16', null, '153798', '-71489', '-3392', '0', '0');
INSERT IGNORE INTO `walker_routes` VALUES ('36', '35690', '17', null, '156184', '-72600', '-3328', '0', '0');
INSERT IGNORE INTO `walker_routes` VALUES ('36', '35690', '18', null, '157561', '-73351', '-3408', '3', '0');
INSERT IGNORE INTO `walker_routes` VALUES ('36', '35690', '19', null, '158188', '-74219', '-3608', '0', '0');
INSERT IGNORE INTO `walker_routes` VALUES ('36', '35690', '20', null, '158721', '-75863', '-3720', '0', '0');
INSERT IGNORE INTO `walker_routes` VALUES ('36', '35690', '21', null, '158997', '-77350', '-3736', '3', '0');
INSERT IGNORE INTO `walker_routes` VALUES ('36', '35690', '22', null, '158837', '-78154', '-3776', '0', '0');
INSERT IGNORE INTO `walker_routes` VALUES ('36', '35690', '23', null, '159786', '-77576', '-3544', '0', '0');
INSERT IGNORE INTO `walker_routes` VALUES ('36', '35690', '24', null, '161706', '-75464', '-3112', '0', '0');
INSERT IGNORE INTO `walker_routes` VALUES ('36', '35690', '25', null, '161929', '-73414', '-2960', '3', '0');
INSERT IGNORE INTO `walker_routes` VALUES ('37', '36318', '1', null, '104150', '-57163', '-848', '3', '0');
INSERT IGNORE INTO `walker_routes` VALUES ('37', '36318', '2', null, '106218', '-59401', '-1344', '0', '0');
INSERT IGNORE INTO `walker_routes` VALUES ('37', '36318', '3', null, '106898', '-59553', '-1664', '3', '0');
INSERT IGNORE INTO `walker_routes` VALUES ('37', '36318', '4', null, '107352', '-60168', '-2000', '0', '0');
INSERT IGNORE INTO `walker_routes` VALUES ('37', '36318', '5', null, '107651', '-61177', '-2400', '0', '0');
INSERT IGNORE INTO `walker_routes` VALUES ('37', '36318', '6', null, '109094', '-62678', '-3248', '0', '0');
INSERT IGNORE INTO `walker_routes` VALUES ('37', '36318', '7', null, '108266', '-62657', '-3104', '0', '0');
INSERT IGNORE INTO `walker_routes` VALUES ('37', '36318', '8', null, '105169', '-61226', '-2616', '0', '0');
INSERT IGNORE INTO `walker_routes` VALUES ('37', '36318', '9', null, '102968', '-59982', '-2384', '0', '0');
INSERT IGNORE INTO `walker_routes` VALUES ('37', '36318', '10', null, '100070', '-60173', '-2792', '0', '0');
INSERT IGNORE INTO `walker_routes` VALUES ('37', '36318', '11', null, '98764', '-61095', '-2768', '0', '0');
INSERT IGNORE INTO `walker_routes` VALUES ('37', '36318', '12', null, '94946', '-60039', '-2432', '0', '0');
INSERT IGNORE INTO `walker_routes` VALUES ('37', '36318', '13', null, '96103', '-59078', '-1992', '0', '0');
INSERT IGNORE INTO `walker_routes` VALUES ('37', '36318', '14', null, '96884', '-59043', '-1656', '0', '0');
INSERT IGNORE INTO `walker_routes` VALUES ('37', '36318', '15', null, '97064', '-57884', '-1256', '6', '0');
INSERT IGNORE INTO `walker_routes` VALUES ('37', '36318', '16', null, '96884', '-59043', '-1656', '0', '0');
INSERT IGNORE INTO `walker_routes` VALUES ('37', '36318', '17', null, '96103', '-59078', '-1992', '0', '0');
INSERT IGNORE INTO `walker_routes` VALUES ('37', '36318', '18', null, '94946', '-60039', '-2432', '0', '0');
INSERT IGNORE INTO `walker_routes` VALUES ('37', '36318', '19', null, '98764', '-61095', '-2768', '0', '0');
INSERT IGNORE INTO `walker_routes` VALUES ('37', '36318', '20', null, '100070', '-60173', '-2792', '0', '0');
INSERT IGNORE INTO `walker_routes` VALUES ('37', '36318', '21', null, '102968', '-59982', '-2384', '0', '0');
INSERT IGNORE INTO `walker_routes` VALUES ('37', '36318', '22', null, '105169', '-61226', '-2616', '0', '0');
INSERT IGNORE INTO `walker_routes` VALUES ('37', '36318', '23', null, '108266', '-62657', '-3104', '0', '0');
INSERT IGNORE INTO `walker_routes` VALUES ('37', '36318', '24', null, '109094', '-62678', '-3248', '0', '0');
INSERT IGNORE INTO `walker_routes` VALUES ('37', '36318', '25', null, '107651', '-61177', '-2400', '0', '0');
INSERT IGNORE INTO `walker_routes` VALUES ('37', '36318', '26', null, '107352', '-60168', '-2000', '0', '0');
INSERT IGNORE INTO `walker_routes` VALUES ('37', '36318', '27', null, '106898', '-59553', '-1664', '3', '0');
INSERT IGNORE INTO `walker_routes` VALUES ('37', '36318', '28', null, '106218', '-59401', '-1344', '0', '0');
INSERT IGNORE INTO `walker_routes` VALUES ('37', '36318', '29', null, '104150', '-57163', '-848', '3', '0');
INSERT IGNORE INTO `walker_routes` VALUES ('38', '35928', '1', null, '161876', '-73407', '-2984', '3', '0');
INSERT IGNORE INTO `walker_routes` VALUES ('38', '35928', '2', null, '161795', '-75288', '-3088', '0', '0');
INSERT IGNORE INTO `walker_routes` VALUES ('38', '35928', '3', null, '159678', '-77671', '-3584', '0', '0');
INSERT IGNORE INTO `walker_routes` VALUES ('38', '35928', '4', null, '158917', '-78117', '-3760', '0', '0');
INSERT IGNORE INTO `walker_routes` VALUES ('38', '35928', '5', null, '158989', '-77130', '-3720', '0', '0');
INSERT IGNORE INTO `walker_routes` VALUES ('38', '35928', '6', null, '158757', '-75951', '-3720', '0', '0');
INSERT IGNORE INTO `walker_routes` VALUES ('38', '35928', '7', null, '158157', '-74161', '-3592', '3', '0');
INSERT IGNORE INTO `walker_routes` VALUES ('38', '35928', '8', null, '157547', '-73326', '-3400', '0', '0');
INSERT IGNORE INTO `walker_routes` VALUES ('38', '35928', '9', null, '153815', '-71497', '-3392', '0', '0');
INSERT IGNORE INTO `walker_routes` VALUES ('38', '35928', '10', null, '153086', '-70701', '-3488', '0', '0');
INSERT IGNORE INTO `walker_routes` VALUES ('38', '35928', '11', null, '152262', '-70352', '-3568', '0', '0');
INSERT IGNORE INTO `walker_routes` VALUES ('38', '35928', '12', null, '155193', '-69617', '-3008', '6', '0');
INSERT IGNORE INTO `walker_routes` VALUES ('38', '35928', '13', null, '152262', '-70352', '-3568', '0', '0');
INSERT IGNORE INTO `walker_routes` VALUES ('38', '35928', '14', null, '153086', '-70701', '-3488', '0', '0');
INSERT IGNORE INTO `walker_routes` VALUES ('38', '35928', '15', null, '153815', '-71497', '-3392', '0', '0');
INSERT IGNORE INTO `walker_routes` VALUES ('38', '35928', '16', null, '157547', '-73326', '-3400', '0', '0');
INSERT IGNORE INTO `walker_routes` VALUES ('38', '35928', '17', null, '158157', '-74161', '-3592', '3', '0');
INSERT IGNORE INTO `walker_routes` VALUES ('38', '35928', '18', null, '158757', '-75951', '-3720', '0', '0');
INSERT IGNORE INTO `walker_routes` VALUES ('38', '35928', '19', null, '158989', '-77130', '-3720', '0', '0');
INSERT IGNORE INTO `walker_routes` VALUES ('38', '35928', '20', null, '158917', '-78117', '-3760', '0', '0');
INSERT IGNORE INTO `walker_routes` VALUES ('38', '35928', '21', null, '159678', '-77671', '-3584', '0', '0');
INSERT IGNORE INTO `walker_routes` VALUES ('38', '35928', '22', null, '161795', '-75288', '-3088', '0', '0');
INSERT IGNORE INTO `walker_routes` VALUES ('38', '35928', '23', null, '161876', '-73407', '-2984', '3', '0');
INSERT IGNORE INTO `walker_routes` VALUES ('39', '36356', '1', null, '69553', '-91746', '-1488', '3', '0');
INSERT IGNORE INTO `walker_routes` VALUES ('39', '36356', '2', null, '70941', '-89751', '-2256', '0', '0');
INSERT IGNORE INTO `walker_routes` VALUES ('39', '36356', '3', null, '71104', '-89094', '-2368', '0', '0');
INSERT IGNORE INTO `walker_routes` VALUES ('39', '36356', '4', null, '73471', '-91462', '-2024', '3', '0');
INSERT IGNORE INTO `walker_routes` VALUES ('39', '36356', '5', null, '74532', '-92202', '-1776', '0', '0');
INSERT IGNORE INTO `walker_routes` VALUES ('39', '36356', '6', null, '74908', '-93152', '-1536', '6', '0');
INSERT IGNORE INTO `walker_routes` VALUES ('39', '36356', '7', null, '74532', '-92202', '-1776', '0', '0');
INSERT IGNORE INTO `walker_routes` VALUES ('39', '36356', '8', null, '73471', '-91462', '-2024', '3', '0');
INSERT IGNORE INTO `walker_routes` VALUES ('39', '36356', '9', null, '71104', '-89094', '-2368', '0', '0');
INSERT IGNORE INTO `walker_routes` VALUES ('39', '36356', '10', null, '70941', '-89751', '-2256', '0', '0');
INSERT IGNORE INTO `walker_routes` VALUES ('39', '36356', '11', null, '69553', '-91746', '-1488', '3', '0');
INSERT IGNORE INTO `walker_routes` VALUES ('40', '36004', '1', null, '105447', '-139845', '-3120', '3', '0');
INSERT IGNORE INTO `walker_routes` VALUES ('40', '36004', '2', null, '104918', '-140382', '-3256', '0', '0');
INSERT IGNORE INTO `walker_routes` VALUES ('40', '36004', '3', null, '105507', '-142515', '-3648', '0', '0');
INSERT IGNORE INTO `walker_routes` VALUES ('40', '36004', '4', null, '106533', '-143107', '-3656', '0', '0');
INSERT IGNORE INTO `walker_routes` VALUES ('40', '36004', '5', null, '106714', '-143825', '-3656', '0', '0');
INSERT IGNORE INTO `walker_routes` VALUES ('40', '36004', '6', null, '107510', '-144024', '-3656', '0', '0');
INSERT IGNORE INTO `walker_routes` VALUES ('40', '36004', '7', null, '108092', '-144888', '-3656', '3', '0');
INSERT IGNORE INTO `walker_routes` VALUES ('40', '36004', '8', null, '109499', '-145168', '-3664', '0', '0');
INSERT IGNORE INTO `walker_routes` VALUES ('40', '36004', '9', null, '110064', '-146169', '-3456', '0', '0');
INSERT IGNORE INTO `walker_routes` VALUES ('40', '36004', '10', null, '110186', '-147427', '-3096', '0', '0');
INSERT IGNORE INTO `walker_routes` VALUES ('40', '36004', '11', null, '112389', '-147779', '-3256', '6', '0');
INSERT IGNORE INTO `walker_routes` VALUES ('40', '36004', '12', null, '110186', '-147427', '-3096', '0', '0');
INSERT IGNORE INTO `walker_routes` VALUES ('40', '36004', '13', null, '110064', '-146169', '-3456', '0', '0');
INSERT IGNORE INTO `walker_routes` VALUES ('40', '36004', '14', null, '109499', '-145168', '-3664', '0', '0');
INSERT IGNORE INTO `walker_routes` VALUES ('40', '36004', '15', null, '108092', '-144888', '-3656', '3', '0');
INSERT IGNORE INTO `walker_routes` VALUES ('40', '36004', '16', null, '107510', '-144024', '-3656', '0', '0');
INSERT IGNORE INTO `walker_routes` VALUES ('40', '36004', '17', null, '106714', '-143825', '-3656', '0', '0');
INSERT IGNORE INTO `walker_routes` VALUES ('40', '36004', '18', null, '106533', '-143107', '-3656', '0', '0');
INSERT IGNORE INTO `walker_routes` VALUES ('40', '36004', '19', null, '105507', '-142515', '-3648', '0', '0');
INSERT IGNORE INTO `walker_routes` VALUES ('40', '36004', '20', null, '104918', '-140382', '-3256', '0', '0');
INSERT IGNORE INTO `walker_routes` VALUES ('40', '36004', '21', null, '105447', '-139845', '-3120', '3', '0');
INSERT IGNORE INTO `walker_routes` VALUES ('41', '35966', '1', null, '71436', '-58182', '-2904', '3', '0');
INSERT IGNORE INTO `walker_routes` VALUES ('41', '35966', '2', null, '71731', '-56949', '-3080', '0', '0');
INSERT IGNORE INTO `walker_routes` VALUES ('41', '35966', '3', null, '72715', '-56729', '-3104', '0', '0');
INSERT IGNORE INTO `walker_routes` VALUES ('41', '35966', '4', null, '73277', '-56055', '-3104', '3', '0');
INSERT IGNORE INTO `walker_routes` VALUES ('41', '35966', '5', null, '73369', '-55636', '-3104', '0', '0');
INSERT IGNORE INTO `walker_routes` VALUES ('41', '35966', '6', null, '74136', '-54646', '-3104', '0', '0');
INSERT IGNORE INTO `walker_routes` VALUES ('41', '35966', '7', null, '73408', '-54422', '-3104', '0', '0');
INSERT IGNORE INTO `walker_routes` VALUES ('41', '35966', '8', null, '72998', '-53404', '-3136', '0', '0');
INSERT IGNORE INTO `walker_routes` VALUES ('41', '35966', '9', null, '71661', '-52937', '-3104', '0', '0');
INSERT IGNORE INTO `walker_routes` VALUES ('41', '35966', '10', null, '71127', '-52304', '-3104', '0', '0');
INSERT IGNORE INTO `walker_routes` VALUES ('41', '35966', '11', null, '70225', '-52304', '-3064', '0', '0');
INSERT IGNORE INTO `walker_routes` VALUES ('41', '35966', '12', null, '69668', '-52780', '-3064', '0', '0');
INSERT IGNORE INTO `walker_routes` VALUES ('41', '35966', '13', null, '68422', '-52407', '-3240', '0', '0');
INSERT IGNORE INTO `walker_routes` VALUES ('41', '35966', '14', null, '67702', '-52940', '-3208', '0', '0');
INSERT IGNORE INTO `walker_routes` VALUES ('41', '35966', '15', null, '67798', '-52940', '-3232', '0', '0');
INSERT IGNORE INTO `walker_routes` VALUES ('41', '35966', '16', null, '66667', '-55841', '-2840', '6', '0');
INSERT IGNORE INTO `walker_routes` VALUES ('41', '35966', '17', null, '67798', '-52940', '-3232', '0', '0');
INSERT IGNORE INTO `walker_routes` VALUES ('41', '35966', '18', null, '67702', '-52940', '-3208', '0', '0');
INSERT IGNORE INTO `walker_routes` VALUES ('41', '35966', '19', null, '68422', '-52407', '-3240', '0', '0');
INSERT IGNORE INTO `walker_routes` VALUES ('41', '35966', '20', null, '69668', '-52780', '-3064', '0', '0');
INSERT IGNORE INTO `walker_routes` VALUES ('41', '35966', '21', null, '70225', '-52304', '-3064', '0', '0');
INSERT IGNORE INTO `walker_routes` VALUES ('41', '35966', '22', null, '71127', '-52304', '-3104', '0', '0');
INSERT IGNORE INTO `walker_routes` VALUES ('41', '35966', '23', null, '71661', '-52937', '-3104', '0', '0');
INSERT IGNORE INTO `walker_routes` VALUES ('41', '35966', '24', null, '72998', '-53404', '-3136', '0', '0');
INSERT IGNORE INTO `walker_routes` VALUES ('41', '35966', '25', null, '73408', '-54422', '-3104', '0', '0');
INSERT IGNORE INTO `walker_routes` VALUES ('41', '35966', '26', null, '74136', '-54646', '-3104', '0', '0');
INSERT IGNORE INTO `walker_routes` VALUES ('41', '35966', '27', null, '73369', '-55636', '-3104', '0', '0');
INSERT IGNORE INTO `walker_routes` VALUES ('41', '35966', '28', null, '73277', '-56055', '-3104', '3', '0');
INSERT IGNORE INTO `walker_routes` VALUES ('41', '35966', '29', null, '72715', '-56729', '-3104', '0', '0');
INSERT IGNORE INTO `walker_routes` VALUES ('41', '35966', '30', null, '71731', '-56949', '-3080', '0', '0');
INSERT IGNORE INTO `walker_routes` VALUES ('41', '35966', '31', null, '71436', '-58182', '-2904', '3', '0');
INSERT IGNORE INTO `walker_routes` VALUES ('42', '35828', '1', null, '159388', '52392', '-3317', '3', '0');
INSERT IGNORE INTO `walker_routes` VALUES ('42', '35828', '2', null, '158407', '52708', '-3264', '0', '0');
INSERT IGNORE INTO `walker_routes` VALUES ('42', '35828', '3', null, '159588', '52684', '-3328', '0', '0');
INSERT IGNORE INTO `walker_routes` VALUES ('42', '35828', '4', null, '160872', '53771', '-3528', '0', '0');
INSERT IGNORE INTO `walker_routes` VALUES ('42', '35828', '5', null, '162518', '55063', '-3672', '0', '0');
INSERT IGNORE INTO `walker_routes` VALUES ('42', '35828', '6', null, '159388', '52392', '-3317', '0', '0');


/************ 修正武器 ************/
UPDATE `weapon` SET `change_weaponId` = '0' WHERE `item_id` ='11707';
UPDATE `weapon` SET `onCast_skill_chance` = '5' WHERE `item_id` in (5639);
UPDATE `weapon` SET `onCast_skill_chance` = '8' WHERE `item_id` in (8148);
UPDATE `weapon` SET `onCast_skill_chance` = '10' WHERE `item_id` in (4878,7702,7712,7811,8140,8143,10901,10919);
UPDATE `weapon` SET `onCast_skill_chance` = '50' WHERE `item_id` in (7703);
UPDATE `weapon` SET `onCast_skill_id` = '1035' WHERE `item_id` in (7703);
UPDATE `weapon` SET `onCast_skill_id` = '1064' WHERE `item_id` in (5642,6312,8817);
UPDATE `weapon` SET `onCast_skill_id` = '1170' WHERE `item_id` in (5639,6315);
UPDATE `weapon` SET `onCast_skill_id` = '3577' WHERE `item_id` in (4878,7702,7712,7811,8140,8143,10901,10919);
UPDATE `weapon` SET `onCast_skill_lvl` = '1' WHERE `item_id` in (4878,7702,7712,7811,8140,8143,10901,10919);
UPDATE `weapon` SET `onCast_skill_lvl` = '2' WHERE `item_id` in (7703);
UPDATE `weapon` SET `onCast_skill_lvl` = '6' WHERE `item_id` in (7815);
UPDATE `weapon` SET `onCrit_skill_chance` = '0' WHERE `item_id` in (6591,6598);
UPDATE `weapon` SET `onCrit_skill_chance` = '6' WHERE `item_id` in (4781);
UPDATE `weapon` SET `onCrit_skill_chance` = '7' WHERE `item_id` in (4775);
UPDATE `weapon` SET `onCrit_skill_chance` = '9' WHERE `item_id` in (4760,4766);
UPDATE `weapon` SET `onCrit_skill_chance` = '10' WHERE `item_id` in (5604,8125,9254,9287,9321);
UPDATE `weapon` SET `onCrit_skill_chance` = '12' WHERE `item_id` in (4780,4805);
UPDATE `weapon` SET `onCrit_skill_chance` = '14' WHERE `item_id` in (4773,4774,4796,4801);
UPDATE `weapon` SET `onCrit_skill_chance` = '15' WHERE `item_id` in (4861,8104,8105,8128,8811,10956,10964,10972);
UPDATE `weapon` SET `onCrit_skill_chance` = '17' WHERE `item_id` in (4759,4765,4790);
UPDATE `weapon` SET `onCrit_skill_chance` = '18' WHERE `item_id` in (5613);
UPDATE `weapon` SET `onCrit_skill_chance` = '20' WHERE `item_id` in (6308,10690,11065,11087,11099,11123,11168);
UPDATE `weapon` SET `onCrit_skill_chance` = '24' WHERE `item_id` in (8107,9323);
UPDATE `weapon` SET `onCrit_skill_chance` = '25' WHERE `item_id` in (4859);
UPDATE `weapon` SET `onCrit_skill_chance` = '27' WHERE `item_id` in (4856,6604);
UPDATE `weapon` SET `onCrit_skill_chance` = '29' WHERE `item_id` in (4852);
UPDATE `weapon` SET `onCrit_skill_chance` = '31' WHERE `item_id` in (4847,4849);
UPDATE `weapon` SET `onCrit_skill_chance` = '32' WHERE `item_id` in (4843);
UPDATE `weapon` SET `onCrit_skill_chance` = '34' WHERE `item_id` in (4835,4838,4840);
UPDATE `weapon` SET `onCrit_skill_chance` = '41' WHERE `item_id` in (4826);
UPDATE `weapon` SET `onCrit_skill_chance` = '48' WHERE `item_id` in (10450);
UPDATE `weapon` SET `onCrit_skill_chance` = '50' WHERE `item_id` in (4865,4877,4889,4898);
UPDATE `weapon` SET `onCrit_skill_chance` = '100' WHERE `item_id` in (4694,4789,4795,4804,4807,5604,5646,6308,8104,8105,8125,8128,8811,9254,9282,9287,9321,9347);
UPDATE `weapon` SET `onCrit_skill_id` = '0' WHERE `item_id` in (6591,6598);
UPDATE `weapon` SET `onCrit_skill_id` = '1160' WHERE `item_id` in (6595,7578,9675);
UPDATE `weapon` SET `onCrit_skill_id` = '3022' WHERE `item_id` in (10956,10964,11087,11099);
UPDATE `weapon` SET `onCrit_skill_id` = '3039' WHERE `item_id` in (4804,5604,8128,8811,10690,10972,11065,11123,11168);
UPDATE `weapon` SET `onCrit_skill_lvl` = '0' WHERE `item_id` in (6591,6598);
UPDATE `weapon` SET `onCrit_skill_lvl` = '3' WHERE `item_id` in (4804,8105,8811,9321,10690,10956,10964,10972,11168);
UPDATE `weapon` SET `onCrit_skill_lvl` = '4' WHERE `item_id` in (4694,6308,8104,9254,9282,9287,11123);
UPDATE `weapon` SET `onCrit_skill_lvl` = '5' WHERE `item_id` in (4795);
UPDATE `weapon` SET `onCrit_skill_lvl` = '6' WHERE `item_id` in (5646,8128,9347,11065,11087,11099);
UPDATE `weapon` SET `skill` = '0-0;' WHERE `item_id` in (8143);
UPDATE `weapon` SET `skill` = '3013-3;' WHERE `item_id` in (11241);
UPDATE `weapon` SET `skill` = '3019-5;' WHERE `item_id` in (4787);
UPDATE `weapon` SET `skill` = '3063-1;' WHERE `item_id` in (10681);
UPDATE `weapon` SET `skill` = '3260-1;3261-1;3262-1;' WHERE `item_id` in (9140,9141);
UPDATE `weapon` SET `skill` = '3599-1;' WHERE `item_id` in (5628,5634,7720,7721,8804,8805,10683,10684,10970,11073,11131,11179,11180,12886,12887);
